id,name,manufacturer,image_url,score
d8d61a05-7448-46f6-b3ca-a2f454c2d1b5,"406-081 ｱｰﾗｽﾃｨｯｸﾓｼﾞｭｰﾙ S1 100入 ｸﾘｱ（前歯用）","3Mﾕﾆﾃｯｸ","https://m.media-amazon.com/images/I/415KiqGK5xL._AC_SX450_.jpg",58
98293ca1-1777-4ae1-b0e9-2933f02fc149,"406-082 ｱｰﾗｽﾃｨｯｸﾓｼﾞｭｰﾙ S2 100入 ｸﾘｱ (臼歯用)","3Mﾕﾆﾃｯｸ","https://d15ihgh2blymmz.cloudfront.net/uploads/item_image/4550309155711/4550309155711_1.jpg",55
78c5d478-295b-4bab-97ef-08c890291201,"406-084 ｱｰﾗｽﾃｨｯｸﾓｼﾞｭｰﾙ S2 100入 ﾌﾞﾙｰ (臼歯用)","3Mﾕﾆﾃｯｸ","https://www.henryschein.com.hk/cdn/shop/products/3M-406-084_2000x.jpg?v=1665136491",55
891de420-fbc3-4550-b219-6c04cfe9e995,"AED CU-SP1　　5430","BSAｻｸﾗｲ","https://shop.r10s.jp/aed-treha/cabinet/set-1.jpg",55
7ff26366-6881-41e4-ab1d-c89f86daf09e,"BSｻｰﾌｪｽﾐﾗｰ No.4 12ｹ入","BSAｻｸﾗｲ","https://shop.r10s.jp/genki-sokai/cabinet/m_y075000-y079999/s_6400/y076468-000-000.jpg",55
6ad40802-7a8e-4bab-9fc2-a971934601a2,"BSﾌｫﾄﾐﾗｰ F-5E","BSAｻｸﾗｲ","https://shop.pdr.co.jp/g_images/series-10456/series-10456_01.jpg",80
300cee53-ac11-4c7a-bcf7-618d8ae44c69,"BSﾌｫﾄﾐﾗｰ N5A","BSAｻｸﾗｲ","https://shop.pdr.co.jp/g_images/series-10456/series-10456_01.jpg",80
67de5498-f0ac-4fc0-8a56-b4c3c1324dea,"K/E/Pｽｹｰﾗｰα共用HP ﾗｲﾄ付　54711","BSAｻｸﾗｲ","https://shop.r10s.jp/genki-sokai/cabinet/m_y075000-y079999/s_6600/y076792-000-000.jpg",55
6e3c59a9-6e7a-4aef-b7d8-aa8b6a21fa22,"Kﾌｧｲﾙ #25(赤) 6本入　54790","BSAｻｸﾗｲ","https://criticaldental.com.au/wp-content/uploads/2024/10/Mani-K-Files-25mm-10.jpg",55
73294fa7-c441-4f32-b355-b12ff2d23de9,"LED5 OPTEX5専用ﾗｲﾄ　14396","BSAｻｸﾗｲ","https://shop.r10s.jp/yuzawakikaku/cabinet/r_y075600-y077399/y076484-000-000.jpg",55
3a069549-3499-4509-9e93-a4b70434dc35,"LEDﾗｲﾄ付ｽｹｰﾗｰ Pｽｹｰﾗｰ α","BSAｻｸﾗｲ","https://shop.r10s.jp/yuzawakikaku/cabinet/r_y075600-y077399/y076788-000-000.jpg",55
f5b4fb9b-2a64-4a96-a403-8b0187da1795,"OPTEX 5　14395","BSAｻｸﾗｲ","https://d15ihgh2blymmz.cloudfront.net/uploads/item_image/4560230451059/4560230451059_1.jpg",55
fcd3df67-aef9-4ca6-8744-48dcc71b1e19,"Xﾗｲﾄﾌﾟﾗｽ","BSAｻｸﾗｲ","https://livedoor.blogimg.jp/matsutake_blog/imgs/0/7/073aefee.jpg",49
ebe4b2c2-9f81-4f8b-b3e7-086a4b37cf67,"Xﾗｲﾄﾌﾟﾗｽ ﾗｲﾄｶﾞｲﾄﾞ B ｸﾘｱﾚﾝｽﾞｶﾊﾞｰ","BSAｻｸﾗｲ","https://livedoor.blogimg.jp/matsutake_blog/imgs/0/7/073aefee.jpg",49
d7833810-b550-4ba1-8112-2f1aabc174a7,"Xﾗｲﾄﾌﾟﾗｽ ﾗｲﾄｶﾞｲﾄﾞ B ｸﾘｱﾚﾝｽﾞｶﾊﾞｰ","BSAｻｸﾗｲ","https://fordynet.fordy.jp/storage/products/20180306123058_2.jpg",55
65dfd640-effa-4952-8f8f-0f68a120a5fb,"ｱﾙﾐﾅ50 50ﾐｸﾛﾝ 3KG","BSAｻｸﾗｲ","https://d15ihgh2blymmz.cloudfront.net/uploads/item_image/4560230389475/4560230389475_1.jpg",55
2c2d447e-2dfe-4a84-b083-c5ae649428f5,"ｲｰｼﾞｰﾌﾞﾗｼ M ﾌﾞﾙｰ 100本入","BSAｻｸﾗｲ","https://shop.r10s.jp/genki-sokai/cabinet/m_y075000-y079999/s_6600/y076642-000-000.jpg",55
43f81fcb-ca36-4d1c-98f2-5c63092d6543,"ｲﾝﾊﾟﾙｽｼｰﾗｰ SB-205","BSAｻｸﾗｲ","https://shop.r10s.jp/genki-sokai/cabinet/m_y085000-y089999/s_7000/y087024-000-000.jpg",55
01789c97-2a62-407f-8bae-0a08ac6f49b0,"ｲﾝﾊﾟﾙｽｼｰﾗｰ SB-205HC","BSAｻｸﾗｲ","https://auctions.c.yimg.jp/images.auctions.yahoo.co.jp/image/dr000/auc0504/users/6ff3c5bb87aefc0db052db84e92311131077be7a/i-img1158x1198-1713590198s60who85799.jpg",54
ef9afec1-2c70-4c8c-ae09-b58c742a9a4c,"ｲﾝﾊﾟﾙｽｼｰﾗｰ上用 ﾃﾌﾛﾝｼｰﾄ 205用 5枚　44531","BSAｻｸﾗｲ","https://auctions.c.yimg.jp/images.auctions.yahoo.co.jp/image/dr000/auc0511/users/88a44d1096f5f5ad76b9f1587cf69f8e2be78b38/i-img604x616-17306495619lbusc7.jpg",55
37249847-6eac-4f4e-9e81-41dcb05c296d,"ｲﾝﾊﾟﾙｽｼｰﾗｰ熱線 3本SB-205用 44511","BSAｻｸﾗｲ","https://auctions.c.yimg.jp/images.auctions.yahoo.co.jp/image/dr000/auc0504/users/6ff3c5bb87aefc0db052db84e92311131077be7a/i-img1158x1198-1713590198s60who85799.jpg",54
a209d703-0cbe-4147-8e71-158e2d73671c,"ｲﾝﾊﾟﾙｽｼｰﾗｰ補修ｾｯﾄ 205用　44551","BSAｻｸﾗｲ","https://auctions.afimg.jp/c812232619/ya/image/c812232619.1.jpg",52
5119ca05-68b7-4b04-adbf-667e13b8cded,"ｳｯﾄﾞﾍﾟｯｸｽⅢ","BSAｻｸﾗｲ","https://46-cds.toukai-shikasho.jp/archives/002/202211/2162adb0eedfb7c173e3d30b821cf40e29cdf8e38d6cf56524d6b93454f3e753.jpg",55
eed0a331-ac1e-4d91-8c65-71725d1d9566,"ｳｯﾄﾞﾍﾟｯｸｽⅢ　セット品","BSAｻｸﾗｲ","https://46-cds.toukai-shikasho.jp/archives/002/202211/2162adb0eedfb7c173e3d30b821cf40e29cdf8e38d6cf56524d6b93454f3e753.jpg",55
69f028d4-163c-493e-88c5-cb84131e37ff,"ｳｯﾄﾞﾍﾟｯｸｽⅢ ﾘｯﾌﾟﾌｯｸ #44333","BSAｻｸﾗｲ","https://d15ihgh2blymmz.cloudfront.net/uploads/item_image/4560230451059/4560230451059_1.jpg",55
2d589b9e-def2-4459-b57e-2dac54f0ec69,"ｴﾝﾄﾞｽﾏｰﾄﾌﾟﾗｽ 根管拡大ﾓｰﾀｰ","BSAｻｸﾗｲ","https://fordynet.fordy.jp/storage/products/20200428100602.jpg",55
9a292ae6-e7dc-4047-bdfd-949f29e14daf,"ｴﾝﾄﾞｽﾏｰﾄﾌﾟﾗｽ 根管拡大ﾓｰﾀｰ　セット品","BSAｻｸﾗｲ","https://fordynet.fordy.jp/storage/products/20200428100602.jpg",55
16b2a8ca-4268-4706-b9cd-ebeab88fa270,"ｶﾞﾗｽﾋﾞｰｽﾞ ﾉｰﾏﾙﾀｲﾌﾟ 50ﾐｸﾛﾝ 3KG","BSAｻｸﾗｲ","https://d1wdpa3etmuwz6.cloudfront.net/media/catalog/product/cache/1/image/9df78eab33525d08d6e5fb8d27136e95/b/s/bsa-glassbeads.jpg",55
b3874938-2a8a-4ba6-9b63-6329afb45fd7,"ｶﾗﾌﾗﾜｰ 100枚入 ﾎﾜｲﾄ","BSAｻｸﾗｲ","https://d15ihgh2blymmz.cloudfront.net/uploads/item_image/4560230451059/4560230451059_1.jpg",55
47bb949d-f918-480a-97ae-feef6f047f28,"ｼﾞｪｯﾄｸﾘｰﾅｰⅡ　44900","BSAｻｸﾗｲ","https://img.aucfree.com/c752806067.1.jpg",55
94aeb1f2-402b-432d-9a19-27fed135b1be,"ｽｹｰﾗｰ給水ﾎﾟﾝﾌﾟ ｳｫｰﾀｰﾗｲﾝAT-1","BSAｻｸﾗｲ","https://www.dentalshop.jp/images/upload/Image/G1816793202.jpg",54
b90b3352-4917-42b1-a7e3-b7dd3f0cd32a,"ｽﾃﾗｽﾘｰﾌﾞE.O 1箱(15個入)","BSAｻｸﾗｲ","https://shop.r10s.jp/genki-sokai/cabinet/m_y085000-y089999/s_6800/y086983-000-000.jpg",55
7cabb674-a930-4a08-82d0-4342816dbdb1,"ｽﾃﾝﾚｽｶｾｯﾄ 7本用 1個","BSAｻｸﾗｲ","https://d15ihgh2blymmz.cloudfront.net/uploads/item_image/4560230451059/4560230451059_1.jpg",55
628be19f-2e22-4b02-828e-cc1aa3170cd8,"ｽﾋﾟｰﾃﾞｨﾜﾝEX技工用ｴﾝｼﾞﾝ　44321","BSAｻｸﾗｲ","https://46-cds.toukai-shikasho.jp/archives/002/202211/2162adb0eedfb7c173e3d30b821cf40e29cdf8e38d6cf56524d6b93454f3e753.jpg",55
5c0c9970-78d7-4ed0-ac0d-68fa731424ff,"すみっコぐらし 吸盤つき歯ﾌﾞﾗｼ 1箱12本入","BSAｻｸﾗｲ","https://www.u-company.co.jp/images/license_sample/sumikko_1.jpg",55
9049efeb-6a8d-45c0-ad19-1bf2ed8d60d1,"ﾃﾞｨｽﾎﾟﾝ ﾐﾗｰ 100本","BSAｻｸﾗｲ","https://images-na.ssl-images-amazon.com/images/I/610fCzQw%2BFL._SL1000_.jpg",75
8563cce6-a551-446b-a3bc-e75e0833fa9b,"ﾃﾞｨｽﾎﾟﾝ ﾐﾗｰ 10本入","BSAｻｸﾗｲ","https://cdn.askul.co.jp/img/product/3L1/2047973_3L1.jpg",55
16192487-9407-4d31-873b-b80c10d157b4,"ﾃﾞｭﾗｲﾅｰﾁｭｰｲｰ ﾐｯｸｽ 2入×10","BSAｻｸﾗｲ","https://image.rakuten.co.jp/kurasio-en/cabinet/gazo001/compass1671115456.jpg",55
65bfb4a7-78a3-4b00-aa73-53865793a9c3,"ﾃﾞｭﾗｲﾅｰﾁｭｰｲｰ ﾐﾝﾄ 2入×10","BSAｻｸﾗｲ","https://image.rakuten.co.jp/kurasio-en/cabinet/gazo4/aligner-3.jpg",55
7c857e09-4998-4702-8ce0-6b3ccb0755a8,"ﾃﾞﾝﾄ ﾋﾞﾌﾞ ﾀﾞﾌﾞﾙ　500枚　ﾌﾞﾙｰ　8941","BSAｻｸﾗｲ","https://d15ihgh2blymmz.cloudfront.net/uploads/item_image/4560230451059/4560230451059_1.jpg",55
4e60c567-c835-4c01-bc15-0cafc7fe86f1,"ﾄﾞｸﾀｰｼﾘｺﾝ ﾊﾞｲﾄ  50ml×2","BSAｻｸﾗｲ","https://cdndental.feed.jp/contents/common/img/goods/item/7870000/7870000_L.jpg",55
fe85844e-3059-46f0-ac9c-054092e4943d,"ﾊﾞｲﾌﾞﾚｰﾀｰB4","BSAｻｸﾗｲ","https://auctions.c.yimg.jp/images.auctions.yahoo.co.jp/image/dr000/auc0103/user/3c0a11e2769712b2f1a480c7531dce38c60bce9ddcab90324c6418d51a2ea75e/i-img900x1200-17416102354984zogtg733234.jpg",50
5b211ea4-3a6f-4386-aa11-c90f62c99dd6,"ﾊﾞｼ ｶﾞﾀﾊﾟｰﾁｬﾎﾟｲﾝﾄ ＃25/03　60本入　55351","BSAｻｸﾗｲ","https://www.gc.dental/japan/sites/japan.gc.dental/files/styles/related_products/public/japan-migration/UQAVXW1WHbzV.jpg.webp?itok=ttd7-LyX",101
3d4477df-b443-4181-b441-77ce9c2f900f,"ﾊﾞｼ ｶﾞﾀﾊﾟｰﾁｬﾎﾟｲﾝﾄ ＃25/05 60本入　55355","BSAｻｸﾗｲ","https://www.gc.dental/japan/sites/japan.gc.dental/files/styles/related_products/public/japan-migration/UQAVXW1WHbzV.jpg.webp?itok=ttd7-LyX",101
fa4eb38e-6131-40e0-96a7-7b45d9d7dbed,"ﾊﾞｼ ｶﾞﾀﾊﾟｰﾁｬﾎﾟｲﾝﾄ ＃30/03　60本入　55352","BSAｻｸﾗｲ","https://www.gc.dental/japan/sites/japan.gc.dental/files/styles/related_products/public/japan-migration/UQAVXW1WHbzV.jpg.webp?itok=ttd7-LyX",101
5d313ffb-d06b-4134-a603-2d2793848af2,"ﾊﾞｼ ｶﾞﾀﾊﾟｰﾁｬﾎﾟｲﾝﾄ ＃30/05　60本入　55356","BSAｻｸﾗｲ","https://www.gc.dental/japan/sites/japan.gc.dental/files/styles/related_products/public/japan-migration/UQAVXW1WHbzV.jpg.webp?itok=ttd7-LyX",101
8de6b9a1-f637-4655-a1b7-399e4cb1ab1d,"ﾊﾞｼ ｶﾞﾀﾊﾟｰﾁｬﾎﾟｲﾝﾄ ＃35/03　60本入　55353","BSAｻｸﾗｲ","https://www.gc.dental/japan/sites/japan.gc.dental/files/styles/related_products/public/japan-migration/UQAVXW1WHbzV.jpg.webp?itok=ttd7-LyX",101
14fe373d-f7bf-4523-a3ed-ac648e46ea1d,"ﾊﾞｼ ｶﾞﾀﾊﾟｰﾁｬﾎﾟｲﾝﾄ ＃35/05　60本入　55357","BSAｻｸﾗｲ","https://www.gc.dental/japan/sites/japan.gc.dental/files/styles/related_products/public/japan-migration/UQAVXW1WHbzV.jpg.webp?itok=ttd7-LyX",101
5a8d07e8-f7da-4f98-8fe1-93616ec464cc,"ﾊﾞｼ ｶﾞﾀﾊﾟｰﾁｬﾎﾟｲﾝﾄ ＃40/03　60本入　55354","BSAｻｸﾗｲ","https://www.gc.dental/japan/sites/japan.gc.dental/files/styles/related_products/public/japan-migration/UQAVXW1WHbzV.jpg.webp?itok=ttd7-LyX",101
98f2cbd6-e5bb-4ec8-b6df-bdf248b0b233,"ﾊﾞｼ ｶﾞﾀﾊﾟｰﾁｬﾎﾟｲﾝﾄ ＃40/05　60本入　55358","BSAｻｸﾗｲ","https://www.gc.dental/japan/sites/japan.gc.dental/files/styles/related_products/public/japan-migration/UQAVXW1WHbzV.jpg.webp?itok=ttd7-LyX",101
d2d00dfa-920d-4f02-ad2d-05d0cf126964,"ﾊﾞｼ ｶﾞﾀﾊﾟｰﾁｬﾎﾟｲﾝﾄ ｱｿｰﾄﾊﾟｯｸ 60本 55360","BSAｻｸﾗｲ","https://www.gc.dental/japan/sites/japan.gc.dental/files/styles/related_products/public/japan-migration/UQAVXW1WHbzV.jpg.webp?itok=ttd7-LyX",101
c345020e-b278-4ce6-b8bc-eb0728847b20,"ﾊﾞｼ ﾌﾙｷｯﾄ 21㎜ｹｰｽのみ","BSAｻｸﾗｲ","https://d15ihgh2blymmz.cloudfront.net/uploads/item_image/4560230451059/4560230451059_1.jpg",55
3535dd75-a6c4-4ff9-9f25-7bf072732af5,"ﾊﾞｼ ﾌﾙｷｯﾄ 25㎜ｹｰｽのみ　55344","BSAｻｸﾗｲ","https://d15ihgh2blymmz.cloudfront.net/uploads/item_image/4560230451059/4560230451059_1.jpg",55
6614aed2-6b8a-4202-9d2d-3b8c87a3d9c9,"ﾊﾞｼ ﾌﾙｷｯﾄ(17本＋ｹｰｽ)21㎜　55341","BSAｻｸﾗｲ","https://d15ihgh2blymmz.cloudfront.net/uploads/item_image/4560230451059/4560230451059_1.jpg",55
ce6b176e-b4bf-4486-aaf1-b065f9e8680a,"ﾊﾞｼ ﾌﾙｷｯﾄ(17本＋ｹｰｽ)21㎜　55341　セット品","BSAｻｸﾗｲ","https://d15ihgh2blymmz.cloudfront.net/uploads/item_image/4560230451059/4560230451059_1.jpg",55
f4c57935-a160-4b2a-9e34-acdccaf93e3f,"ﾊﾞｼ ﾌﾙｷｯﾄ(17本＋ｹｰｽ)25㎜ 55342","BSAｻｸﾗｲ","https://cdndental.feed.jp/contents/common/img/goods/item/7873155/7873155_L.jpg",55
aa11d328-adb3-4d77-b578-9e25c97a3b73,"ﾊﾞｼ ﾌﾙｷｯﾄ(17本＋ｹｰｽ)25㎜ 55342　セット品","BSAｻｸﾗｲ","https://cdndental.feed.jp/contents/common/img/goods/item/7873155/7873155_L.jpg",55
a59aa87b-7bfb-47af-9364-a293d59ea133,"ﾊﾞｼｲﾝﾄﾛｷｯﾄ ｴﾝﾄﾞｽﾏｰﾄﾌﾟﾗｽ他5点ｾｯﾄ　0338","BSAｻｸﾗｲ","https://auctions.c.yimg.jp/images.auctions.yahoo.co.jp/image/dr000/auc0506/users/bea9ceda7eb02bd642b2e3ee495468429e004b14/i-img1200x1200-1719109978hr2jnr34519.jpg",55
561e15d1-fda2-494e-94fc-94069ca18416,"ﾊﾞｼﾛｼﾞｯｸ ｸﾞﾗｲﾄﾞﾊﾟｽ ｼﾞｮｰｶｰﾌｧｲﾙ21㎜＃15/03　55309","BSAｻｸﾗｲ","https://cdndental.feed.jp/contents/common/img/goods/item/1023471/1023471_L.jpg",55
a066ddb5-1144-42ed-ae8b-ef77b8d1fef2,"ﾊﾞｼﾛｼﾞｯｸ ｸﾞﾗｲﾄﾞﾊﾟｽ ｼﾞｮｰｶｰﾌｧｲﾙ21㎜＃15/05　55310","BSAｻｸﾗｲ","https://cdndental.feed.jp/contents/common/img/goods/item/1029903/1029903_L.jpg",55
c2b5099e-465b-4fef-a3cd-788ece2e7d56,"ﾊﾞｼﾛｼﾞｯｸ ｸﾞﾗｲﾄﾞﾊﾟｽ ｼﾞｮｰｶｰﾌｧｲﾙ25㎜＃15/03　55311","BSAｻｸﾗｲ","https://cdndental.feed.jp/contents/common/img/goods/item/1029903/1029903_L.jpg",55
04107275-4e30-4f5c-9ff6-fb6479528fde,"ﾊﾞｼﾛｼﾞｯｸ ｸﾞﾗｲﾄﾞﾊﾟｽ ｼﾞｮｰｶｰﾌｧｲﾙ25㎜＃15/05　55312","BSAｻｸﾗｲ","https://cdndental.feed.jp/contents/common/img/goods/item/1023471/1023471_L.jpg",55
e579434d-35b2-4dbb-a3fc-977d5f283677,"ﾊﾞｼﾛｼﾞｯｸ ｸﾞﾗｲﾄﾞﾊﾟｽﾌｧｲﾙ 25mm#40/01　55308","BSAｻｸﾗｲ","https://vet.feed.jp/contents/common/img/goods/item/1029829/1029829_L.jpg",55
e0575d8f-d10a-402b-a010-69d9b16d9cd2,"ﾊﾞｼﾛｼﾞｯｸ ｸﾞﾗｲﾄﾞﾊﾟｽﾌｧｲﾙ21mm#25/01　55301","BSAｻｸﾗｲ","https://cdndental.feed.jp/contents/common/img/goods/item/7873802/7873802_L.jpg",55
1d34352b-c25a-44d4-909c-3d1d256ab7f1,"ﾊﾞｼﾛｼﾞｯｸ ｸﾞﾗｲﾄﾞﾊﾟｽﾌｧｲﾙ21mm#30/01　55302","BSAｻｸﾗｲ","https://cdndental.feed.jp/contents/common/img/goods/item/1023471/1023471_L.jpg",55
8cafb8a8-e86d-4c81-ad6c-9fe5fe94688c,"ﾊﾞｼﾛｼﾞｯｸ ｸﾞﾗｲﾄﾞﾊﾟｽﾌｧｲﾙ21mm#35/01　55303","BSAｻｸﾗｲ","https://cdndental.feed.jp/contents/common/img/goods/item/1029829/1029829_L.jpg",55
1144ddc5-25f2-43f9-8e15-f48c1745ca8c,"ﾊﾞｼﾛｼﾞｯｸ ｸﾞﾗｲﾄﾞﾊﾟｽﾌｧｲﾙ21mm#40/01　55304","BSAｻｸﾗｲ","https://cdndental.feed.jp/contents/common/img/goods/item/1029829/1029829_L.jpg",55
734702ed-e398-41be-abe7-bdbf61f17b40,"ﾊﾞｼﾛｼﾞｯｸ ｸﾞﾗｲﾄﾞﾊﾟｽﾌｧｲﾙ25mm#25/01　55305","BSAｻｸﾗｲ","https://cdndental.feed.jp/contents/common/img/goods/item/1023609/1023609_L.jpg",55
305a4b2d-c925-4a6f-869a-38b4286ec265,"ﾊﾞｼﾛｼﾞｯｸ ｸﾞﾗｲﾄﾞﾊﾟｽﾌｧｲﾙ25mm#30/01　55306","BSAｻｸﾗｲ","https://cdndental.feed.jp/contents/common/img/goods/item/7873802/7873802_L.jpg",55
6cc7d3eb-a8b5-41b9-9cde-622d07dc072c,"ﾊﾞｼﾛｼﾞｯｸ ｸﾞﾗｲﾄﾞﾊﾟｽﾌｧｲﾙ25mm#35/01　55307","BSAｻｸﾗｲ","https://cdndental.feed.jp/contents/common/img/goods/item/1023471/1023471_L.jpg",55
38ea4fbf-3699-45db-a3b4-919f14c3ce32,"ﾊﾞｼﾛｼﾞｯｸ ｼｪｲﾋﾟﾝｸﾞﾌｧｲﾙ 21mm#25/03　55317","BSAｻｸﾗｲ","https://shop.pdr.co.jp/resize/p1x2/g_images/series-11097/series-11097_u_83-4418.jpg",70
8a7ab5e5-8970-4455-adb7-4e92c6c0849e,"ﾊﾞｼﾛｼﾞｯｸ ｼｪｲﾋﾟﾝｸﾞﾌｧｲﾙ 21mm#25/05　55325","BSAｻｸﾗｲ","https://vet.feed.jp/contents/common/img/goods/item/1028221/1028221_L.jpg",55
6f498bc6-3306-4530-820d-528edc7eefe3,"ﾊﾞｼﾛｼﾞｯｸ ｼｪｲﾋﾟﾝｸﾞﾌｧｲﾙ 21mm#30/03　55318","BSAｻｸﾗｲ","https://shop.pdr.co.jp/resize/p1x2/g_images/series-11097/series-11097_u_83-4418.jpg",70
6c7edb30-b9ad-4bac-97ec-7797a84b5a8c,"ﾊﾞｼﾛｼﾞｯｸ ｼｪｲﾋﾟﾝｸﾞﾌｧｲﾙ 21mm#30/05　55326","BSAｻｸﾗｲ","https://vet.feed.jp/contents/common/img/goods/item/1028021/1028021_L.jpg",55
e2e47a73-e282-4898-9666-ba4ad3ccbd1f,"ﾊﾞｼﾛｼﾞｯｸ ｼｪｲﾋﾟﾝｸﾞﾌｧｲﾙ 21mm#35/03　55319","BSAｻｸﾗｲ","https://cdndental.feed.jp/contents/common/img/goods/item/1029403/1029403_L.jpg",55
e4baa6e9-7345-402e-a0f9-e67da983c747,"ﾊﾞｼﾛｼﾞｯｸ ｼｪｲﾋﾟﾝｸﾞﾌｧｲﾙ 21mm#35/05　55327","BSAｻｸﾗｲ","https://cdndental.feed.jp/contents/common/img/goods/item/1029403/1029403_L.jpg",55
7f3e02ab-156f-4d46-8767-76fa88bd4812,"ﾊﾞｼﾛｼﾞｯｸ ｼｪｲﾋﾟﾝｸﾞﾌｧｲﾙ 21mm#40/03　55320","BSAｻｸﾗｲ","https://shop.pdr.co.jp/resize/p1x2/g_images/series-11097/series-11097_u_83-4418.jpg",70
07091466-0a38-426a-be78-3ad427f9d213,"ﾊﾞｼﾛｼﾞｯｸ ｼｪｲﾋﾟﾝｸﾞﾌｧｲﾙ 21mm#40/05　55328","BSAｻｸﾗｲ","https://shop.pdr.co.jp/resize/p1x2/g_images/series-11097/series-11097_u_83-4418.jpg",70
a4417600-b7e2-4e72-8d04-f120761d2ebc,"ﾊﾞｼﾛｼﾞｯｸ ｼｪｲﾋﾟﾝｸﾞﾌｧｲﾙ 25mm#25/03　55321","BSAｻｸﾗｲ","https://shop.pdr.co.jp/resize/p1x2/g_images/series-11097/series-11097_u_83-4418.jpg",70
8053ad5b-0943-4d7e-8ccf-1c7c24780382,"ﾊﾞｼﾛｼﾞｯｸ ｼｪｲﾋﾟﾝｸﾞﾌｧｲﾙ 25mm#25/05　55329","BSAｻｸﾗｲ","https://vet.feed.jp/contents/common/img/goods/item/1028221/1028221_L.jpg",55
2050fc22-e804-4733-afd1-469ef956265e,"ﾊﾞｼﾛｼﾞｯｸ ｼｪｲﾋﾟﾝｸﾞﾌｧｲﾙ 25mm#30/03　55322","BSAｻｸﾗｲ","https://vet.feed.jp/contents/common/img/goods/item/1028221/1028221_L.jpg",55
f3c079ea-d353-43ae-9619-d930d10d75cb,"ﾊﾞｼﾛｼﾞｯｸ ｼｪｲﾋﾟﾝｸﾞﾌｧｲﾙ 25mm#30/05　55330","BSAｻｸﾗｲ","https://cdndental.feed.jp/contents/common/img/goods/item/1029403/1029403_L.jpg",55
5b49b91d-1140-46df-9c83-271623efcdf7,"ﾊﾞｼﾛｼﾞｯｸ ｼｪｲﾋﾟﾝｸﾞﾌｧｲﾙ 25mm#35/03　55323","BSAｻｸﾗｲ","https://cdndental.feed.jp/contents/common/img/goods/item/1027517/1027517_L.jpg",55
591a6083-3865-402f-9f9d-391ec32cc545,"ﾊﾞｼﾛｼﾞｯｸ ｼｪｲﾋﾟﾝｸﾞﾌｧｲﾙ 25mm#35/05　55331","BSAｻｸﾗｲ","https://vet.feed.jp/contents/common/img/goods/item/1028221/1028221_L.jpg",55
d32d712d-e5dd-4ac7-b688-af9ec37a381d,"ﾊﾞｼﾛｼﾞｯｸ ｼｪｲﾋﾟﾝｸﾞﾌｧｲﾙ 25mm#40/03　55324","BSAｻｸﾗｲ","https://cdndental.feed.jp/contents/common/img/goods/item/1023162/1023162_L.jpg",55
4fd5b446-6323-49b3-a5f1-781ab1831d10,"ﾊﾞｼﾛｼﾞｯｸ ｼｪｲﾋﾟﾝｸﾞﾌｧｲﾙ 25mm#40/05　55332","BSAｻｸﾗｲ","https://cdndental.feed.jp/contents/common/img/goods/item/1029403/1029403_L.jpg",55
567439e7-d6c0-4110-8ee9-a57b8824ddbe,"ﾊﾞｼﾛｼﾞｯｸ ﾘﾄﾘｰﾄﾒﾝﾄｱｿｰﾄﾊﾟｯｸ 21㎜ 3本入　55334","BSAｻｸﾗｲ","https://d15ihgh2blymmz.cloudfront.net/uploads/item_image/4560230451059/4560230451059_1.jpg",55
46d62ef2-3f5d-41fc-be3d-5213122f7ae3,"ﾊﾞｼﾛｼﾞｯｸ ﾘﾄﾘｰﾄﾒﾝﾄｱｿｰﾄﾊﾟｯｸ 25mm　3本入　55335","BSAｻｸﾗｲ","https://cdndental.feed.jp/contents/common/img/goods/item/7873322/7873322_L.jpg",55
c23d8efc-6191-483e-a15d-7291c68757b6,"ﾊﾞｼﾛｼﾞｯｸ ﾘﾄﾘｰﾄﾒﾝﾄｷｯﾄ 21㎜#20/06　55251","BSAｻｸﾗｲ","https://d15ihgh2blymmz.cloudfront.net/uploads/item_image/4560230451059/4560230451059_1.jpg",55
79875fa2-1146-44fe-a99d-85130167c6e3,"ﾊﾞｼﾛｼﾞｯｸ ﾘﾄﾘｰﾄﾒﾝﾄｷｯﾄ 21㎜#25/08　55252","BSAｻｸﾗｲ","https://d15ihgh2blymmz.cloudfront.net/uploads/item_image/4560230451059/4560230451059_1.jpg",55
70f7d9f2-3f9c-4d2e-aaa8-962d22aba2aa,"ﾊﾞｼﾛｼﾞｯｸ ﾘﾄﾘｰﾄﾒﾝﾄｷｯﾄ 21㎜#25/08　55252","BSAｻｸﾗｲ","https://d15ihgh2blymmz.cloudfront.net/uploads/item_image/4560230451059/4560230451059_1.jpg",55
9e2abefc-2a15-48df-aeb2-bb1c2fe1f9d6,"ﾊﾞｼﾛｼﾞｯｸ ﾘﾄﾘｰﾄﾒﾝﾄｷｯﾄ 21㎜#30/10　55253","BSAｻｸﾗｲ","https://shop.r10s.jp/genki-sokai/cabinet/m_y110000-y114999/s_0000/y110161-000-000.jpg",55
fd67d7ce-e5c4-4c44-9d37-e6466b5ca33f,"ﾊﾞｼﾛｼﾞｯｸ ﾘﾄﾘｰﾄﾒﾝﾄｷｯﾄ 25㎜#20/06　55254","BSAｻｸﾗｲ","https://cdndental.feed.jp/contents/common/img/goods/item/7873322/7873322_L.jpg",55
05d66a5e-baf9-41e7-a740-d7bad045e837,"ﾊﾞｼﾛｼﾞｯｸ ﾘﾄﾘｰﾄﾒﾝﾄｷｯﾄ 25㎜#25/08　55255","BSAｻｸﾗｲ","https://cdndental.feed.jp/contents/common/img/goods/item/7873322/7873322_L.jpg",55
464195ea-131a-444b-a421-c42d20f69016,"ﾊﾞｼﾛｼﾞｯｸ ﾘﾄﾘｰﾄﾒﾝﾄｷｯﾄ 25㎜#30/10　55256","BSAｻｸﾗｲ","https://cdndental.feed.jp/contents/common/img/goods/item/7873322/7873322_L.jpg",55
a9c61867-2678-4898-b11e-358071bd42f6,"ﾊﾞｼﾛｼﾞｯｸ ﾘﾄﾘｰﾄﾒﾝﾄｷｯﾄ　ﾃｰﾊﾟｰ 25mm　3本入　55335","BSAｻｸﾗｲ","https://cdndental.feed.jp/contents/common/img/goods/item/7873322/7873322_L.jpg",55
f0e58abc-627f-4bdb-9563-a3f35e219e15,"ﾋﾟｴｿﾞﾁｯﾌﾟ Eｽｹｰﾗｰ ﾌｧｲﾙ用ﾎﾙﾀﾞｰ EW1","BSAｻｸﾗｲ","https://shop.pdr.co.jp/g_images/series-10329/series-10329_01.jpg",80
3fd0362c-1bfa-45ec-97c5-a1ca25a476be,"ﾋﾟｴｿﾞﾁｯﾌﾟ ｴﾝﾄﾞ EW11D 1本","BSAｻｸﾗｲ","https://cdndental.feed.jp/contents/common/img/goods/item/1085006/1085006_L.jpg",55
425b9a12-ff46-4a73-b4ad-907c651e0ba5,"ﾋﾟｴｿﾞﾁｯﾌﾟ ｽｹｰﾘﾝｸﾞ GW1 1本　54641","BSAｻｸﾗｲ","https://cdndental.feed.jp/contents/common/img/goods/item/1081776/1081776_L.jpg",55
b9f3a4b1-e144-4d40-b005-08c5d44a15bd,"ﾋﾟｴｿﾞﾁｯﾌﾟ ｽｹｰﾘﾝｸﾞ GW2 1本　54642","BSAｻｸﾗｲ","https://cdndental.feed.jp/contents/common/img/goods/item/1081776/1081776_L.jpg",55
5968a60e-5c1f-4745-b544-f61b32795fd7,"ﾋﾟｴｿﾞﾁｯﾌﾟ ｽｹｰﾘﾝｸﾞ GW4 1本","BSAｻｸﾗｲ","https://cdndental.feed.jp/contents/common/img/goods/product/22PF0006A5/22PF0006A5_L.jpg",55
bc5e106c-95bb-42c2-b445-bff814ad654d,"ﾋﾟｴｿﾞﾁｯﾌﾟ ﾍﾟﾘｵ P1 1本","BSAｻｸﾗｲ","https://cdndental.feed.jp/contents/common/img/goods/item/1081660/1081660_L.jpg",55
5019102f-9151-4fb2-b299-a49d97c3eba0,"ﾋﾟｴｿﾞﾁｯﾌﾟ ﾍﾟﾘｵ P3 1本 54649","BSAｻｸﾗｲ","https://cdndental.feed.jp/contents/common/img/goods/item/1081660/1081660_L.jpg",55
00bbff61-3f20-41e6-9ff1-c0fde722bb04,"ﾌｧｲﾙﾁｪｯｶｰ ｱｿｰﾄ (100枚入)　55427","BSAｻｸﾗｲ","https://shop.pdr.co.jp/g_images/series-10927/series-10927_01.jpg",80
1c657062-b06b-48a6-b8bf-9685343b4db2,"ﾌｧｲﾙﾁｪｯｶｰ ｲｴﾛｰ (100枚入)","BSAｻｸﾗｲ","https://d15ihgh2blymmz.cloudfront.net/uploads/item_image/4560230451059/4560230451059_1.jpg",55
682b73d5-b393-44ef-828d-b4416157d32c,"ﾌｧｲﾙﾁｪｯｶｰ ｲｴﾛｰ (100枚入)　55422","BSAｻｸﾗｲ","https://d15ihgh2blymmz.cloudfront.net/uploads/item_image/4560230451059/4560230451059_1.jpg",55
623480b2-9135-412b-b948-ec102bf6c7f9,"ﾌｧｲﾙﾁｪｯｶｰ ｸﾞﾘｰﾝ (100枚入)","BSAｻｸﾗｲ","https://d15ihgh2blymmz.cloudfront.net/uploads/item_image/4560230451059/4560230451059_1.jpg",55
affd4d81-c43d-4d51-87e4-490f48f43576,"ﾌｧｲﾙﾁｪｯｶｰ ｸﾞﾘｰﾝ (100枚入)　55425","BSAｻｸﾗｲ","https://d15ihgh2blymmz.cloudfront.net/uploads/item_image/4560230451059/4560230451059_1.jpg",55
b9116475-b709-4f94-a0d6-31423d1ff885,"ﾌｧｲﾙﾁｪｯｶｰ ﾌﾞﾗｯｸ (100枚入)","BSAｻｸﾗｲ","https://d15ihgh2blymmz.cloudfront.net/uploads/item_image/4560230451059/4560230451059_1.jpg",55
d89fc4e7-f19e-45fc-a032-0086a92d7a5d,"ﾌｧｲﾙﾁｪｯｶｰ ﾌﾞﾙｰ (100枚入)","BSAｻｸﾗｲ","https://image.rakuten.co.jp/godhand/cabinet/bsa/bsa-pico-15b-sum1-1.jpg",55
dda125bf-e8e5-476c-a5b3-ee28b1111d25,"ﾌｧｲﾙﾁｪｯｶｰ ﾌﾞﾙｰ (100枚入)　55424","BSAｻｸﾗｲ","https://d15ihgh2blymmz.cloudfront.net/uploads/item_image/4560230451059/4560230451059_1.jpg",55
1ba10821-2755-43ef-ba03-17e0e7f36b5a,"ﾌｧｲﾙﾁｪｯｶｰ ﾎﾜｲﾄ (100枚入)","BSAｻｸﾗｲ","https://makeshop-multi-images.akamaized.net/godhandtool/shopimages/46/42/1_000000004246.jpg?1678209902",55
6f36a8c1-4f00-4df2-903b-3b4e92db0e2c,"ﾌｧｲﾙﾁｪｯｶｰ ﾚｯﾄﾞ (100枚入)","BSAｻｸﾗｲ","https://image.rakuten.co.jp/godhand/cabinet/bsa/bsa-pico-15b-sum1-1.jpg",55
0343fe6f-37fe-46b6-9716-8189ec1f0353,"ﾌｧｲﾙﾁｪｯｶｰ ﾚｯﾄﾞ (100枚入)　55423","BSAｻｸﾗｲ","https://d15ihgh2blymmz.cloudfront.net/uploads/item_image/4560230451059/4560230451059_1.jpg",55
e3cf64d6-6d81-4cc2-bd50-c1784da4c18b,"ﾌｧｲﾙ用ﾎﾙﾀﾞｰ ﾋﾟｴｿﾞﾁｯﾌﾟ EW1 1本　54766","BSAｻｸﾗｲ","https://ic4-a.wowma.net/mis/gr/135/genki-sokai.net/html/upload/save_image_y075000-y079999/y076877-000-000.jpg",55
26332e95-ea5a-4b80-9ea7-e1cd9ae24ba4,"ﾌﾟﾛﾃｸﾄX(Xﾗｲﾄ･ﾌﾟﾗｽ用用ﾗｲﾄｶﾞｲﾄﾞｽﾘｰﾌﾞ)　4690","BSAｻｸﾗｲ","https://auctions.c.yimg.jp/images.auctions.yahoo.co.jp/image/dr000/auc0110/user/9fe237f817f173c8fb2a8618e8a483f5a208e3b604e483914d961b66471dc1bd/i-img917x1200-17599780150155bcvwb4399551.jpg",50
ba895763-cba5-40e4-990b-ced1f2dd1ae8,"ﾐｷｼﾝ ｲｴﾛｰ SS 50本入","BSAｻｸﾗｲ","https://shop.r10s.jp/yuzawakikaku/cabinet/r_y075600-y077399/y076668-000-000.jpg",55
38bd273d-639d-4644-8ac4-c3067ef38102,"ﾐｷｼﾝ ｸﾞﾘｰﾝ L 50本入","BSAｻｸﾗｲ","http://genki-sokai.net/html/upload/save_image_y075000-y079999/y076666-000-000.jpg",55
f7aa9fa5-4cce-460c-a396-ef2ea40d0dc4,"ﾐｷｼﾝ ﾋﾟﾝｸ S 50本入","BSAｻｸﾗｲ","https://cdn.shopify.com/s/files/1/0508/9706/0033/products/04010933_551b3ccbdd16d_grande.jpg?v=1605254182",55
6490909c-0887-40b8-8573-148aefd17bdb,"ﾐｷｼﾝ用 ｵｰﾗﾙﾁｯﾌﾟ S 50本　490112","BSAｻｸﾗｲ","https://shop.pdr.co.jp/g_images/series-336/series-336_01.jpg",80
4a468417-ccc5-40e3-9db3-b662a5d8cc79,"ﾒﾃﾞｨｶｰﾄ BS-35","BSAｻｸﾗｲ","https://shop.r10s.jp/genki-sokai/cabinet/m_y105000-y109999/s_8800/y108934-000-000.jpg",55
6559f0bf-2b12-42a8-9889-b56391f14282,"ﾒﾃﾞｨｶｰﾄ BS-45　54718","BSAｻｸﾗｲ","https://shop.r10s.jp/yuzawakikaku/cabinet/r_y108000-y109799/y108938-000-000.jpg",55
503ec7e8-0a4f-4fa1-871a-a37bbc11ec7a,"ﾒﾃﾞｨｶｰﾄ BS-45 ｽﾃﾝﾚｽ天板付","BSAｻｸﾗｲ","https://shop.r10s.jp/genki-sokai/cabinet/m_y105000-y109999/s_8800/y108939-000-000.jpg",55
9bba0678-9660-4595-b418-efbf6f122a26,"ﾒﾃﾞｨｸﾘｯﾌﾟ ｺｲﾙﾀｲﾌﾟ ｸﾘｱ 5本入","BSAｻｸﾗｲ","https://m.media-amazon.com/images/I/61XHsHN3uPL._AC_SL1000_.jpg",66
e41ef581-87b1-4ee2-9a39-e16e49c2a40b,"ﾒﾃﾞｨｸﾘｯﾌﾟ ｺｲﾙﾀｲﾌﾟ ｸﾘｱ 5本入　4631","BSAｻｸﾗｲ","https://m.media-amazon.com/images/I/61XHsHN3uPL._AC_SX425_.jpg",56
3b23b461-ef03-4a8a-b936-95cd79d2e49b,"りらっくま ｷｼﾘﾄｰﾙﾁｮｺ　80個入","BSAｻｸﾗｲ","https://m.media-amazon.com/images/I/71RHh2JdUeL._AC_SS390_.jpg",65
dd4bae80-f917-4ea5-a244-93e52ed6a55c,"MSｽﾁｰﾙﾊﾞｰHP ﾌｨｯｼｬｰ012 6入 701","D+Z","https://d15ihgh2blymmz.cloudfront.net/uploads/item_image/4560222479702/4560222479702_1.jpg",55
ed0e2198-4689-4fa5-b6dd-714435f52c00,"MSｽﾁｰﾙﾊﾞｰHP ﾌｨｯｼｬｰ016 6入 702","D+Z","https://d15ihgh2blymmz.cloudfront.net/uploads/item_image/4560222479719/4560222479719_1.jpg",55
a24a2798-4be4-4ab8-b90b-e5bcb2a861a9,"MSｽﾁｰﾙﾊﾞｰHP ﾌｨｯｼｬｰ021 6入 703","D+Z","https://d15ihgh2blymmz.cloudfront.net/uploads/item_image/4560222479719/4560222479719_1.jpg",55
e049e630-4211-401c-939c-1bc0ffe8ba87,"MSｽﾁｰﾙﾊﾞｰHP　ﾗｳﾝﾄﾞ031　6入　11","D+Z","https://d15ihgh2blymmz.cloudfront.net/uploads/item_image/4560222479580/4560222479580_1.jpg",55
15b5ff9c-b0ef-49aa-b60b-72a80715be97,"DHｽﾀｲﾙ 年間購読　2025年　冬号","DDｼｬ","https://auctions.c.yimg.jp/images.auctions.yahoo.co.jp/image/dr000/auc0401/users/b95b2084219f0690a586c44bb1393a8eabc37c4e/i-img1200x900-1674641089bgsdg9564937.jpg",50
af3265c4-d3c5-44df-97fa-8d47ec599d31,"DHｽﾀｲﾙ 年間購読　2025年　夏号","DDｼｬ","https://mw-cds.akamaized.net/MW-Product/914/531/806dd63aeac4bf232c270998c75a1910ab196edab3f8b39432e7fb6d3652c41d/RS4A/thumbnail/cover_l.jpg",51
9229c7b4-99d7-4c53-be0a-9c73196077e5,"DHｽﾀｲﾙ 年間購読　2025年　春号","DDｼｬ","https://cdn.andgirl.jp/images/16/46/58/60/png/5nmmn7h0pfyxpxl5897gzgjqwdao01.webp",51
9f3ca740-0534-497e-869f-2c06d9e96358,"DHｽﾀｲﾙ 年間購読　2025年　秋号","DDｼｬ","https://m.media-amazon.com/images/I/81TdbJS8nZL._SL1500_.jpg",69
5c52d992-423a-48d8-9ac5-481e81d7b38f,"ｶｰﾊﾞｲﾄｶｯﾀｰ ｴｸｽﾄﾗｺｰｽ 509101-φ70　30012","DFS","https://d15ihgh2blymmz.cloudfront.net/uploads/item_image/4562324631224/4562324631224_1.jpg",55
c8184a9e-09be-4c0f-8093-76d1a0b512a7,"ｲｰｼﾞｰｸﾘｰﾝ FV-083　206270215","EMS","https://thumbnail.image.rakuten.co.jp/@0_mall/charaya/cabinet/a/ems/ea_f_01.jpg",90
40a46808-4b9d-42b9-b2e7-7a5c8f53c718,"ｴｱﾌﾛｰﾊﾝﾃﾞｨ3.0　ﾖｼﾀﾞ　206270027","EMS","https://inoueshika-gakugeidai.jp/wp/wp-content/uploads/2025/10/20251001_inoue.jpg",55
9fdc3a31-d14a-4dba-a0c6-65a305cf40ec,"ﾊﾝﾃﾞｨﾊﾟｳﾀﾞｰ PMTC 120g","EMS","https://d15ihgh2blymmz.cloudfront.net/uploads/item_image/4560266549126/4560266549126_1.jpg",55
f7cd0f10-a878-4d27-983c-acce8cc57e6d,"ﾊﾝﾃﾞｨﾊﾟｳﾀﾞｰ ﾐﾝﾄ 200g","EMS","https://d15ihgh2blymmz.cloudfront.net/uploads/item_image/4560266549133/4560266549133_1.jpg",55
acbaeeca-6b6d-4ea8-b918-a00ed4b92340,"ﾋﾟｰｸｴﾝﾄﾞﾁｯﾌﾟ ＃20／.03 20mm／SN 42131","EMS","https://d15ihgh2blymmz.cloudfront.net/uploads/item_image/4589898181887/4589898181887_1.jpg",55
9d9f669e-9f36-4894-a9de-6900d3d54332,"ﾀﾞｲｱﾎﾟﾙ 7181-W11Dmf / ﾋﾟﾝｸ 10本","EVE","https://shop.pdr.co.jp/g_images/series-11928/series-11928_03.jpg",80
6bae891b-4380-49fc-93be-bb501643adac,"ﾀﾞｲﾔﾎﾟﾙ 7081-W11DG/ ｱｵ 10本入","EVE","https://d15ihgh2blymmz.cloudfront.net/uploads/item_image/4589898116889/4589898116889_1.jpg",55
e0560319-c192-46cd-8d9e-bd42d269e86a,"ﾀﾞｲﾔﾎﾟﾙ 7181-W11D / ｼﾛ 10本入 3160418","EVE","http://www.sundental.jp/cms/wp-content/uploads/2019/04/img_eve_diapol_dl.jpg",66
4845c225-42e3-4049-93e5-696f193ba080,"ﾀﾞｲﾔﾎﾟﾙ 7281-W11D / ｼﾛ 10本入 3160418","EVE","http://www.sundental.jp/cms/wp-content/uploads/2019/04/img_eve_diapol_dl.jpg",66
ed438e5e-0266-4c40-b1ec-9811ce2c5d7a,"ﾃﾞﾝﾃｨｽﾀｰ 専用ｵｲﾙ ｻﾗｻﾗｵｲﾙ","Eﾃｯｸ","https://d15ihgh2blymmz.cloudfront.net/uploads/item_image/4571255060034/4571255060034_1.jpg",55
4262372f-a158-4811-a140-70ec2e4de804,"SMD(ｾｰﾌﾃｨｰﾒﾓﾃﾞｨｽｸ)補充用 100枚","FKG","https://www.gc.dental/japan/nex/img5/nitifile/item03.png",96
4da9dd29-b4c8-4a8f-af30-050e18371d88,"XPｴﾝﾄﾞｼｪｰﾊﾞｰ #30 21mm 3本入","FKG","http://medsta.store/cdn/shop/files/fkg_xp_endo_shaper.jpg?crop=center&height=1200&v=1758118655&width=1200",70
1cbaa2c0-b37e-4fb7-b45a-a9276c48d9b0,"XPｴﾝﾄﾞｼｪｰﾊﾞｰ #30 25mm 3本入","FKG","https://ideacdn.net/idea/ia/76/myassets/products/084/fkg-xp-endo-shaper-3-lu.jpg?revision=1725025278",70
72dcb856-80d0-48da-8296-9afa5d0d5abb,"XPｴﾝﾄﾞﾗｲｽﾞ ｸﾞﾗｲﾀﾞｰ #15 21mm 6本入","FKG","https://idental.co.il/wp-content/uploads/2023/11/FKG_XP-endo-Rise-Glider_6PCS_E-shop.png",70
28f12c2c-6db9-4e2d-8763-c3c0e4f54283,"ﾌｨﾆｯｼｬｰ 21㎜ ＃25","FKG","https://denta-tec.com/media/09/6e/29/1745433991/193253_GX235237_BioRaCe_BR2_4_ISO_25_21mm__DM_6St.jpg?ts=1751291268",80
41627584-a079-4b65-9c22-f0dde4e3c728,"ﾌｨﾆｯｼｬｰ 25㎜ ＃25","FKG","http://sdental.mx/cdn/shop/files/LentulosFKG.png?v=1695080827",70
8ee32dcb-79f6-41ca-9ac9-de7508e680eb,"両面咬合ﾌｫｲﾙ22X25赤/黒","GHMﾊﾈﾙ","https://d15ihgh2blymmz.cloudfront.net/uploads/item_image/4580195082488/4580195082488_1.jpg",55
6f69cd22-7075-471f-9ebc-232ed831542f,"ｱﾗｲﾅｰｱｼﾞｬｽﾀｰﾎﾘｿﾞﾝﾀﾙ(ｽﾘﾑ)","JMｵﾙｿ","https://image.rakuten.co.jp/oralcare/cabinet/08483737/10000873.jpg",55
1d17ec6c-9873-4945-b5e4-3394dbcfc55c,"ｳﾙﾄﾗｿﾆｯｸ Q310 Ag ｱｸｾｻﾘｰ付き","L&R","https://auctions.c.yimg.jp/images.auctions.yahoo.co.jp/image/dr000/auc0404/users/cdd78a5fa0ecb9c219932740761c9923563d2948/i-img1200x1200-16810975916xo90r548102.jpg",55
bcd5de8d-f796-4400-ade5-6d06fb238ac6,"LMｴﾙｺﾞｾﾝｽ ｼｬｰﾌﾟﾀﾞｲﾔﾓﾝﾄﾞ #11-12 211-212SD ES","LMｲﾝｽﾂﾙﾒﾝﾄ","https://www.hakusui-trading.co.jp/wp-content/uploads/2020/05/232753_04.jpg",55
38722886-d3da-4d12-a4ca-dd0403d3d78d,"LMｴﾙｺﾞｾﾝｽ ｼｬｰﾌﾟﾀﾞｲﾔﾓﾝﾄﾞ #13-14 213-214SD ES","LMｲﾝｽﾂﾙﾒﾝﾄ","https://www.hakusui-trading.co.jp/wp-content/uploads/2020/05/232753_04.jpg",55
d1e90c79-3e3f-4ebf-9cfc-b0242bc18730,"LMｸﾞﾚｰｼｰｷｭﾚｯﾄ(XSi)11/12","LMｲﾝｽﾂﾙﾒﾝﾄ","https://www.hakusui-trading.co.jp/wp-content/uploads/2020/05/230901-01.jpg",55
3508812d-4c4d-41c7-a2f2-4904d4bda0c7,"LMｸﾞﾚｰｼｰｷｭﾚｯﾄ(XSi)13/14","LMｲﾝｽﾂﾙﾒﾝﾄ","https://www.hakusui-trading.co.jp/wp-content/uploads/2020/05/230901-01.jpg",55
e31be3c7-2651-44f0-85f4-63a545b60187,"LMｸﾞﾚｰｼｰｷｭﾚｯﾄ(XSi)5/6","LMｲﾝｽﾂﾙﾒﾝﾄ","https://www.hakusui-trading.co.jp/wp-content/uploads/2020/05/230901-01.jpg",55
19407c29-a770-48f1-9304-b36ee4bde7d4,"LMｸﾞﾚｰｼｰｷｭﾚｯﾄ(XSi)7/8","LMｲﾝｽﾂﾙﾒﾝﾄ","https://www.hakusui-trading.co.jp/wp-content/uploads/2020/05/LM-%E3%82%B0%E3%83%AC%E3%83%BC%E3%82%B7%E3%83%BC-%E3%83%9E%E3%82%AF%E3%83%AD%E3%82%AD%E3%83%A5%E3%83%AC%E3%83%83%E3%83%88-AF%E3%82%B9%E3%82%BF%E3%83%B3%E3%83%80%E3%83%BC%E3%83%891s.jpg",55
5a3b9e3b-27a4-4eeb-98c0-c370a7309335,"LMｸﾞﾚｰｼｰｷｭﾚｯﾄﾐﾆ(XSi)11/12","LMｲﾝｽﾂﾙﾒﾝﾄ","https://www.hakusui-trading.co.jp/wp-content/uploads/2020/05/23010_02.jpg",55
63ad5358-d65e-4e25-9465-3edaa705e819,"LMｸﾞﾚｰｼｰｷｭﾚｯﾄﾐﾆ(XSi)13/14","LMｲﾝｽﾂﾙﾒﾝﾄ","https://www.hakusui-trading.co.jp/wp-content/uploads/2020/05/230901-01.jpg",55
3996f101-9432-4688-aa92-948950122907,"LMｸﾞﾚｰｼｰｷｭﾚｯﾄﾐﾆ(XSi)7/8","LMｲﾝｽﾂﾙﾒﾝﾄ","https://www.hakusui-trading.co.jp/wp-content/uploads/2020/05/LM%E3%82%B0%E3%83%AC%E3%83%BC%E3%82%B7%E3%83%BC%E3%83%9F%E3%83%8B%E3%82%AD%E3%83%A5%E3%83%AC%E3%83%83%E3%83%881.jpg",55
f3f498b7-5911-4530-a325-c10640901263,"LMｼｬｰﾌﾟﾀﾞｲﾔﾓﾝﾄﾞ ﾏｲｸﾛｼｯｸﾙ 301-302 SD ES","LMｲﾝｽﾂﾙﾒﾝﾄ","https://www.hakusui-trading.co.jp/wp-content/uploads/2023/02/92327776-06.jpg",55
5f41720e-9f2a-4771-bc75-d13c83618db4,"LMﾊｲｼﾞﾆｽﾄｽｹｰﾗｰ(XSi)146/147 H6-H7","LMｲﾝｽﾂﾙﾒﾝﾄ","https://www.hakusui-trading.co.jp/wp-content/uploads/2020/05/LM%E3%83%97%E3%83%A9%E3%82%B9%E3%83%81%E3%83%83%E3%82%AF%E3%82%A4%E3%83%B3%E3%82%B9%E3%83%84%E3%83%AB%E3%83%A1%E3%83%B3%E3%83%881.jpg",55
9f5ac1f0-17e6-4e8c-b98d-87f164f0e323,"NicToneﾗﾊﾞｰﾀﾞﾑﾗﾃｯｸｽ6X6 ｼｯｸ・ｸﾞﾘｰﾝ","MDC","http://fordynet.fordy.jp/storage/products/20200414101855.jpg",55
aebbbb36-cf90-4c6b-99bc-7a6c8e00e964,"NicToneﾗﾊﾞｰﾀﾞﾑﾗﾃｯｸｽ6X6 ｼｯｸ･ﾌﾞﾙｰ","MDC","https://godomall.speedycdn.net/0446b06a4e2f879e0e2ac8ba0ae3e676/goods/1000000118/image/detail/1000000118_detail_05.jpg",55
0e316766-c63b-4077-998b-fbec50fcc7a9,"NicToneﾗﾊﾞｰﾀﾞﾑﾗﾃｯｸｽ6X6S･B","MDC","https://shop.pdr.co.jp/g_images/series-10714/series-10714_04.jpg",80
f27e5012-e7ff-47dd-a3c7-c8b14f87645d,"ﾃﾞﾝﾀﾙﾀﾞﾑ ﾉﾝﾗﾃｯｸｽ","MDC","https://shop.r10s.jp/d-fit/cabinet/itemimg/29333_sam.jpg",55
394e2bce-6202-47df-887f-e6797d27f778,"ﾌﾛｱﾌﾛｽ ｾｲﾋﾞﾝｸﾞ","OCﾌﾞﾂﾘｭｳ","https://www.oralcare.co.jp/manage/wp-content/uploads/2024/11/product_fluorfloss-saving_03.webp",55
c5d0a46f-0125-442d-9377-57c125cfdf40,"ﾘﾃｰﾅｰﾌﾞﾗｲﾄ 36粒","OCﾌﾞﾂﾘｭｳ","https://shop.r10s.jp/kzstore/cabinet/amayahoo/10812595/imgrc0095241613.jpg",70
6449d797-5315-4d4a-9a0d-a45b5aff14fe,"柄付くるﾘｰﾅﾌﾞﾗｼ・ﾐﾆ 12本入","OCﾌﾞﾂﾘｭｳ","https://m.media-amazon.com/images/I/31AxDjlPxJL._AC_.jpg",62
cb7e7406-9320-4f75-8172-c4820e783a5f,"OS08 ｵｰｿｽﾄﾘｯﾌﾟｽ 両面 3ｹ入 8μｍ ｵﾚﾝｼﾞ","OCﾒﾃﾞｨｯｸ","https://d15ihgh2blymmz.cloudfront.net/uploads/item_image/4580532505571/4580532505571_2.jpg",55
bbeec070-f2e5-429e-a453-7c50c4586776,"OS15 ｵｰｿｽﾄﾘｯﾌﾟｽ 両面 3ｹ入 15μｍ 黄","OCﾒﾃﾞｨｯｸ","https://d15ihgh2blymmz.cloudfront.net/uploads/item_image/4580532505571/4580532505571_2.jpg",55
459e9ce6-b30f-40ed-bd88-bd99865d186a,"OS25 ｵｰｿｽﾄﾘｯﾌﾟｽ 両面 3ｹ入 25μｍ 白","OCﾒﾃﾞｨｯｸ","https://premiumplus.jp/wp/wp-content/uploads/2024/11/dpw0302_dpw0311_01-1.jpg",55
37a35b92-b085-493f-8229-02ac726aacef,"OS40 ｵｰｿｽﾄﾘｯﾌﾟｽ 両面 3ｹ入 40μm 赤","OCﾒﾃﾞｨｯｸ","https://premiumplus.jp/wp/wp-content/uploads/2024/11/dpw0302_dpw0311_01-1.jpg",55
beea405b-4746-4164-bff2-dd049cbd770a,"OS60 ｵｰｿｽﾄﾘｯﾌﾟｽ 両面 3ｹ入 60μｍ ﾌﾞﾗｳﾝ","OCﾒﾃﾞｨｯｸ","https://d15ihgh2blymmz.cloudfront.net/uploads/item_image/4580532536742/4580532536742_1.jpg",55
dd133ec3-6d6a-4b2b-8d9e-d9a9f619a104,"ｲﾝﾀｰﾌﾞﾚｲｽ ﾋﾟﾝｸ 1本","OCﾒﾃﾞｨｯｸ","https://m.media-amazon.com/images/I/21qgD59R2AL._SL500_.jpg",75
a76b0900-bdc4-4e1c-afe6-c23335068245,"ｲﾝﾀｰﾌﾞﾚｲｽ ﾌﾞﾗｯｸ 1本","OCﾒﾃﾞｨｯｸ","https://image.rakuten.co.jp/d-fit/cabinet/shohin_setumei2/imgrc0099583016.jpg",55
5dd0cccc-eb0a-4f18-8907-c3a000938bbf,"ｲﾝﾀｰﾌﾞﾚｲｽ ﾌﾞﾙｰ 1本","OCﾒﾃﾞｨｯｸ","https://shopping.line-scdn.net/0hAlUNBE2pHkNoNwvYk8FhFDlqAjIeRkdUFw8EYR9yXicXUlpAVgJTIUhnQCNGU19CAVhUd0VjFScSVVkdAVlUS0w2RHMWUFoWAFBTLExyQHNHD1lAXFE?83o4ufyempvg6",50
43409a25-5cff-496c-8471-84cf2baaeb16,"ｲﾝﾀｰﾌﾞﾚｲｽ ﾗｲﾄｸﾞﾘｰﾝ 1本","OCﾒﾃﾞｨｯｸ","https://shop.r10s.jp/d-fit/cabinet/07123923/imgrc0084232887.jpg",55
114c4815-8ecf-4f32-852f-cfbaf1613824,"ｻｰｼﾞｶﾑ ﾗｲﾄ付HD(3.0×) MicroｵﾃﾞｯｾｲN","OCﾒﾃﾞｨｯｸ","https://fordynet.fordy.jp/storage/products/20230912105748_1.jpg",55
b7c6948c-668e-4b3e-ba57-ceb713148d68,"ｻｰｼﾞﾃﾙ ｵｰｸﾘｰﾚｰﾀﾞｰEVﾌﾞﾗｯｸ(FLM)","OCﾒﾃﾞｨｯｸ","https://www.surgitel.jp/surgitel-ttl/img/detail_image_flm.jpg",51
cf6a18ae-c686-43b5-a3d5-bf4f0114d09f,"ｻｰｼﾞﾃﾙ ｵｰｸﾘｰﾚｰﾀﾞｰEVﾌﾞﾗｯｸ（ｽﾀﾝﾀﾞｰﾄﾞﾚﾝｽﾞ）","OCﾒﾃﾞｨｯｸ","https://www.surgitel.jp/surgitel-ttl/img/detail_image_flm.jpg",51
f8073fd9-a6b4-4afb-80c3-b4b01beb7af9,"ｻｰｼﾞﾃﾙ･ﾙｰﾍﾟ EVK650ﾜｲﾄﾞ","OCﾒﾃﾞｨｯｸ","https://static.mercdn.net/item/detail/orig/photos/m71597971794_1.jpg?1754094473",55
8b4bf4a6-105f-4cb2-a8fe-79fb2862625b,"ｻｰｼﾞﾃﾙｿﾌﾄｹｰｽ ﾌﾞﾗｯｸ(ﾗｲﾄ&ﾙｰﾍﾟ1.0)","OCﾒﾃﾞｨｯｸ","https://auctions.afimg.jp/g1052781233/ya/image/g1052781233.1.jpg",55
91cea053-66fc-4c72-aa46-f62c120e4272,"ﾃﾞﾝﾀﾙﾌﾞﾛｯｸ L 1個入","OCﾒﾃﾞｨｯｸ","https://m.media-amazon.com/images/S/aplus-seller-content-images-us-east-1/A1VC38T7YXB528/A17QI2ZLNUZ4MS/B012RF6XNI/aAnlmTytS4O8._UX816_TTW__.png",70
e98ac368-a80f-403c-85d7-88da11f03e34,"ﾘﾃｰﾅｰﾌﾞﾗｲﾄ 36粒X12箱入","OCﾒﾃﾞｨｯｸ","https://shop.r10s.jp/kzstore/cabinet/amayahoo/10812595/imgrc0095241613.jpg",70
572ba7ee-6738-4e88-b60e-18504defc4ec,"ﾘﾅﾒﾙ ﾄﾘｰﾄﾒﾝﾄﾍﾟｰｽﾄ 55g","OCﾒﾃﾞｨｯｸ","https://m.media-amazon.com/images/I/51dW1AmhbaL._AC_SX679_.jpg",74
2571f5e2-396e-46dd-87b8-c5c75a82fb07,"ﾜﾝﾀﾌﾄﾌﾞﾗｼ ﾌﾟﾗｳﾄ 24本入 MS","OCﾒﾃﾞｨｯｸ","https://m.media-amazon.com/images/I/51qYCbohIEL._AC_SX425_.jpg",63
f3aa72aa-e25b-418d-a276-6e2d3ace93c0,"ﾜﾝﾀﾌﾄﾌﾞﾗｼ ﾌﾟﾗｳﾄ 24本入 S","OCﾒﾃﾞｨｯｸ","https://shop.r10s.jp/powerfullworld/cabinet/10196786/imgrc0111588160.jpg",55
ef4b5bc6-1906-4413-b6d8-af5293fd9960,"次世代ﾘﾁｳﾑｲｵﾝ電池 ｺﾝﾊﾟｸﾄﾊﾞｯﾃﾘｰP","OCﾒﾃﾞｨｯｸ","https://static-cache.camp-fire.jp/uploads/project_version/image/1025655/d01b126f-ab25-456d-8e25-2ec3d7732f90.jpeg?fit=max",48
7b791617-e895-424a-a15b-e49aa3261e64,"60-5590 ｼｱﾉ・ﾄﾞﾛｯﾌﾟ高粘度ﾀｲﾌﾟ(20g入)","PDR","https://shop.pdr.co.jp/g_images/series-380/series-380_02.jpg",95
e5c215d5-5945-4081-ba35-699933a2518a,"80-4483 瞬間接着剤専用 硬化促進ｽﾌﾟﾚｰ","PDR","https://shop.pdr.co.jp/g_images/series-383/series-383_01.jpg",95
781775c9-0620-447e-9b96-5785c86c4731,"ﾌｨﾙﾑﾏｳﾝﾄｼｰﾄ","PDR","https://shop.pdr.co.jp/g_images/series-267/series-267_01.jpg",95
aa3f568c-d90b-4750-9502-2a8cfdc3ce93,"SP ｶﾞﾀﾊﾟｰﾁｬﾎﾟｲﾝﾄ ｱｸｾｻﾘｰﾎﾟｲﾝﾄ Jﾀｲﾌﾟ FS 16387","SPIﾃﾞﾝﾀﾙ","https://www.gc.dental/japan/sites/japan.gc.dental/files/styles/related_products/public/japan-migration/UQAVXW1WHbzV.jpg.webp?itok=ttd7-LyX",101
73934d30-5308-4dbf-b9cb-20b68eca6468,"ｴｽﾌﾛｰ A2　16016","SPIﾃﾞﾝﾀﾙ","https://d15ihgh2blymmz.cloudfront.net/uploads/item_image/2000000106489/2000000106489_1.jpg",55
2a396ea4-28b9-425a-a312-2a09177770f2,"ｴｽﾌﾛｰ A3　16017","SPIﾃﾞﾝﾀﾙ","https://d15ihgh2blymmz.cloudfront.net/uploads/item_image/2000000713342/2000000713342_1.jpg",55
58eda348-7d6b-4a1a-8555-083838506cce,"ﾌｧｲﾝｴｯﾁ［SPIDENT］ﾘﾝ酸37% 1.2ml×4本　16012","SPIﾃﾞﾝﾀﾙ","https://d15ihgh2blymmz.cloudfront.net/uploads/item_image/2000000713335/2000000713335_1.jpg",55
b42f8f90-8056-43e2-9a7d-2cda6b2f440a,"ｶｰﾊﾞｲﾄﾊﾞｰ RA ＃1 2457728","SSW","https://d15ihgh2blymmz.cloudfront.net/uploads/item_image/4589898179853/4589898179853_1.jpg",55
45b4068d-8c94-4459-b457-c25a751d3760,"ｶｰﾊﾞｲﾄﾊﾞｰ RA ＃3 2454797","SSW","https://d15ihgh2blymmz.cloudfront.net/uploads/item_image/4589898179853/4589898179853_1.jpg",55
e87fbf14-77ea-4dca-9ab0-a83ee2ec539b,"ｶｰﾊﾞｲﾄﾊﾞｰ RA ＃5 2453193","SSW","https://d15ihgh2blymmz.cloudfront.net/uploads/item_image/4589898179853/4589898179853_1.jpg",55
0b02e28f-5c91-4ca8-9d0a-9437529f22e5,"ｶｰﾊﾞｲﾄﾊﾞｰ RA #6　2450712","SSW","https://d15ihgh2blymmz.cloudfront.net/uploads/item_image/4589898179853/4589898179853_1.jpg",55
da6f34fc-6d1c-482f-ab17-6777847e920e,"ｶｰﾊﾞｲﾄﾊﾞｰ RA ＃7 2459867","SSW","https://d15ihgh2blymmz.cloudfront.net/uploads/item_image/4589898179853/4589898179853_1.jpg",55
eb9882dd-eb74-49f4-ad56-bbc16fae1072,"技工用ｶｰﾊﾞｲﾄﾊﾞｰ HP ＃8 09733","SSW","https://www.shofu.co.jp/product1/core_sys/images/contents/00000407/block/00001081/sn_00000064.jpg?1700279580",93
204a994f-1bba-4a80-88a5-2ca1e3c57acd,"TDV ｱｲｿﾃｰﾌﾟ 5m","TDVﾃﾞﾝﾀﾙ","https://s3.amazonaws.com/imagenes2.gm3s.erp.mx/produccion/migm3s/1700/archivo/96453/1AFCEA0B5A8DB2E00E5F1C0A6C32D8019966191AC943BAA8F2FAB31EC0E54E96.jpg",55
48917b40-ede8-47d4-bb63-f2f252428829,"TDV ﾌｧｲﾊﾞｰｸﾞﾗｽﾊﾞｰ ｱｿｰﾄｷｯﾄ","TDVﾃﾞﾝﾀﾙ","http://www.ourdent.com/hp-admin/wp-content/uploads/2023/05/d48f0f9acd11204ded372ffac319d7d2.jpg",49
cf05c34d-aa97-4b29-83fd-a3be2cc48a01,"TDV ﾌﾟﾗｸｼｽ ｱｿｰﾄｷｯﾄ","TDVﾃﾞﾝﾀﾙ","https://medident.com.au/wp-content/uploads/2025/08/tdv4124r-tdv-unimatrix-r-50-sectional-matrix-kit-3.jpg",55
ca99e1a0-ff90-445f-9ead-e279bb366a18,"TDV ﾌﾟﾗｸｼｽ ﾏﾝﾄﾞﾚﾙ 1本入","TDVﾃﾞﾝﾀﾙ","https://images.tcdn.com.br/img/img_prod/1170430/mandril_praxis_1_unidade_tdv_6735_1_4c43198ba89634f6d89c22c471cf2b88.jpg",55
2f120675-2a9b-4811-89bd-07f49429fae6,"100-172 ｸﾘﾝﾊﾟﾌﾞﾙﾌｯｸ ﾌﾟﾗｲﾔｰ","TP","https://auctions.c.yimg.jp/images.auctions.yahoo.co.jp/image/dr000/auc0104/user/92fc7284e394472d6deb6bd2ce9ead76dbfd8864e8448058bf2b3afd63f8e3ab/i-img1200x1200-17439266906414oyer2v564.jpg",55
d31e4328-0766-439b-95aa-5b684e2c3aa1,"100-192J　国産 ﾊﾟﾜｰｸﾘﾝﾋﾟﾝｸﾞﾌﾟﾗｲﾔｰ","TP","https://sankyo-tools.co.jp/search/img/096714_2.jpg",55
955fa4f6-f348-4727-8863-d5d52362b935,"100-239 ﾊﾞﾝﾊﾟｰ ｽﾘｰﾌﾞ ﾁｭｰﾌﾞ 018 ﾄｩｰｽ","TP","https://m.media-amazon.com/images/I/61kld5hHDvL._AC_SL1500_.jpg",73
b1630c25-80bb-4990-83dd-1b7697de596d,"100-240 ﾊﾞﾝﾊﾟｰ ｽﾘｰﾌﾞ ﾁｭｰﾌﾞ","TP","https://m.media-amazon.com/images/S/aplus-media-library-service-media/54837b25-b64f-4ecc-aa32-57b3589904d4.__CR0,0,970,600_PT0_SX970_V1___.jpg",67
0999df4a-a093-4086-83d3-1d9f73faa2e6,"210-501W ｴｽﾃﾃｨｯｸｵｰﾌﾟﾝｺｲﾙｽﾌﾟﾘﾝｸﾞﾐﾃﾞｨｱﾑ","TP","https://www.rakuten.ne.jp/gold/simmons-official/lp/img/lp_original/lp_10_material.jpg",52
3044fe43-7e6c-446d-9515-9d7571c17fa6,"226-014 ｸﾘﾝﾊﾟﾌﾞﾙ ﾌｯｸ（ﾘﾌﾞﾀｲﾌﾟ）","TP","http://oral-academy.com/propertyimg/img/220208143953_image1.jpg",55
5f625b67-d976-4377-ba77-ec08c722590c,"226-014W ｴｽﾃﾃｨｯｸｸﾘﾝﾊﾟﾌﾞﾙ ﾌｯｸ","TP","http://oral-academy.com/propertyimg/img/220208143953_image1.jpg",55
d717d964-2943-4df2-9111-2cb6f4275bf6,"352-000C ｾﾊﾟﾘﾝｸﾞ S","TP","https://www.rexind.co.jp/jp/data/products/352/main.jpg",55
99e1c246-b492-4f84-b74b-fb86ab89cb5a,"353-000C ｾﾊﾟﾘﾝｸﾞ L","TP","https://www.sepa-tsuku.com/uploaded/2020/02/UPL050KuAmJj_lg.jpg",55
b25e56ce-9f6d-481e-9ad1-3adc864ce0f2,"381-063W ｴｽﾃﾃｨｯｸﾜｲﾔｰ ｽﾃﾝﾚｽｽﾁｰﾙ 016U","TP","https://auctions.c.yimg.jp/images.auctions.yahoo.co.jp/image/dr000/auc0405/users/0c932850401c33771cd3206273b8b8cc313dab27/i-img1200x1200-1684045429vtf54j282390.jpg",55
6a6d4780-abae-46c9-9dbc-868377a3b86e,"381-064W ｴｽﾃﾃｨｯｸﾜｲﾔｰ ｽﾃﾝﾚｽｽﾁｰﾙ 016L","TP","https://auctions.c.yimg.jp/images.auctions.yahoo.co.jp/image/dr000/auc0405/users/0c932850401c33771cd3206273b8b8cc313dab27/i-img1200x1200-1684045429vtf54j282390.jpg",55
3367e876-8b9e-4e64-923c-67a84bf68b2e,"381-065W ｴｽﾃﾃｨｯｸﾜｲﾔｰ ｽﾃﾝﾚｽｽﾁｰﾙ 018U","TP","https://m.media-amazon.com/images/S/aplus-media-library-service-media/bceb7da6-ee21-41fd-b024-e8d91c41bb96.__CR0,0,970,600_PT0_SX970_V1___.jpg",67
686dc17d-4bf5-4afd-b0a8-02a42440e76f,"381-066W ｴｽﾃﾃｨｯｸﾜｲﾔｰ ｽﾃﾝﾚｽｽﾁｰﾙ 018L","TP","https://m.media-amazon.com/images/S/aplus-media-library-service-media/bceb7da6-ee21-41fd-b024-e8d91c41bb96.__CR0,0,970,600_PT0_SX970_V1___.jpg",67
f2e15162-60fa-4d7f-a4aa-e19b107a443f,"381-067W ｴｽﾃﾃｨｯｸﾜｲﾔｰ ｽﾃﾝﾚｽｽﾁｰﾙ 020U","TP","https://m.media-amazon.com/images/S/aplus-media-library-service-media/bceb7da6-ee21-41fd-b024-e8d91c41bb96.__CR0,0,970,600_PT0_SX970_V1___.jpg",67
9246d5e5-1c62-4d5c-bf21-c774ae935980,"381-068W ｴｽﾃﾃｨｯｸﾜｲﾔｰ ｽﾃﾝﾚｽｽﾁｰﾙ 020L","TP","https://m.media-amazon.com/images/S/aplus-media-library-service-media/bceb7da6-ee21-41fd-b024-e8d91c41bb96.__CR0,0,970,600_PT0_SX970_V1___.jpg",67
c20fe2e7-fa94-44e3-ad35-1a5e05876e32,"381-080W ｴｽﾃﾃｨｯｸﾜｲﾔｰ ｽﾃﾝﾚｽｽﾁｰﾙ 16*16L","TP","https://m.media-amazon.com/images/S/aplus-media-library-service-media/bceb7da6-ee21-41fd-b024-e8d91c41bb96.__CR0,0,970,600_PT0_SX970_V1___.jpg",67
0e9f49dc-912a-42ef-8106-5ae41990ba7e,"381-081W ｴｽﾃﾃｨｯｸﾜｲﾔｰ ｽﾃﾝﾚｽｽﾁｰﾙ 16*16U","TP","",0
e20ef3c0-159b-4ade-ba5b-f259afb11e76,"381-082W ｴｽﾃﾃｨｯｸﾜｲﾔｰ ｽﾃﾝﾚｽｽﾁｰﾙ 16*22L","TP","https://m.media-amazon.com/images/I/71pnxh8UL7L._AC_SL1500_.jpg",74
e7ce98fe-8efb-4f57-9743-57b9ff2e70c8,"381-083W ｴｽﾃﾃｨｯｸﾜｲﾔｰ ｽﾃﾝﾚｽｽﾁｰﾙ 16*22U","TP","https://img.directindustry.com/ja/images_di/photo-g/4605703-20293431.jpg",55
0e36b59d-ef0e-448c-a114-39a1c3c64378,"381-084 ｼｬｲﾆｰﾌﾞﾗｲﾄﾜｲﾔｰ SS 017*025L","TP","https://auctions.c.yimg.jp/images.auctions.yahoo.co.jp/image/dr000/auc0405/users/0c932850401c33771cd3206273b8b8cc313dab27/i-img1200x1200-1683692403tuvxsm644025.jpg",55
4a6b59c8-a63c-4a01-b78e-8501f1f8a6c3,"381-084W ｴｽﾃﾃｨｯｸﾜｲﾔｰ ｽﾃﾝﾚｽｽﾁｰﾙ 17*25L","TP","https://m.media-amazon.com/images/S/aplus-media-library-service-media/bceb7da6-ee21-41fd-b024-e8d91c41bb96.__CR0,0,970,600_PT0_SX970_V1___.jpg",67
4c39e77f-4b7a-4ae7-bdc5-ea4f640a7776,"381-085W ｴｽﾃﾃｨｯｸﾜｲﾔｰ ｽﾃﾝﾚｽｽﾁｰﾙ 17*25U","TP","https://m.media-amazon.com/images/I/71pnxh8UL7L._AC_SL1500_.jpg",74
7006187b-f20c-4bb6-bf4b-0aae4ebd8681,"381-087W ｴｽﾃﾃｨｯｸﾜｲﾔｰ ｽﾃﾝﾚｽｽﾁｰﾙ 18*25U","TP","https://m.media-amazon.com/images/S/aplus-media-library-service-media/bceb7da6-ee21-41fd-b024-e8d91c41bb96.__CR0,0,970,600_PT0_SX970_V1___.jpg",67
94a4077c-06e1-4ddc-8099-108b7f4bbe2f,"381-088W ｴｽﾃﾃｨｯｸﾜｲﾔｰ ｽﾃﾝﾚｽｽﾁｰﾙ 19*25L","TP","https://m.media-amazon.com/images/S/aplus-media-library-service-media/bceb7da6-ee21-41fd-b024-e8d91c41bb96.__CR0,0,970,600_PT0_SX970_V1___.jpg",67
ae6ed211-9287-40d7-b55a-939b10ca7f09,"381-089W ｴｽﾃﾃｨｯｸﾜｲﾔｰ ｽﾃﾝﾚｽｽﾁｰﾙ 19*25U","TP","https://m.media-amazon.com/images/I/71pnxh8UL7L._AC_SL1500_.jpg",74
498612d4-6d9b-4b5a-8484-3a95aa1e48a7,"381-158W ｴｽﾃﾃｨｯｸﾜｲﾔｰ ﾆｯｹﾙﾁﾀﾝ 014L","TP","https://m.media-amazon.com/images/I/61aDDELtqSL._AC_SL1500_.jpg",75
694262c5-b24f-492d-9ce0-3a0f4ebcfb51,"381-159W ｴｽﾃﾃｨｯｸﾜｲﾔｰ ﾆｯｹﾙﾁﾀﾝ 014U","TP","https://www.oralcare-pro.jp/img/goods/16_vim-wire/1610_nt/08000037/08000037-00.webp",55
55cb7e1d-d15e-4524-b685-d6cf086e9a5b,"381-164W ｴｽﾃﾃｨｯｸﾜｲﾔｰ ﾆｯｹﾙﾁﾀﾝ 016L","TP","https://m.media-amazon.com/images/I/61aDDELtqSL._AC_SL1500_.jpg",75
9392effb-cc71-4cc7-95f0-792bb0e0ec6e,"381-165W ｴｽﾃﾃｨｯｸﾜｲﾔｰ ﾆｯｹﾙﾁﾀﾝ 016U","TP","https://d15ihgh2blymmz.cloudfront.net/uploads/item_image/4560301447820/4560301447820_1.jpg",55
edb01e9d-4bb6-4ffd-98c9-fbb6cd23a06c,"381-166W ｴｽﾃﾃｨｯｸﾜｲﾔｰ ﾆｯｹﾙﾁﾀﾝ 018L","TP","https://m.media-amazon.com/images/I/41EfClUDheL._SY445_SX342_QL70_ML2_.jpg",65
b89da5c2-e04f-4c0b-aa2f-f4705f728ee0,"381-167W ｴｽﾃﾃｨｯｸﾜｲﾔｰ ﾆｯｹﾙﾁﾀﾝ 018U","TP","https://m.media-amazon.com/images/I/61aDDELtqSL._AC_SL1500_.jpg",75
8376b9f1-ef3d-44d9-9277-ed4a946fbc75,"381-168W ｴｽﾃﾃｨｯｸﾜｲﾔｰ ﾆｯｹﾙﾁﾀﾝ 020L","TP","https://m.media-amazon.com/images/I/41EfClUDheL._SY445_SX342_QL70_ML2_.jpg",65
fad9c43d-7e0f-471d-84f5-d8fcac9603f7,"381-169W ｴｽﾃﾃｨｯｸﾜｲﾔｰ ﾆｯｹﾙﾁﾀﾝ 020U","TP","https://d15ihgh2blymmz.cloudfront.net/uploads/item_image/4560301447820/4560301447820_1.jpg",55
f05eb295-9de6-4639-b9dc-73ec770d8eff,"381-170W ｴｽﾃﾃｨｯｸﾜｲﾔｰ ﾆｯｹﾙﾁﾀﾝ 16*22L","TP","https://m.media-amazon.com/images/I/61aDDELtqSL._AC_SL1500_.jpg",75
948564d3-6da3-404c-99d7-53cf42cd836e,"381-171W ｴｽﾃﾃｨｯｸﾜｲﾔｰ ﾆｯｹﾙﾁﾀﾝ 16*22U","TP","https://d15ihgh2blymmz.cloudfront.net/uploads/item_image/4560301447820/4560301447820_1.jpg",55
f9005780-90b7-4bf2-aac7-212708872e50,"381-172W ｴｽﾃﾃｨｯｸﾜｲﾔｰ ﾆｯｹﾙﾁﾀﾝ 17*25L","TP","https://m.media-amazon.com/images/I/61aDDELtqSL._AC_SL1500_.jpg",75
7c44db78-d336-43ab-80f5-ee7c582c42f1,"381-173W ｴｽﾃﾃｨｯｸﾜｲﾔｰ ﾆｯｹﾙﾁﾀﾝ 17*25U","TP","https://m.media-amazon.com/images/I/61aDDELtqSL._AC_SL1500_.jpg",75
9913f3dd-b479-45a6-bca7-39549acce7f7,"381-174W ｴｽﾃﾃｨｯｸﾜｲﾔｰ ﾆｯｹﾙﾁﾀﾝ 19*25L","TP","https://m.media-amazon.com/images/I/61aDDELtqSL._AC_SL1500_.jpg",75
a20f828b-eec6-44af-a768-7cc7ba052c87,"381-175W ｴｽﾃﾃｨｯｸﾜｲﾔｰ ﾆｯｹﾙﾁﾀﾝ 19*25U","TP","https://m.media-amazon.com/images/I/41EfClUDheL._SY445_SX342_QL70_ML2_.jpg",65
fc4e590d-7be8-4138-84a1-321eef3805df,"381-178W ｴｽﾃﾃｨｯｸﾜｲﾔｰ ﾆｯｹﾙﾁﾀﾝ 16*16L","TP","https://m.media-amazon.com/images/I/61aDDELtqSL._AC_SL1500_.jpg",75
d456bfce-6171-496c-9e0a-8758e7ef1806,"381-179W ｴｽﾃﾃｨｯｸﾜｲﾔｰ ﾆｯｹﾙﾁﾀﾝ 16*16U","TP","https://m.media-amazon.com/images/I/61aDDELtqSL._AC_SL1500_.jpg",75
669a3368-d666-4aeb-a252-c2bf2bfcf3e0,"381-182W ｴｽﾃﾃｨｯｸﾜｲﾔｰ ﾆｯｹﾙﾁﾀﾝ 012L","TP","https://m.media-amazon.com/images/I/41EfClUDheL._SY445_SX342_QL70_ML2_.jpg",65
b95cd28f-329d-4af0-91a7-446fcd381a1d,"381-183W ｴｽﾃﾃｨｯｸﾜｲﾔｰ ﾆｯｹﾙﾁﾀﾝ 012U","TP","https://m.media-amazon.com/images/I/61aDDELtqSL._AC_SL1500_.jpg",75
e1666c8d-e435-4085-9e6f-6dac7915a387,"383-916 ﾐﾆｽﾃｨｯｸ ﾘｶﾞﾁｬｰﾀｲ ﾍﾟｰﾙﾋﾟﾝｸ","TP","https://assets-global.website-files.com/633b99eca2a424e6a922df41/63a415f0df36e1621ce8914a_%E3%83%9F%E3%83%8B%E3%82%B9%E3%83%86%E3%82%A3%E3%83%83%E3%82%AF%E3%83%BB%E3%83%AA%E3%82%AC%E3%83%81%E3%83%A3%E3%83%BC%E3%82%BF%E3%82%A4%202.webp",49
dae3ca75-cb66-41b6-826b-fa7e3c645bab,"383-917 ﾐﾆｽﾃｨｯｸ ﾘｶﾞﾁｬｰﾀｲ ﾗﾍﾞﾝﾀﾞｰ","TP","https://assets-global.website-files.com/633b99eca2a424e6a922df41/63a415f0df36e1621ce8914a_%E3%83%9F%E3%83%8B%E3%82%B9%E3%83%86%E3%82%A3%E3%83%83%E3%82%AF%E3%83%BB%E3%83%AA%E3%82%AC%E3%83%81%E3%83%A3%E3%83%BC%E3%82%BF%E3%82%A4%202.webp",49
0155da98-b379-4385-aa63-33a5253222b7,"383-922 ﾐﾆｽﾃｨｯｸ ﾘｶﾞﾁｬｰﾀｲ ﾋﾟﾝｸ","TP","https://assets-global.website-files.com/633b99eca2a424e6a922df41/63a415f0df36e1621ce8914a_%E3%83%9F%E3%83%8B%E3%82%B9%E3%83%86%E3%82%A3%E3%83%83%E3%82%AF%E3%83%BB%E3%83%AA%E3%82%AC%E3%83%81%E3%83%A3%E3%83%BC%E3%82%BF%E3%82%A4%202.webp",49
83df90e8-ce5c-494e-94d3-661ec915d52b,"383-923 ﾐﾆｽﾃｨｯｸ ﾘｶﾞﾁｬｰﾀｲ ﾊﾟｰﾌﾟﾙ","TP","https://assets-global.website-files.com/633b99eca2a424e6a922df41/63a415f0df36e1621ce8914a_%E3%83%9F%E3%83%8B%E3%82%B9%E3%83%86%E3%82%A3%E3%83%83%E3%82%AF%E3%83%BB%E3%83%AA%E3%82%AC%E3%83%81%E3%83%A3%E3%83%BC%E3%82%BF%E3%82%A4%202.webp",49
8f5271d3-e933-4314-870e-9d9da8bffe4b,"383-924 ﾐﾆｽﾃｨｯｸ ﾘｶﾞﾁｬｰﾀｲ ｸﾞﾘｰﾝ","TP","https://assets-global.website-files.com/633b99eca2a424e6a922df41/63a415f0df36e1621ce8914a_%E3%83%9F%E3%83%8B%E3%82%B9%E3%83%86%E3%82%A3%E3%83%83%E3%82%AF%E3%83%BB%E3%83%AA%E3%82%AC%E3%83%81%E3%83%A3%E3%83%BC%E3%82%BF%E3%82%A4%202.webp",49
58f98429-05e0-415a-8c9d-e16efce86d65,"383-928 ﾐﾆｽﾃｨｯｸ ﾘｶﾞﾁｬｰﾀｲ ﾚｯﾄﾞ","TP","https://cdndental.feed.jp/contents/common/img/goods/item/1153997/1153997_L.jpg",55
1cc40f23-276b-47bf-a783-593ce0aa3b42,"383-930 ﾐﾆｽﾃｨｯｸ ﾘｶﾞﾁｬｰﾀｲ ｵﾚﾝｼﾞ","TP","https://assets-global.website-files.com/633b99eca2a424e6a922df41/63a415f0df36e1621ce8914a_%E3%83%9F%E3%83%8B%E3%82%B9%E3%83%86%E3%82%A3%E3%83%83%E3%82%AF%E3%83%BB%E3%83%AA%E3%82%AC%E3%83%81%E3%83%A3%E3%83%BC%E3%82%BF%E3%82%A4%202.webp",49
e26e4472-fc22-47dd-b504-d39f7147eaba,"383-931 ﾐﾆｽﾃｨｯｸ ﾘｶﾞﾁｬｰﾀｲ ﾗｲﾄﾌﾞﾙｰ","TP","https://d15ihgh2blymmz.cloudfront.net/uploads/item_image/4560231665769/4560231665769_1.jpg",55
2c243185-84ac-46ec-bbb1-c8a6258aa882,"383-934 ﾐﾆｽﾃｨｯｸ ﾘｶﾞﾁｬｰﾀｲ ｼﾙﾊﾞｰｸﾞﾚｰ","TP","https://store.shimamura.co.jp/ec/img/224/tp224-01549/tp224-0154947/tp224-0154947.jpg",55
64001816-9221-4c48-a18c-839bdce4f324,"383-938 ﾐﾆｽﾃｨｯｸ ﾘｶﾞﾁｬｰﾀｲ ﾈｲﾋﾞｰ","TP","https://assets-global.website-files.com/633b99eca2a424e6a922df41/63a415f0df36e1621ce8914a_%E3%83%9F%E3%83%8B%E3%82%B9%E3%83%86%E3%82%A3%E3%83%83%E3%82%AF%E3%83%BB%E3%83%AA%E3%82%AC%E3%83%81%E3%83%A3%E3%83%BC%E3%82%BF%E3%82%A4%202.webp",49
f2ba32b0-80aa-4bf6-80d1-354bbff304e4,"386-525 ﾃｨﾓﾘｳﾑﾜｲﾔｰ ｽﾄﾚｰﾄｱｰﾁﾌｫｰﾑ L 19*25U","TP","https://cdndental.feed.jp/contents/common/img/goods/item/1150341/1150341_L.jpg",55
380ef0a8-6d27-4c44-8535-db5af06ccd03,"386-539 ﾃｨﾓﾘｳﾑﾜｲﾔｰ ｽﾄﾚｰﾄｱｰﾁﾌｫｰﾑ L 19*25L","TP","https://cdndental.feed.jp/contents/common/img/goods/item/1150341/1150341_L.jpg",55
dd61ae01-0b98-453b-a40a-66ffaf07582b,"B27-607 ｴﾝﾄﾞｶｯﾀｰ ｾｲﾌﾃｨ EVER ﾌｧｲﾝ ＃606L","YDM","https://d15ihgh2blymmz.cloudfront.net/uploads/item_image/4963931276066/4963931276066_1.jpg",55
d3ccc6de-0213-4599-87fd-84c8acffce1d,"B35-471 ｴﾝﾄﾞｶｯﾀｰ ｾｲﾌﾃｨ EVER ﾌｧｲﾝ 606L","YDM","https://d15ihgh2blymmz.cloudfront.net/uploads/item_image/4963931276066/4963931276066_1.jpg",55
ee6329bb-a133-4a71-ada8-fdaef86b0fae,"B37-705 ｴｷｽﾌﾟﾛｰﾗｰ BD 片頭 #25","YDM","https://shop.pdr.co.jp/g_images/series-10931/series-10931_01.jpg",80
4c2b8650-82ae-44c6-b420-71f06fce6160,"B37-721 両頭ｴｷｽｶﾍﾞｰﾀｰ 角柄 #2","YDM","https://service.yoshida-dental.co.jp/s3images/ca/products/10246/images/10246_5801676313.jpg",81
833224cf-0107-405b-afc3-be10bc6f3b54,"B37-736 両頭練成充填器 #13","YDM","https://shop.pdr.co.jp/resize/p1x2/g_images/series-640/series-640_u_94-9452.jpg",70
6eb60b0b-b962-4a9e-99e9-f252d4f1d9cb,"B37-738 両頭練成充填器 #14","YDM","https://auctions.c.yimg.jp/images.auctions.yahoo.co.jp/image/dr000/auc0505/users/3716a9b17909951abe806aa819bba7fd8a2a14de/i-img1200x1200-1716864446bgajbc17607.jpg",55
ff2d4d01-81fb-4136-8a29-b17377072891,"B37-773 ﾍﾟﾘｵﾌﾟﾛｰﾌﾞ #5","YDM","https://shop.pdr.co.jp/g_images/series-10934/series-10934_09.jpg",80
9e5ae49a-ae1f-4811-9b67-aa2e3e5912e7,"GPﾘﾑｰﾊﾞｰ ｽﾋﾟｱｰ 0.3L","YDM","https://img.medicalexpo.com/pdf/repository_me/74582/gp-remover-spear-270664_1mg.jpg",39
b400ffb2-1f5a-4b80-b191-d89f045648f8,"GPﾘﾑｰﾊﾞｰ ｽﾋﾟｱｰ 0.3S","YDM","https://www.dentalshop.jp/images/202510/goods_img/12817_G_1761100583074.jpg",55
802509de-36e6-4460-8663-2043d2ece11c,"GPﾘﾑｰﾊﾞｰ ｽﾋﾟｱｰ 0.5L","YDM","https://img.medicalexpo.com/pdf/repository_me/74582/gp-remover-spear-270664_1mg.jpg",39
0051e90f-9764-481b-9bd5-0512b032e647,"GPﾘﾑｰﾊﾞｰ ｽﾋﾟｱｰ 0.5S","YDM","https://www.dentalshop.jp/images/202510/goods_img/12817_G_1761100583074.jpg",55
b71cfbd2-70cd-4e33-9e04-954632595b7b,"WHO ﾍﾟﾘｵﾌﾟﾛｰﾌﾞ　ﾓﾘﾀ専売品","YDM","https://shop.pdr.co.jp/g_images/series-10934/series-10934_09.jpg",80
348987f9-9ac7-4a35-9ea8-282cef71cda1,"Y03-017 両頭練成充填器 #13A","YDM","https://shop.pdr.co.jp/resize/p1x2/g_images/series-640/series-640_u_94-9452.jpg",70
ab4fedb7-f4a8-466b-bedd-6416d0417666,"Y07-160 彫刻刀 ｴﾊﾞﾝ","YDM","https://shop.pdr.co.jp/g_images/series-10933/series-10933_01.jpg",80
ef5cd82e-ef37-4b99-a171-9ce7935309f5,"Y07-164 彫刻刀 ｴﾊﾞﾝ ｽﾘﾑ","YDM","https://shop.pdr.co.jp/g_images/series-10933/series-10933_01.jpg",80
cc650d1c-c363-448a-9fe0-73b6614b5131,"Y08-023 根管充填器 #3","YDM","https://shop.pdr.co.jp/g_images/series-10801/series-10801_01.jpg",80
b36cf112-80b9-45a9-9793-7a59f5814bff,"Y08-026 ﾙｰﾄｷｬﾅﾙﾌﾟﾗｶﾞｰ #1","YDM","https://www.gc.dental/japan/sites/japan.gc.dental/files/styles/image_608x342/public/japan-migration/3nAHLZsRK2tI.jpg.webp?itok=x-_zqz4P",97
5d5684df-4c97-4b19-95b4-059a24f2c331,"Y08-031 ｶﾞｯﾀｰﾊﾟｰﾁｬｲﾝｽﾂﾙﾒﾝﾄ #1","YDM","https://d15ihgh2blymmz.cloudfront.net/uploads/item_image/4963931080311/4963931080311_1.jpg",55
78501360-30ac-479b-a805-420ea8c26e92,"Y08-032 ｽﾌﾟﾚｯﾀﾞｰ ｳﾙﾄﾗ #0.25S","YDM","https://static.mercdn.net/item/detail/orig/photos/m90733367832_1.jpg?1737598209",55
d42fa1a4-e902-4e2e-8126-7e7315175d44,"Y08-035 ｶﾞｯﾀｰﾊﾟｰﾁｬｲﾝｽﾂﾙﾒﾝﾄ #2","YDM","https://auctions.c.yimg.jp/images.auctions.yahoo.co.jp/image/dr000/auc0404/users/819714e8fc2b0cd9236a30d01b64a018f248e457/i-img1024x1024-1681450725h1ldu8110805.jpg",55
566e5d5d-eb68-408a-9d4c-ffc2b4392ea3,"Y08-101 ﾔﾝｸﾞﾌﾚｰﾑ 大人用(W98×D90㎜）","YDM","http://www.ydm.co.jp/en-new/products/020_hozon/08101.jpg",80
4b15cdc3-788f-491e-a900-50b64b9ad416,"Y08-102 ﾔﾝｸﾞﾌﾚｰﾑ 小児用(W89×D70㎜）","YDM","http://www.ydm.co.jp/en-new/products/020_hozon/08101.jpg",80
b49bb8c7-d4ee-42bf-9c56-4e9ad1948e84,"Y08-512 ﾗﾊﾞｰﾀﾞﾑｸﾗﾝﾌﾟ #12A","YDM","https://d15ihgh2blymmz.cloudfront.net/uploads/item_image/4589898152825/4589898152825_1.jpg",55
3514efd1-1b8e-4ed3-87cb-c6da043843b5,"Y08-513 ﾗﾊﾞｰﾀﾞﾑｸﾗﾝﾌﾟ #13A","YDM","http://technika.co.jp/cdn/shop/files/0819134849_62ff1631cb40b.jpg?v=1721902792",55
02c7a5b9-6593-47c8-a226-5f9364a72a6a,"Y09-510 ﾍﾟﾘｵﾌﾟﾛｰﾌﾞ #1","YDM","https://shop.pdr.co.jp/g_images/series-10934/series-10934_01.jpg",80
d9186877-8353-4e40-990e-be6b9ea4f702,"Y10-203 ﾎﾟｲﾝﾄ式ﾊﾝﾄﾞﾙP-C","YDM","https://makeshop-multi-images.akamaized.net/feed1091/shopimages/73/13/2_000000001373.jpg?1709444974",55
f665435b-fc8e-4bd7-9e24-7a646e3c9dab,"Y11-250 咬合紙ﾎﾙﾀﾞｰ ｸﾚﾝﾒﾙ","YDM","https://auctions.c.yimg.jp/images.auctions.yahoo.co.jp/image/dr000/auc0508/user/92fc7284e394472d6deb6bd2ce9ead76dbfd8864e8448058bf2b3afd63f8e3ab/i-img1024x1024-17234391679172dfuutj72145.jpg",55
f35a8348-fe77-4801-aeeb-5a1cf277f884,"Y11-308 治療ﾋﾟﾝｾｯﾄ ﾐﾆ #18","YDM","http://www.sanami-dental.co.jp/images/product/201206/ydm_a.jpg",65
4c6f3cb0-a513-4e22-9c16-6ebd721edab0,"Y11-309 治療ﾋﾟﾝｾｯﾄ ﾐﾆ#18 ｾﾚｰｼｮﾝ付","YDM","http://www.sanami-dental.co.jp/images/product/201206/ydm_a.jpg",65
184b4c73-346e-4c0b-9a41-9ccea42ddf98,"Y11-312 根管充填ﾋﾟﾝｾｯﾄND 2","YDM","https://service.yoshida-dental.co.jp/s3images/ca/products/10223/images/10223_5801677372.jpg",91
0a3d7374-4486-4086-bc3b-4c70d6361621,"Y11-324 外科ﾋﾟﾝｾｯﾄND 鋭匙形 曲 L","YDM","https://auctions.c.yimg.jp/images.auctions.yahoo.co.jp/image/dr000/auc0303/users/819b0225ff5116c38a740a4336e186d5a219b680/i-img1200x1200-1647577936h9zatp611.jpg",55
655c162d-7d92-4a7f-8a52-863fb5ca1d70,"Y11-331 外科ﾋﾟﾝｾｯﾄND 無鈎 直","YDM","https://www.itx.co.jp/files/products/ydm/300-11331.jpg",70
6007f63d-dcd6-4210-a9ed-524bfc30f51a,"Y11-333 外科ﾋﾟﾝｾｯﾄND 有鈎 直","YDM","https://www.itx.co.jp/files/products/ydm/300-11333.png",70
e4fbcd31-e8fe-4793-8a36-ffdadcef8299,"Y11-551 ｾﾒﾝﾄｽﾊﾟﾁｭﾗ ＃1","YDM","https://shop.pdr.co.jp/g_images/series-10894/series-10894_01.jpg",80
e2f4bdd1-b081-4801-a5c5-d3bd8241f0a6,"Y11-631 ﾜｯｸｽｽﾊﾟﾁｭﾗ #31","YDM","https://shop.pdr.co.jp/g_images/series-10894/series-10894_01.jpg",80
940a7096-a5a6-4a46-97f9-e2bfdc59993c,"Y11-704 石膏ｽﾊﾟﾁｭﾗ ﾀｲﾌﾟ3","YDM","https://shop.pdr.co.jp/g_images/series-10894/series-10894_01.jpg",80
df2f00b3-a41d-4ef3-a87e-61d068dc10e0,"Y11-705 石膏ｽﾊﾟﾁｭﾗ ﾀｲﾌﾟ3 ｺｷ付","YDM","https://shop.pdr.co.jp/g_images/series-10894/series-10894_01.jpg",80
7c14e8a4-2b46-4101-9ac9-3ec48ef18e3b,"Y11-724 ｱﾙｼﾞﾈｰﾄｽﾊﾟﾁｭﾗ ﾀｲﾌﾟ3","YDM","https://shop.pdr.co.jp/g_images/series-10894/series-10894_01.jpg",80
2fdfed56-d1dd-4d36-aac8-0a86a4d88b4b,"Y11-725 ｱﾙｼﾞﾈｰﾄｽﾊﾟﾁｭﾗ ﾀｲﾌﾟ3 ｺｷ付","YDM","https://shop.pdr.co.jp/g_images/series-10894/series-10894_01.jpg",80
e6eea246-560f-4a78-9043-74efb678b675,"Y12-211 金冠ﾊﾞｻﾐ #211(曲)","YDM","https://auctions.c.yimg.jp/images.auctions.yahoo.co.jp/image/dr000/auc0502/users/497d446b01f328cedd7cf534c86cee2a83a04942/i-img1080x1064-1707502345694xd6w1f.jpg",55
1f7f3535-e1c2-4d0d-a05c-19225110a20b,"Y12-831　抜糸ﾊﾞｻﾐ ｽﾘﾑ","YDM","https://service.yoshida-dental.co.jp/s3images/ca/products/10239/images/10239_5801677721.jpg",86
788de805-9848-498c-9e7e-a3dd0bc4fe4f,"Y13-060 Re Born(ﾘﾎﾞﾝ)","YDM","https://auctions.c.yimg.jp/images.auctions.yahoo.co.jp/image/dr000/auc0302/users/e3925004a8e1e5e715c8ca7330db7b0c8aa9d32d/i-img1200x1012-1644645682m0csmo176938.jpg",52
d0d3a50b-79fd-4fcf-ace6-35fdf3ab0e6f,"Y13-079 ﾐﾗｰﾄｯﾌﾟ ﾌﾛﾝﾄｻｰﾌｪｲｽ 12枚入 4P","YDM","https://d15ihgh2blymmz.cloudfront.net/uploads/item_image/4562324645610/4562324645610_1.jpg",55
0d31daf8-b38a-4758-bcd1-6f0799a9ca06,"Y13-119 ﾐﾗｰﾊﾝﾄﾞﾙ ｽｹｰﾙ付ﾌﾞﾙｰ","YDM","https://www.biodent-online.com/static/item/Y13-119_1.jpg?1654156454182",48
6ee7f2e4-cc10-4f6e-abd5-07db0068775f,"Y13-170 ﾏﾄﾘｯｸｽﾘﾃｰﾅｰｾｯﾄ","YDM","https://auctions.c.yimg.jp/images.auctions.yahoo.co.jp/image/dr000/auc0404/users/76b4fa8514dfb0458d6467eed4766229e4f61fb6/i-img1200x900-1681572806rfw9rj15.jpg",50
4b69f8a7-e187-439b-941c-d42c46d1cb2f,"Y13-171 ﾏﾄﾘｯｸｽﾘﾃｰﾅｰ 本体","YDM","http://www.ydm.co.jp/en-new/products/020_hozon/13170.jpg",80
374b7410-5496-483d-9f97-7cd5b8124e1c,"Y13-172 ﾏﾄﾘｯｸｽﾘﾃｰﾅｰ ﾊﾞﾝﾄﾞ 10入","YDM","http://www.ydm.co.jp/en-new/products/020_hozon/13170.jpg",80
e277dd2f-9ad4-49d2-9607-e7567cd1ae29,"Y13-208 石膏ﾉｺ ﾀｲﾌﾟ 4ｾｯﾄ","YDM","https://cdndental.feed.jp/contents/common/img/goods/item/3139182/3139182_L.jpg",55
5d15e94d-d4e7-4182-b587-45f967f6f550,"Y13-214　石膏ﾉｺ 替刃 4本入","YDM","https://static.mercdn.net/item/detail/orig/photos/m99336123879_1.jpg?1748051962",55
7b733281-6f7f-41ab-b652-e986ef496224,"Y13-256 ｺﾝﾎﾟｼﾞｯﾄｼﾘﾝｼﾞﾀｲﾌﾟ2本体 S","YDM","https://auctions.c.yimg.jp/images.auctions.yahoo.co.jp/image/dr000/auc0408/users/a20fbde95bf121c5be32592931beb49812a06a17/i-img1200x940-1693131176akkzzk128802.jpg",51
d89a1579-f3bf-48ff-a8f7-4288267b66ca,"Y13-524 ｶﾗｰﾘﾝｸﾞ S ｸﾞﾘｰﾝ 20入","YDM","https://www.biodent-online.com/static/item/Y13-524_1.jpg?1692688492493",48
b30e6894-675c-4e6e-922a-fb5d61352ab9,"Y13-526 ｶﾗｰﾘﾝｸﾞ S ﾌﾞﾙｰ 20入","YDM","https://www.biodent-online.com/static/item/Y13-526_1.jpg?1692688492493",48
aa92f5c0-1a79-4cc3-ba18-33d64b1915b2,"Y13-528 ｶﾗｰﾘﾝｸﾞ S ｲｴﾛｰ 20入","YDM","https://www.biodent-online.com/static/item/Y13-528_1.jpg?1692688492493",48
723fd169-ed7a-4003-8f0e-8a54dd9791c9,"Y13-557 ﾜﾝﾀｯﾁｺｯﾄﾝﾎﾞｯｸｽ (3連)","YDM","https://www.itx.co.jp/files/products/ydm/300-13557.jpg",70
e7c10da3-688c-4bc6-bae9-6711a7ff85e0,"Y13-622 ﾜﾝﾀｯﾁｺｯﾄﾝﾎﾞｯｸｽ2 ｱﾙｺｰﾙ(AL)用L","YDM","https://d15ihgh2blymmz.cloudfront.net/uploads/item_image/4963931135554/4963931135554_1.jpg",55
dfb37e1e-9942-4a90-b19c-50e0203496ac,"Y13-651 ｸﾘｰﾆﾝｸﾞﾌﾞﾗｼ 12入 S(Φ4)","YDM","https://www.itx.co.jp/files/products/ydm/300-13651.jpg",70
8f748af6-f369-4854-8c73-2226e74d6422,"Y13-654 ｸﾘｰﾆﾝｸﾞﾜｲﾔｰ 12入","YDM","https://item-shopping.c.yimg.jp/i/n/ad-hitshop_f08-7a_2_d_20241007114423",50
75d915e8-2f06-45ee-a0e1-62d93cd8d473,"Y13-661 ｶﾗｰﾃｰﾌﾟ(ﾃｰﾌﾟｶｯﾀｰ付)1入 R","YDM","https://cdn.askul.co.jp/img/product/3L1/N128508_3L1.jpg",55
2a3f4064-32af-4457-b633-cdac3843b828,"Y13-663 ｶﾗｰﾃｰﾌﾟ(ﾃｰﾌﾟｶｯﾀｰ付)1入 BL","YDM","https://cdn.askul.co.jp/img/product/3L1/N128508_3L1.jpg",55
2f7d17ad-fa59-4e93-93e7-f4ec38836c9e,"Y13-664 ｶﾗｰﾃｰﾌﾟ(ﾃｰﾌﾟｶｯﾀｰ付)1入 G","YDM","https://cdn.askul.co.jp/img/product/3L1/N128508_3L1.jpg",55
04bd3752-b066-4049-ad77-c2280fe61116,"Y13-666 ｶﾗｰﾃｰﾌﾟ(ﾃｰﾌﾟｶｯﾀｰ付)1入 B","YDM","https://cdn.askul.co.jp/img/product/3L1/N128508_3L1.jpg",55
5549a412-b3a5-425d-b5a1-b6099a505601,"Y13-671 ｶﾗｰﾘﾝｸﾞ S ﾋﾟﾝｸ 20入","YDM","https://d2n1yksyrui2ua.cloudfront.net/img/goods/Z/4902787008612.jpg",55
1f3ee8a6-5eff-4a2a-913b-c170befdbf7a,"Y13-675 ｶﾗｰﾘﾝｸﾞ S ﾊﾞｲｵﾚｯﾄ 20入","YDM","https://static.mercdn.net/item/detail/orig/photos/m39242827428_1.jpg?1753067234",55
76dddbf9-c171-4aaf-83d7-4ea1bacc7180,"Y14-101 ｶｰﾄﾘｯｼﾞｼﾘﾝｼﾞﾀｲﾌﾟ2 ﾈｼﾞﾀｲﾌﾟA","YDM","https://auctions.c.yimg.jp/images.auctions.yahoo.co.jp/image/dr000/auc0502/users/819714e8fc2b0cd9236a30d01b64a018f248e457/i-img1024x1024-1708263284xsayil194777.jpg",55
73391ed7-9d22-427b-b233-7a749e35e46a,"Y14-230 粘膜剥離子(七浦式)","YDM","https://taiyu-medical.co.jp/wp-content/uploads/2023/09/TY-8190.jpg",55
b0d75583-ba7d-43f9-a2bf-d79435f33a8d,"Y14-312 鋭匙 曲#2","YDM","https://shop.pdr.co.jp/g_images/series-10893/series-10893_01.jpg",80
4d81bf8c-41b2-4ddc-8a62-6e2fe79f42c3,"Y14-313　鋭匙 曲#3","YDM","http://www.ydm.co.jp/img/catalog83884.jpg",89
e18ad108-181b-48ab-b092-85d509545db3,"Y14-411 骨ﾔｽﾘ #11","YDM","https://www.itx.co.jp/files/products/ydm/300-14411.jpg",70
8126f6bd-3034-47f7-898e-ae98aad962d7,"Y14-512 ｶｽﾄﾛﾋﾞｰｼﾞｮ持針器 曲型","YDM","https://service.yoshida-dental.co.jp/s3images/ca/products/3499/images/10226_5801439887.jpg",81
8589d7d9-45d2-4076-9379-96b760a90d03,"Y14-666 万能開口器 大人用","YDM","https://cdn.askul.co.jp/img/product/3L1/X599910_3L1.jpg",55
61de8de0-2a54-4822-a610-a17be5fc6197,"Y14-672 ﾏﾚｯﾄ ﾕﾆﾊﾞｰｻﾙ","YDM","https://auctions.c.yimg.jp/images.auctions.yahoo.co.jp/image/dr000/auc0101/user/702834980db4c924d96412848d2d049b39d21f9e2b9bf3815755201ab1c1f317/i-img1200x1200-17377863603517bu0dcw85284.jpg",55
034d98f0-4c5b-4735-86e6-79d54e77a5f9,"Y14-813 吸引管 本体S30°ｽﾘﾑ","YDM","https://www.itx.co.jp/files/products/ydm/300-14813.jpg",70
0e7c6f94-f008-4419-a2fc-cfb5f59904ee,"Y14-820 吸引管 本体 ﾁﾀﾝ製 L45°","YDM","https://auctions.c.yimg.jp/images.auctions.yahoo.co.jp/image/dr000/auc0102/user/d4a57fa521fa896a3a9ff6c8aa0cb4af2ea8b31e6e5676a51f0dffb01d5d8610/i-img1200x1200-17393433663762zfi5rl855.jpg",55
078ac88a-7572-438d-b74a-61d5fc997eaf,"Y14-831吸引管ｼﾞｮｲﾝﾄ部SΦ11ﾃｰﾊﾟｰﾂｷ","YDM","https://www.itx.co.jp/files/products/ydm/300-14840.jpg",70
f4a48ec5-d811-4c75-b17a-8ab6d1bf53b1,"Y14-833 吸引管ｼﾞｮｲﾝﾄ部LΦ11ﾃｰﾊﾟｰﾂｷ","YDM","https://www.itx.co.jp/files/products/ydm/300-14833.jpg",70
ee97b0e5-d6ed-4e67-bffc-9742d064d418,"Y14-900 ﾏｲｸﾛﾐﾗｰｾｯﾄ ﾀｲﾌﾟ2","YDM","https://cdndental.feed.jp/contents/common/img/goods/item/7738754/7738754_L.jpg",55
4a8bebe6-b1c8-40dc-be81-803cf5da4bec,"Y15-304 替刃ﾒｽﾊﾝﾄﾞﾙ 直 ﾘｯﾌﾟｾｰﾌ","YDM","https://fordynet.fordy.jp/storage/products/product3614-20241018093825sub_image2.jpg",55
fe796e53-6fd5-4bb9-8785-35875859e0a0,"Y15-314 L字鈎(NS-14) 本","YDM","https://premier-dental.com.ua/userfiles/image/YDM/kontrasters_002.png",70
e1171cd2-86e2-4bd8-ad92-edfd9f69e1d2,"Y15-316 開創鈎 ﾗﾝｹﾞﾝﾍﾞｯｸ L","YDM","https://taiyu-medical.co.jp/wp-content/uploads/2024/03/TY-873B-25.jpg",55
128837a0-d84a-4cae-853f-6760505c014b,"Y16-055 ｴﾚﾍﾞｰﾀｰD型(NEW) NM1","YDM","https://d15ihgh2blymmz.cloudfront.net/uploads/item_image/4963931160556/4963931160556_1.jpg",55
dee09be2-e605-4a68-b185-3c882b39fe3d,"Y16-056 ｴﾚﾍﾞｰﾀｰD型(NEW) NM2","YDM","https://fordynet.fordy.jp/storage/products/20180619122111_2.jpg",55
01b9071f-c568-44c0-9ef0-676a13e84228,"Y16-057 ｴﾚﾍﾞｰﾀｰD型(NEW) NM3","YDM","https://d15ihgh2blymmz.cloudfront.net/uploads/item_image/4963931160587/4963931160587_1.jpg",55
feb1f9a4-d05d-4022-9af5-b00c65523a98,"Y16-076 ﾙｰﾄﾁｯﾌﾟｴﾚﾍﾞｰﾀｰ(NEW)2A","YDM","https://fordynet.fordy.jp/storage/products/20180621122404_1.jpg",55
91be5df0-9d4c-4687-8b02-da3ac4666da8,"Y16-077 ﾙｰﾄﾁｯﾌﾟｴﾚﾍﾞｰﾀｰ(NEW)3A","YDM","https://auctions.c.yimg.jp/images.auctions.yahoo.co.jp/image/dr000/auc0511/user/92fc7284e394472d6deb6bd2ce9ead76dbfd8864e8448058bf2b3afd63f8e3ab/i-img1200x1200-17305527205894iuqtqs1795.jpg",55
0a7c44fe-68cf-4b31-9f06-dc7d925af457,"Y16-085 ﾙｰﾄﾁｯﾌﾟﾋﾟｯｸｽ(NEW) 1S","YDM","https://service.yoshida-dental.co.jp/s3images/ca/products/740/images/10208_5801614233.jpg",87
a36131d3-fc37-488a-8478-9ec36a2e2376,"Y16-086 ﾙｰﾄﾁｯﾌﾟﾋﾟｯｸｽ(NEW) 2A","YDM","http://www.ydm.co.jp/en-new/products/030_geka/16085.jpg",78
43f4a5cd-36fe-4159-8d41-8674a1a35718,"Y16-087 ﾙｰﾄﾁｯﾌﾟﾋﾟｯｸｽ(NEW) 3A","YDM","http://www.ydm.co.jp/en-new/products/030_geka/16085.jpg",78
40b7f231-a542-4b14-af02-4e1300c6f5ab,"Y16-095 ｴﾚﾍﾞｰﾀｰD型 智歯用 NM2","YDM","https://fordynet.fordy.jp/storage/products/20180619122111_2.jpg",55
6a0b2119-7aca-4e07-911f-4e81cad25515,"Y16-095 ｴﾚﾍﾞｰﾀｰD型 智歯用 NM2","YDM","https://fordynet.fordy.jp/storage/products/20180619122111_2.jpg",55
d67b6737-a008-4981-8f7d-ea25dcb8d167,"Y16-125 ｴﾚﾍﾞｰﾀｰD型(NEW) 5S","YDM","https://d15ihgh2blymmz.cloudfront.net/uploads/item_image/4963931160587/4963931160587_1.jpg",55
acd192b2-e224-4556-866e-2330db6cce0c,"Y16-125 ｴﾚﾍﾞｰﾀｰD型(NEW) 5S","YDM","https://d15ihgh2blymmz.cloudfront.net/uploads/item_image/4963931160556/4963931160556_1.jpg",55
86f998f1-283f-4d0c-b9dd-73619b786f67,"Y16-130 ｴﾚﾍﾞｰﾀｰD型(NEW) 5C","YDM","https://d15ihgh2blymmz.cloudfront.net/uploads/item_image/4963931160556/4963931160556_1.jpg",55
8f2694ca-4a35-4897-b954-e04ddad6688e,"Y16-130 ｴﾚﾍﾞｰﾀｰD型(NEW) 5C","YDM","https://mercuryelevator.co.jp/wp-content/uploads/2023/07/point3d-commercial-imaging-ltd-UckQpkm5yDM-unsplash-1536x1024.jpg",63
84f60716-995f-4e89-8ebd-b83ded9f2789,"Y16-811 ﾙｰﾄﾁｯﾌﾟｴﾚﾍﾞｰﾀｰ #1S 15","YDM","https://auctions.c.yimg.jp/images.auctions.yahoo.co.jp/image/dr000/auc0511/user/92fc7284e394472d6deb6bd2ce9ead76dbfd8864e8448058bf2b3afd63f8e3ab/i-img1200x1200-17305527205894iuqtqs1795.jpg",55
828e3d43-e256-4468-8436-6c21f36cea65,"Y16-811 ﾙｰﾄﾁｯﾌﾟｴﾚﾍﾞｰﾀｰ #1S 15","YDM","https://service.yoshida-dental.co.jp/s3images/ca/products/10207/images/10207_5801677098.jpg",79
90541507-582c-4616-bc17-598ef09351e2,"Y17-001 抜歯鉗子 #1 上顎前歯","YDM","https://auctions.c.yimg.jp/images.auctions.yahoo.co.jp/image/dr000/auc0502/users/6ff3c5bb87aefc0db052db84e92311131077be7a/i-img946x1194-1708349446cpnhzr508503.jpg",51
320b4ec2-57db-4ce1-a24c-f2d7964029ce,"Y17-004 抜歯鉗子 #4 上下顎小臼歯","YDM","https://shop.pdr.co.jp/g_images/series-732/series-732_01.jpg",80
1cf04a60-ed30-4386-b69c-13f4bcca5157,"Y17-008 抜歯鉗子 #8 上顎智歯","YDM","https://shop.pdr.co.jp/g_images/series-731/series-731_01.jpg",80
bbf2f7d5-f540-404e-bb95-d90f583e0f61,"Y17-008 抜歯鉗子 #8 上顎智歯","YDM","",0
a0203cdd-f8d7-4c2b-b00f-c389a45d321f,"Y17-010 抜歯鉗子 #10S 上顎大臼歯","YDM","https://stomshop.pro/image/cache/catalog/data/00_01/ydm/forceps/schipcy_10s_dlya_udaleniya_verhnih_molochnyh_molyarov_286-650x650.png",70
c5267ad0-8e1d-4af1-928d-9c131952bb8c,"Y17-017 抜歯鉗子 #17 下顎大臼歯","YDM","https://d15ihgh2blymmz.cloudfront.net/uploads/item_image/4571259063079/4571259063079_1.jpg",55
332d9dce-caf7-47ef-9ebe-8496fb37e49c,"Y17-021 抜歯鉗子 #21 下顎小臼歯","YDM","https://shizaiichiba.ocnk.net/data/shizaiichiba/product/20210713_f4d199.png",52
dd4b1a42-01ec-4bc4-84b5-9157aa92e935,"Y17-021 抜歯鉗子 #21 下顎小臼歯","YDM","https://shizaiichiba.ocnk.net/data/shizaiichiba/product/20210713_f4d199.png",52
5a7be8be-da0d-4879-bc97-d36c8227e1ca,"Y17-027 抜歯鉗子 #27 下顎大臼歯","YDM","https://auctions.c.yimg.jp/images.auctions.yahoo.co.jp/image/dr000/auc0305/users/819b0225ff5116c38a740a4336e186d5a219b680/i-img898x1198-165157065805jeh3213360.jpg",50
b9c7c313-7f05-4af0-91ec-1f43c5ad039c,"Y17-032 抜歯鉗子 ＃32 上顎小臼歯","YDM","https://shop.pdr.co.jp/g_images/series-732/series-732_01.jpg",80
a5674067-28fb-4f94-8656-1e672b4bfefb,"Y17-046 抜歯鉗子 #46 下顎前歯","YDM","https://www.itx.co.jp/files/products/stoma/030-49026.jpg",55
b8093d49-8c8c-40f3-b477-5e1ce80aa18c,"Y17-066 抜歯鉗子 #66　下顎歯根分離","YDM","https://auctions.c.yimg.jp/images.auctions.yahoo.co.jp/image/dr000/auc0101/user/3b9af24f384c13d56c3f34ea03afc66cf0ac254beb21c8d964ae1064f8707341/i-img1200x1200-17363874986808ott3i2615316.jpg",55
12f9f31f-fa63-400f-a23f-139e74f594c3,"Y17-067 抜歯鉗子 #67 上顎歯根分離","YDM","https://shizaiichiba.ocnk.net/data/shizaiichiba/product/20210713_cfb31a.png",51
5c53c2f8-a64a-42ad-abe2-78348a063d36,"Y17-069 抜歯鉗子 残根用 上下顎残根","YDM","https://shop.pdr.co.jp/g_images/series-751/series-751_01.jpg",80
6fca1cf6-88a6-410c-ace9-0da5b6e18437,"Y17-070 抜歯鉗子 残根用 新型　上下顎残根","YDM","https://shop.pdr.co.jp/g_images/series-751/series-751_01.jpg",80
f86465b3-8ea4-406c-a1e3-d0635d26c9f6,"Y17-222 抜歯鉗子 ＃222 下顎智歯用","YDM","https://d15ihgh2blymmz.cloudfront.net/uploads/item_image/4571195650098/4571195650098_1.jpg",55
1f0a0029-7597-4fd0-b951-934dcd9dfb71,"Y17-222 抜歯鉗子 ＃222 下顎智歯用","YDM","https://d15ihgh2blymmz.cloudfront.net/uploads/item_image/4571195650098/4571195650098_1.jpg",55
5147bfb5-5332-48c6-a945-e3c34cb09403,"Y17-501 抜歯鉗子 乳歯用 #1","YDM","https://auctions.c.yimg.jp/images.auctions.yahoo.co.jp/image/dr000/auc0502/users/6ff3c5bb87aefc0db052db84e92311131077be7a/i-img946x1194-1708349446cpnhzr508503.jpg",51
3ad8c2a7-3b88-4a64-a793-5f29f8d53f6c,"Y17-510 抜歯鉗子 乳歯用 #10S","YDM","https://auctions.c.yimg.jp/images.auctions.yahoo.co.jp/image/dr000/auc0502/users/6ff3c5bb87aefc0db052db84e92311131077be7a/i-img946x1194-1708349446cpnhzr508503.jpg",51
d24f3e53-2d8f-4dfd-84c9-45b1edbe1820,"Y17-521 抜歯鉗子 乳歯用 #21 下顎乳臼歯","YDM","https://auctions.c.yimg.jp/images.auctions.yahoo.co.jp/image/dr000/auc0502/users/6ff3c5bb87aefc0db052db84e92311131077be7a/i-img946x1194-1708349446cpnhzr508503.jpg",51
ddea8cde-ca46-4904-b46d-0ece307df1e8,"Y17-801 骨鉗子 平川型  #1  上下顎用","YDM","https://auctions.c.yimg.jp/images.auctions.yahoo.co.jp/image/dr000/auc0410/users/819714e8fc2b0cd9236a30d01b64a018f248e457/i-img1200x1200-1698143148qvhqwr970160.jpg",55
256242c2-de38-4c77-8fe4-b2f67e2ddbf1,"Y17-801 骨鉗子 平川型  #1  上下顎用","YDM","https://auctions.c.yimg.jp/images.auctions.yahoo.co.jp/image/dr000/auc0410/users/819714e8fc2b0cd9236a30d01b64a018f248e457/i-img1200x1200-1698143148qvhqwr970160.jpg",55
58bebf18-db0a-46ab-8a4a-85f8e9ae01ea,"Y18-593 ｸﾗｳﾝｽﾌﾟﾘｯﾃｨﾝｸﾞ ﾌﾟﾗｲﾔｰ","YDM","https://auctions.c.yimg.jp/images.auctions.yahoo.co.jp/image/dr000/auc0411/users/819714e8fc2b0cd9236a30d01b64a018f248e457/i-img1024x1024-1698902722uman4o1884813.jpg",55
baa45f98-917f-4887-9899-691f75bd82e9,"Y18-811 石膏鉗子 L","YDM","https://auctions.c.yimg.jp/images.auctions.yahoo.co.jp/image/dr000/auc0503/users/6ff3c5bb87aefc0db052db84e92311131077be7a/i-img1024x768-1709366722tmj5vh746200.jpg",50
2a097541-4895-49a3-82bd-0cbba302ee9d,"Y19-071 無歯顎用ﾄﾚｰ #UA","YDM","https://service.yoshida-dental.co.jp/s3images/ca/series/10452/images/%E3%83%95%E3%83%AB%E3%83%87%E3%83%B3%E3%83%81%E3%83%A3%E3%83%BC%E3%83%88%E3%83%AC%E3%83%BC_1.jpg",100
08612026-68c5-42b9-a0c1-a82c7b84ed14,"Y19-072 無歯顎用ﾄﾚｰ #UB","YDM","https://service.yoshida-dental.co.jp/s3images/ca/series/10452/images/%E3%83%95%E3%83%AB%E3%83%87%E3%83%B3%E3%83%81%E3%83%A3%E3%83%BC%E3%83%88%E3%83%AC%E3%83%BC_1.jpg",100
07977245-17d4-44ae-8025-ef334afb43dd,"Y19-072 無歯顎用ﾄﾚｰ #UB","YDM","https://service.yoshida-dental.co.jp/s3images/ca/series/10452/images/%E3%83%95%E3%83%AB%E3%83%87%E3%83%B3%E3%83%81%E3%83%A3%E3%83%BC%E3%83%88%E3%83%AC%E3%83%BC_1.jpg",100
db576051-0fb1-47ee-b621-3848b0ef9365,"Y19-073 無歯顎用ﾄﾚｰ #UC","YDM","https://service.yoshida-dental.co.jp/s3images/ca/series/10452/images/%E3%83%95%E3%83%AB%E3%83%87%E3%83%B3%E3%83%81%E3%83%A3%E3%83%BC%E3%83%88%E3%83%AC%E3%83%BC_1.jpg",100
45bc19d7-deb3-4baa-b419-95f6d41c8acb,"Y19-081 無歯顎用ﾄﾚｰ #LA","YDM","https://service.yoshida-dental.co.jp/s3images/ca/series/10452/images/%E3%83%95%E3%83%AB%E3%83%87%E3%83%B3%E3%83%81%E3%83%A3%E3%83%BC%E3%83%88%E3%83%AC%E3%83%BC_1.jpg",100
a84ef9d9-63a2-41a6-9c01-f695cc132a28,"Y19-082 無歯顎用ﾄﾚｰ #LB","YDM","https://service.yoshida-dental.co.jp/s3images/ca/series/10452/images/%E3%83%95%E3%83%AB%E3%83%87%E3%83%B3%E3%83%81%E3%83%A3%E3%83%BC%E3%83%88%E3%83%AC%E3%83%BC_1.jpg",100
7e403d5c-23f4-4faa-b868-d9af3e9c64fa,"Y19-083 無歯顎用ﾄﾚｰ #LC","YDM","https://service.yoshida-dental.co.jp/s3images/ca/series/10452/images/%E3%83%95%E3%83%AB%E3%83%87%E3%83%B3%E3%83%81%E3%83%A3%E3%83%BC%E3%83%88%E3%83%AC%E3%83%BC_1.jpg",100
422509d9-e91e-4641-b64e-6eb761a2f4f2,"Y19-083 無歯顎用ﾄﾚｰ #LC","YDM","https://service.yoshida-dental.co.jp/s3images/ca/series/10452/images/%E3%83%95%E3%83%AB%E3%83%87%E3%83%B3%E3%83%81%E3%83%A3%E3%83%BC%E3%83%88%E3%83%AC%E3%83%BC_1.jpg",100
6873c346-b0be-4909-a143-780742269efe,"Y19-203 総山ﾄﾚｰ 前歯用 回転式","YDM","https://static.mercdn.net/item/detail/orig/photos/m91198584857_1.jpg?1728055365",55
8c8e5e80-8896-4893-b1b3-dcdd20191260,"Y19-203 総山ﾄﾚｰ 前歯用 回転式","YDM","https://static.mercdn.net/item/detail/orig/photos/m91198584857_1.jpg?1728055365",55
5f371505-0686-42ba-9e39-ded8a721f91b,"Y19-381 網ﾄﾚｰﾌﾟﾚﾐｱﾑ 上 A","YDM","https://d15ihgh2blymmz.cloudfront.net/uploads/item_image/4963931193813/4963931193813_1.jpg",55
823726b1-e66d-4cd7-b8c6-1bc2f8ff6314,"Y19-381 網ﾄﾚｰﾌﾟﾚﾐｱﾑ 上 A","YDM","https://auctions.afimg.jp/t775023220/ya/image/t775023220.1.jpg",55
a421b31e-de47-4d16-a982-cf7eade37212,"Y19-382 網ﾄﾚｰﾌﾟﾚﾐｱﾑ 下 A","YDM","https://auctions.afimg.jp/t775023220/ya/image/t775023220.1.jpg",55
e976ac82-a86d-48c7-816f-00dd808bcaca,"Y19-382 網ﾄﾚｰﾌﾟﾚﾐｱﾑ 下 A","YDM","https://auctions.afimg.jp/t775023220/ya/image/t775023220.1.jpg",55
7acdf0ea-b716-4b25-ae14-91ba0d6d0493,"Y19-384 網ﾄﾚｰﾌﾟﾚﾐｱﾑ 上 B","YDM","https://d15ihgh2blymmz.cloudfront.net/uploads/item_image/4963931193813/4963931193813_1.jpg",55
47581d5f-b52f-46c4-9bdd-b129803b23e6,"Y19-384 網ﾄﾚｰﾌﾟﾚﾐｱﾑ 上 B","YDM","https://d15ihgh2blymmz.cloudfront.net/uploads/item_image/4963931193813/4963931193813_1.jpg",55
852ec81d-2eee-403b-98ae-1ca0ef080bdf,"Y19-385 網ﾄﾚｰﾌﾟﾚﾐｱﾑ 下 B","YDM","https://d15ihgh2blymmz.cloudfront.net/uploads/item_image/4963931193851/4963931193851_1.jpg",55
17ab2f77-2ed0-4311-9e5d-f415e44e7853,"Y19-385 網ﾄﾚｰﾌﾟﾚﾐｱﾑ 下 B","YDM","https://d15ihgh2blymmz.cloudfront.net/uploads/item_image/4963931193851/4963931193851_1.jpg",55
8d77b18b-ebf8-4086-86ea-f593bf0e8ea9,"Y19-387 網ﾄﾚｰﾌﾟﾚﾐｱﾑ 上 C","YDM","https://auctions.afimg.jp/t775023220/ya/image/t775023220.1.jpg",55
9888fb31-789e-4a64-a297-d1f74e1655f0,"Y19-387 網ﾄﾚｰﾌﾟﾚﾐｱﾑ 上 C","YDM","https://auctions.afimg.jp/t775023220/ya/image/t775023220.1.jpg",55
8f688148-606e-4a7e-9100-bfe097661a17,"Y19-388 網ﾄﾚｰﾌﾟﾚﾐｱﾑ 下 C","YDM","https://auctions.afimg.jp/t775023220/ya/image/t775023220.1.jpg",55
0966d623-e6aa-4aed-9a94-2be032e821c9,"Y19-388 網ﾄﾚｰﾌﾟﾚﾐｱﾑ 下 C","YDM","https://auctions.afimg.jp/t775023220/ya/image/t775023220.1.jpg",55
e12e99a1-f929-425d-bda0-78b1d5cb4593,"Y19-391 網ﾄﾚｰ ﾌﾟﾚﾐｱﾑ 片顎用 10","YDM","https://auctions.afimg.jp/t775023220/ya/image/t775023220.1.jpg",55
818459ac-435f-41a1-83a5-a67a965b1a04,"Y19-391網ﾄﾚｰ ﾌﾟﾚﾐｱﾑ 片顎用 10","YDM","https://auctions.afimg.jp/t775023220/ya/image/t775023220.1.jpg",55
051d5d26-1ce9-4d76-9814-2a4cce557186,"Y19-391網ﾄﾚｰ ﾌﾟﾚﾐｱﾑ 片顎用 10","YDM","https://auctions.afimg.jp/t775023220/ya/image/t775023220.1.jpg",55
cfbede30-818c-4338-a76a-4a836d62904d,"Y19-392 網ﾄﾚｰ ﾌﾟﾚﾐｱﾑ 片顎用 11","YDM","https://auctions.afimg.jp/t775023220/ya/image/t775023220.1.jpg",55
8e603097-11ca-410e-9c6f-34deccbe3f1a,"Y19-392 網ﾄﾚｰ ﾌﾟﾚﾐｱﾑ 片顎用 11","YDM","https://auctions.afimg.jp/t775023220/ya/image/t775023220.1.jpg",55
be55967f-fe77-474e-bf62-48eb9191aa52,"Y19-392網ﾄﾚｰ ﾌﾟﾚﾐｱﾑ 片顎用 11","YDM","https://auctions.afimg.jp/t775023220/ya/image/t775023220.1.jpg",55
d58cf279-c258-470e-955d-2beec71efa5b,"Y19-467 回転ﾄﾚｰ局部大人用 1入","YDM","https://d15ihgh2blymmz.cloudfront.net/uploads/item_image/4589898103704/4589898103704_1.jpg",55
953be9fd-21cd-41bb-8a54-4f0aeabdea84,"Y19-467 回転ﾄﾚｰ局部大人用 1入","YDM","https://d15ihgh2blymmz.cloudfront.net/uploads/item_image/4589898103704/4589898103704_1.jpg",55
e1bbd5cb-9f2d-4dee-bbdb-dce6079ba9bf,"Y21-012 ﾘﾑｰﾊﾞｰﾎﾟｲﾝﾄW（ﾛｯｸ着脱式)","YDM","https://auctions.c.yimg.jp/images.auctions.yahoo.co.jp/image/dr000/auc0502/users/819714e8fc2b0cd9236a30d01b64a018f248e457/i-img1024x1024-1707456137vatyja300954.jpg",55
5975851a-ea52-4eeb-bb5b-d28d2f1a9066,"Y21-012 ﾘﾑｰﾊﾞｰﾎﾟｲﾝﾄW（ﾛｯｸ着脱式)","YDM","https://d15ihgh2blymmz.cloudfront.net/uploads/item_image/4963931210121/4963931210121_1.jpg",55
5a6e4d8c-7c9a-420b-99c1-fa9fb8e8c667,"Y21-013 ﾘﾑｰﾊﾞｰﾎﾟｲﾝﾄS（ﾛｯｸ着脱式)","YDM","https://auctions.c.yimg.jp/images.auctions.yahoo.co.jp/image/dr000/auc0502/users/819714e8fc2b0cd9236a30d01b64a018f248e457/i-img1024x1024-1707456137nqjpqo300954.jpg",55
456e5861-dd09-4988-ae7c-2db734afa38b,"Y21-013 ﾘﾑｰﾊﾞｰﾎﾟｲﾝﾄS（ﾛｯｸ着脱式)","YDM","https://auctions.c.yimg.jp/images.auctions.yahoo.co.jp/image/dr000/auc0502/users/819714e8fc2b0cd9236a30d01b64a018f248e457/i-img1024x1024-1707456137nqjpqo300954.jpg",55
415345a8-33cd-4451-aff3-f3b1ce63fa35,"Y21-014　ﾘﾑｰﾊﾞｰﾎﾟｲﾝﾄ ｸｻﾋﾞ型","YDM","https://auctions.c.yimg.jp/images.auctions.yahoo.co.jp/image/dr000/auc0412/users/a20fbde95bf121c5be32592931beb49812a06a17/i-img983x651-17024715221a5vie9337.jpg",48
d26d68bc-2206-4cf3-85ce-a65219ea5bb0,"Y21-014　ﾘﾑｰﾊﾞｰﾎﾟｲﾝﾄ ｸｻﾋﾞ型","YDM","https://auctions.c.yimg.jp/images.auctions.yahoo.co.jp/image/dr000/auc0105/user/92fc7284e394472d6deb6bd2ce9ead76dbfd8864e8448058bf2b3afd63f8e3ab/i-img1200x1200-17475742807392paoc6m34.jpg",55
8487f428-c8be-46b8-9794-5556cd43a1cc,"Y21-020 ｲﾝﾚｰｸﾗｳﾝﾘﾑｰﾊﾞｰｾｯﾄ","YDM","https://d15ihgh2blymmz.cloudfront.net/uploads/item_image/4963931210206/4963931210206_2.jpg",55
2ed0ce61-145d-4650-a2da-6e2030220230,"Y21-100 技工ﾉｷﾞｽ  個","YDM","https://auctions.c.yimg.jp/images.auctions.yahoo.co.jp/image/dr000/auc0102/user/92fc7284e394472d6deb6bd2ce9ead76dbfd8864e8448058bf2b3afd63f8e3ab/i-img1200x1200-17404780169773eharms40296.jpg",55
c2fdf5f2-06ee-45bc-b3af-e28b7ad98551,"Y21-100 技工ﾉｷﾞｽ  個","YDM","https://auctions.c.yimg.jp/images.auctions.yahoo.co.jp/image/dr000/auc0102/user/92fc7284e394472d6deb6bd2ce9ead76dbfd8864e8448058bf2b3afd63f8e3ab/i-img1200x1200-17404780169773eharms40296.jpg",55
8a7dd73a-e4df-444e-b479-83db173a3377,"Y21-114 ﾒｼﾞｬｰﾘﾝｸﾞﾃﾞﾊﾞｲｽ3","YDM","https://auctions.c.yimg.jp/images.auctions.yahoo.co.jp/image/dr000/auc0504/users/b827541464db6f8c09957fe593b37adfe01eef72/i-img1200x900-17136839769we8yg113730.jpg",50
cbc9e64c-a688-466d-9cd3-87ec73a4f6e3,"Y21-122 平行測定器","YDM","https://auctions.c.yimg.jp/images.auctions.yahoo.co.jp/image/dr000/auc0409/users/819714e8fc2b0cd9236a30d01b64a018f248e457/i-img1024x1024-1694178975m1akkj310943.jpg",55
70088400-da15-4f8d-9fc5-54ec953b5c9b,"Y21-122 平行測定器","YDM","https://auctions.c.yimg.jp/images.auctions.yahoo.co.jp/image/dr000/auc0409/users/819714e8fc2b0cd9236a30d01b64a018f248e457/i-img1024x1024-1694178975m1akkj310943.jpg",55
bf65d960-ff88-4cf7-8087-e179ad0a8706,"Y21-131 片頭ｺﾝﾀｸﾄｹﾞｰｼﾞﾎﾙﾀﾞｰのみ","YDM","https://d15ihgh2blymmz.cloudfront.net/uploads/item_image/4963931211319/4963931211319_1.jpg",55
fcb3a17b-be03-41c4-a330-1f009e2edf68,"Y21-136 YSｺﾝﾀｸﾄｹﾞｰｼﾞ 5枚入 50μ 青","YDM","https://auctions.c.yimg.jp/images.auctions.yahoo.co.jp/image/dr000/auc0511/user/92fc7284e394472d6deb6bd2ce9ead76dbfd8864e8448058bf2b3afd63f8e3ab/i-img1200x1200-17316346772110uzwxuv33857.jpg",55
f864dddc-78f8-4d64-9a48-ef9147750310,"Y21-136 YSｺﾝﾀｸﾄｹﾞｰｼﾞ 5枚入 50μ 青","YDM","https://auctions.c.yimg.jp/images.auctions.yahoo.co.jp/image/dr000/auc0511/user/92fc7284e394472d6deb6bd2ce9ead76dbfd8864e8448058bf2b3afd63f8e3ab/i-img1200x1200-17316346772110uzwxuv33857.jpg",55
9dbef0b1-f1b4-493c-944f-d8e3d0bf6eac,"Y22-514 ﾓｼﾞｭｰﾙﾌﾟﾗｲﾔｰ ﾓｽｷｰﾄ 曲","YDM","https://auctions.c.yimg.jp/images.auctions.yahoo.co.jp/image/dr000/auc0505/users/819714e8fc2b0cd9236a30d01b64a018f248e457/i-img1024x1024-1714820957myqkbo365424.jpg",55
6e737210-6bb2-4575-97af-5c25fcc6b3a9,"Y22-514 ﾓｼﾞｭｰﾙﾌﾟﾗｲﾔｰ ﾓｽｷｰﾄ 曲","YDM","https://auctions.c.yimg.jp/images.auctions.yahoo.co.jp/image/dr000/auc0505/users/819714e8fc2b0cd9236a30d01b64a018f248e457/i-img1024x1024-1714820957myqkbo365424.jpg",55
e9db36b8-d1f5-451f-9052-ca34cb8a504f,"Y22-551 YS-551 ﾓｼﾞｭｰﾙｾﾊﾟﾚｰﾀｰ","YDM","http://gexachile.cl/cdn/shop/files/YDM22551WEB.jpg?v=1769460695",70
41fdc5dd-969b-4438-8667-666b88b05b2c,"Y22-602 ﾜｲﾔｰｶｯﾀｰ KI型 YS-602","YDM","https://auctions.c.yimg.jp/images.auctions.yahoo.co.jp/image/dr000/auc0206/users/812701dc1711cd85799a69d9cc0aa16df22dba48/i-img1200x900-16244374130a5rw414582.jpg",50
4d2a7cce-dd59-4f89-82af-11e7acfc6df1,"Y22-602 ﾜｲﾔｰｶｯﾀｰ KI型 YS-602","YDM","https://auctions.c.yimg.jp/images.auctions.yahoo.co.jp/image/dr000/auc0206/users/812701dc1711cd85799a69d9cc0aa16df22dba48/i-img1200x900-16244374130a5rw414582.jpg",50
7cb69e82-3630-4cdf-9261-7f1a6f8d61eb,"Y22-603 YS-603 ﾜｲﾔｰｶｯﾀｰ ｽﾀﾝﾀﾞｰﾄﾞ","YDM","https://auctions.c.yimg.jp/images.auctions.yahoo.co.jp/image/dr000/auc0309/users/a20fbde95bf121c5be32592931beb49812a06a17/i-img1063x1081-1662982747jtrboc36781.jpg",55
584407f9-ba72-4155-8bc7-c682c6ad7210,"Y22-703 ﾊﾞﾝﾄﾞｼｰﾀｰ 臼歯YS-703","YDM","https://stomshop.pro/image/cache/catalog/data/00_01/ydm/misc/22703-ydm-ys-703-band-seater-650x650.png",70
f5674ca7-1157-44da-9047-069be5db8b07,"Y22-703 ﾊﾞﾝﾄﾞｼｰﾀｰ 臼歯YS-703","YDM","https://stomshop.pro/image/cache/catalog/data/00_01/ydm/misc/22703-ydm-ys-703-band-seater-650x650.png",70
ce2f94ea-f7a2-43ab-9e47-625aa63df749,"Y22-729 口角鈎 ｱﾝｸﾞﾙﾜｲﾀﾞｰ ｿﾌﾄ(ﾌﾞﾙｰ)2入","YDM","http://www.ydm.co.jp/img/catalog88117.jpg",89
ddfe2007-8c6e-4c63-85ef-61a56786c0fc,"Y22-729 口角鈎 ｱﾝｸﾞﾙﾜｲﾀﾞｰ ｿﾌﾄ(ﾌﾞﾙｰ)2入","YDM","http://www.ydm.co.jp/img/catalog88117.jpg",89
431f18fc-7fd0-4911-af2e-02c133669acb,"Y22-731 口角鈎 A 2個入","YDM","https://www.kaunet.com/kaunet/images/goods/main/extra/4737397a.jpg",55
9ed27e59-cab4-47a4-ad2e-2eb252f4db12,"Y22-731 口角鈎 A 2個入","YDM","https://www.itx.co.jp/files/products/ydm/300-22741.jpg",70
8dd339eb-7dee-43a3-a197-d097338d25cf,"Y22-732 口角鈎 B 2個入","YDM","https://www.itx.co.jp/files/products/ydm/300-22741.jpg",70
5b111e2f-e74a-48c2-879f-8f0fda149217,"Y22-732 口角鈎 B 2個入","YDM","https://www.itx.co.jp/files/products/ydm/300-22741.jpg",70
1aaf2712-d006-4ffb-bb2f-1dda8c5cf814,"Y22-733 口角鈎 C 2入","YDM","https://www.itx.co.jp/files/products/ydm/300-22741.jpg",70
f93fcf86-99f0-4fef-a1c9-9942020e1357,"Y22-733 口角鈎 C 2入","YDM","https://www.itx.co.jp/files/products/ydm/300-22741.jpg",70
91b9c97f-be3a-4d6a-b1ad-f37c614d2ab4,"Y22-734 口角鈎 D 2入","YDM","https://www.biodent-online.com/static/item/Y22-734_1.jpg?1654156454190",48
90981ea5-78c3-4ce6-9096-a607ac33bfc0,"Y22-734 口角鈎 D 2入","YDM","https://www.biodent-online.com/static/item/Y22-734_1.jpg?1654156454190",48
4fb09643-25b0-442b-85ed-85c6ef5b935f,"Y22-739 ﾋﾟｼﾞｮﾝ口角鈎 M 1入","YDM","http://www.ydm.co.jp/img/catalog88117.jpg",89
e9e894a0-56f6-4634-b366-7e1ef45dfb3a,"Y22-740 ﾋﾟｼﾞｮﾝ口角鈎 S 1入","YDM","http://www.ydm.co.jp/img/catalog88117.jpg",89
01a9f8bc-f2e1-495c-ae2e-01b99476285a,"Y22-740 ﾋﾟｼﾞｮﾝ口角鈎 S 1入","YDM","http://www.ydm.co.jp/img/catalog88117.jpg",89
fe909a69-b656-4178-8cb6-176157bb8c8d,"Y22-745 口角鈎 ｱﾝｸﾞﾙﾜｲﾀﾞｰ 2入","YDM","http://www.ydm.co.jp/img/catalog88117.jpg",89
d6f1d61e-90b7-42f0-980e-3ee6bae16383,"Y22-745 口角鈎 ｱﾝｸﾞﾙﾜｲﾀﾞｰ 2入","YDM","http://www.ydm.co.jp/img/catalog88117.jpg",89
d1e08c02-248e-4c63-9885-bbe89bde4b05,"Y22-753 ﾊﾞﾝﾄﾞﾌﾟｯｼｬｰ 標準型 YS-701","YDM","https://static.mercdn.net/item/detail/orig/photos/m91890081414_1.jpg?1741268365",55
073eedfe-b065-49af-9fa6-55f8ff749338,"Y22-753 ﾊﾞﾝﾄﾞﾌﾟｯｼｬｰ 標準型 YS-701","YDM","https://static.mercdn.net/item/detail/orig/photos/m91890081414_1.jpg?1741268365",55
1b62fcdd-6935-4213-8e60-7f2846345b0c,"Y22-754 ﾘｶﾞﾁｬｰｲﾝｽﾂﾙﾒﾝﾄ YS-704A","YDM","http://www.ydm.co.jp/en-new/products/080_kyosei/22754.jpg",77
c2248c38-3d3d-4199-a18e-9a6dc9ea545c,"Y22-754 ﾘｶﾞﾁｬｰｲﾝｽﾂﾙﾒﾝﾄ YS-704A","YDM","http://www.ydm.co.jp/en-new/products/080_kyosei/22754.jpg",77
f4f5f666-316d-482e-bd37-98e8a24062f8,"Y22-771 ﾊﾝﾃﾞｨﾄｰﾁ Labo(技工用)","YDM","https://d15ihgh2blymmz.cloudfront.net/uploads/item_image/4963931227716/4963931227716_1.jpg",55
d5decb74-2988-4a6a-b578-6429b6102409,"Y22-771 ﾊﾝﾃﾞｨﾄｰﾁ Labo(技工用)","YDM","https://images-na.ssl-images-amazon.com/images/I/31UfwTckdzL._UL500_.jpg",62
276124fb-cec8-467d-b1e5-d58b9e926e31,"Y24-017 ｶﾞｯﾀﾊﾟｰﾁｬｹｰｽ ﾐﾆ","YDM","https://service.yoshida-dental.co.jp/s3images/ca/series/10255/images/%E3%82%AC%E3%83%83%E3%82%BF%E3%83%91%E3%83%BC%E3%83%81%E3%83%A3_P71_.jpg",101
366df8d8-ee0d-4e5e-9f80-0150c0b4cd8d,"Y24-017 ｶﾞｯﾀﾊﾟｰﾁｬｹｰｽ ﾐﾆ","YDM","https://service.yoshida-dental.co.jp/s3images/ca/series/10255/images/%E3%82%AC%E3%83%83%E3%82%BF%E3%83%91%E3%83%BC%E3%83%81%E3%83%A3_P71_.jpg",101
d1412a14-285f-4304-9c1b-4a04af969c50,"Y29-001　止血鉗子 ﾓｽｷｰﾄ 直","YDM","https://www.itx.co.jp/files/products/ydm/300-29001.jpg",70
080416e7-5292-44bd-b970-4ae0d9e881e4,"Y29-001　止血鉗子 ﾓｽｷｰﾄ 直","YDM","https://www.itx.co.jp/files/products/ydm/300-29001.jpg",70
19a07261-4bc5-4bc9-a5dd-7d0580dc08a6,"Y29-002　止血鉗子 ﾓｽｷｰﾄ 曲","YDM","https://shop.pdr.co.jp/g_images/series-755/series-755_01.jpg",80
8b60a6a0-8e0e-4809-accd-eaabd3c6733d,"Y29-002　止血鉗子 ﾓｽｷｰﾄ 曲","YDM","https://shop.pdr.co.jp/g_images/series-755/series-755_01.jpg",80
612f1e04-43e9-41e0-9445-30c49c5eefd6,"Y29-013 持針器 ﾎﾙｾｲ","YDM","https://www.itx.co.jp/files/products/ydm/300-29013.jpg",70
ef0162b1-7e05-4b3a-84fc-7a074cca1e7f,"Y29-014 持針器 ﾍﾞﾋﾞｰｸﾗｲﾙ ｳｯﾄﾞ","YDM","https://www.itx.co.jp/files/products/ydm/300-29014.jpg",70
0f5d7dfd-9d7c-4ed4-83c2-af90b5823403,"Y29-014 持針器 ﾍﾞﾋﾞｰｸﾗｲﾙ ｳｯﾄﾞ","YDM","https://www.itx.co.jp/files/products/ydm/300-29014.jpg",70
2c4b6206-1c90-4304-a116-90c83e986699,"Y29-022 歯肉ﾊﾞｻﾐ ｱｲﾘｽ 曲","YDM","https://shop.pdr.co.jp/g_images/series-1672/series-1672_01.jpg",80
fcc9085d-7e1a-47a8-ab83-356e3bed1cd3,"Y29-022 歯肉ﾊﾞｻﾐ ｱｲﾘｽ 曲","YDM","https://shop.pdr.co.jp/g_images/series-1672/series-1672_01.jpg",80
e6257a57-4d29-41d3-bacd-320ebdf7dcb5,"Y29-091 替刃ﾒｽﾊﾝﾄﾞﾙ #3","YDM","https://d15ihgh2blymmz.cloudfront.net/uploads/item_image/4547458130782/4547458130782_1.jpg",55
5a1c822e-bb09-4502-8055-78abb21ec53b,"Y29-091 替刃ﾒｽﾊﾝﾄﾞﾙ #3","YDM","https://www.matsuyoshi.co.jp/files_thumbnail/_files_item_item-images_00011780_main_jpg_w500px_h500px.jpg",55
73ac9e54-7f9a-4a7b-9d5a-452f47fa4a2c,"Y33-017 Gｷｭﾚｯﾄ est2 ｻｸﾗH #G13-14","YDM","https://cdndental.feed.jp/contents/common/img/goods/item/3132539/3132539_L.jpg",55
4d3811cb-c39c-44e1-aa87-137e301a8c69,"Y33-017 Gｷｭﾚｯﾄ est2 ｻｸﾗH #G13-14","YDM","https://cdndental.feed.jp/contents/common/img/goods/item/3132539/3132539_L.jpg",55
cfa31d16-ac6f-4ec3-a409-56e2ebc84369,"Y33-018 Gｷｭﾚｯﾄ est2 ｻｸﾗH #G15-16","YDM","https://shop.pdr.co.jp/g_images/series-10802/series-10802_02.jpg",80
d2a05dd6-4393-4121-848a-2e38832fe145,"Y33-047 Gｷｭﾚｯﾄ est2 ｶﾗﾌｨｰH #G13-14","YDM","https://cdndental.feed.jp/contents/common/img/goods/item/3132602/3132602_L.jpg",55
dcc7b1c9-69a9-4935-a50a-8d5d09cac1fa,"Y33-047 Gｷｭﾚｯﾄ est2 ｶﾗﾌｨｰH #G13-14","YDM","https://cdndental.feed.jp/contents/common/img/goods/item/3132602/3132602_L.jpg",55
e99201e3-c5a1-426a-a6e5-5c099144c82b,"Y33-121 Gｷｭﾚｯﾄ est2 TOIRO ﾐﾆ #G1-2","YDM","https://shop.pdr.co.jp/g_images/series-10802/series-10802_02.jpg",80
e80dc0ca-3ec1-44e0-9743-7e893de02cdc,"Y33-126 Gｷｭﾚｯﾄ est2 TOIRO ﾐﾆ #G11-12","YDM","https://shop.pdr.co.jp/g_images/series-10802/series-10802_02.jpg",80
f57980cf-282f-49b2-9120-e037a33967c8,"Y33-126 Gｷｭﾚｯﾄ est2 TOIRO ﾐﾆ #G11-12","YDM","https://shop.pdr.co.jp/g_images/series-10802/series-10802_02.jpg",80
2059f97d-dc62-4f27-9ab2-d4db836594f7,"Y33-127 Gｷｭﾚｯﾄ est2 TOIRO ﾐﾆ #G13-14","YDM","https://shop.pdr.co.jp/g_images/series-10802/series-10802_02.jpg",80
e06df291-05f7-43ef-9da1-184ff4aeb770,"Y33-127 Gｷｭﾚｯﾄ est2 TOIRO ﾐﾆ #G13-14","YDM","https://shop.pdr.co.jp/g_images/series-10802/series-10802_02.jpg",80
32e9096d-58b5-4438-a761-0751907e3a1b,"Y33-304 ｽｹｰﾗｰ est2 TOIRO #H5/33","YDM","https://shop.pdr.co.jp/g_images/series-10805/series-10805_01.jpg",80
d9e4275a-d605-4f11-b9da-46ef9d80169d,"Y33-304 ｽｹｰﾗｰ est2 TOIRO #H5/33","YDM","https://shop.pdr.co.jp/g_images/series-10805/series-10805_01.jpg",80
23f361e9-95fb-4e0a-9ff9-72f7b09b29d2,"Y33-305 ｽｹｰﾗｰ est2 TOIRO #H6/H7","YDM","https://shop.pdr.co.jp/g_images/series-10805/series-10805_01.jpg",80
947970f1-470e-4a1e-9f9f-cdf3b86c208e,"Y33-305 ｽｹｰﾗｰ est2 TOIRO #H6/H7","YDM","https://shop.pdr.co.jp/g_images/series-10805/series-10805_01.jpg",80
c8ec2ddb-9203-47dc-ad4e-4936c14e955e,"ﾐﾗｰﾄｯﾌﾟ ﾌﾛﾝﾄｻｰﾌｪｲｽ 12枚入 4P","YDM","https://auctions.afimg.jp/f485066900/ya/image/f485066900.1.jpg",55
2c41d917-9206-4554-b593-6c27c184c47b,"ﾐﾗｰﾄｯﾌﾟ ﾌﾛﾝﾄｻｰﾌｪｲｽ 12枚入 4P","YDM","https://auctions.c.yimg.jp/images.auctions.yahoo.co.jp/image/dr000/auc0508/users/63f62edac5d9b00a01e4385f1aac65c9439ac8a6/i-img966x801-1723378519hpsmwa7.jpg",52
36725438-6780-4ec1-9a48-d8f05bf09817,"ﾗﾊﾞｰﾀﾞﾑｸﾗﾝﾌﾟ #26","YDM","https://d15ihgh2blymmz.cloudfront.net/uploads/item_image/4560218660183/4560218660183_1.jpg",55
2768325a-3fbd-4483-927a-60f1356db4b8,"ﾗﾊﾞｰﾀﾞﾑｸﾗﾝﾌﾟ #26","YDM","https://d15ihgh2blymmz.cloudfront.net/uploads/item_image/4560218660183/4560218660183_1.jpg",55
8dfd662e-8cf6-4475-ab50-6282beeabbf1,"ﾜﾝﾀｯﾁｺｯﾄﾝﾎﾞｯｸｽ (3連)","YDM","https://www.itx.co.jp/files/products/ydm/300-13557.jpg",70
38e0402d-7297-4d00-a95b-2aa447696d8c,"ﾜﾝﾀｯﾁｺｯﾄﾝﾎﾞｯｸｽ (3連)","YDM","https://www.itx.co.jp/files/products/ydm/300-13557.jpg",70
fbfe7d28-3efe-4594-a418-81c5d321bc15,"両頭ｴｷｽｶﾍﾞｰﾀｰ 角柄 #4","YDM","https://shop.pdr.co.jp/g_images/series-10888/series-10888_02.jpg",80
049acc17-530b-47e5-b9e6-c911179b7f9b,"両頭ｴｷｽｶﾍﾞｰﾀｰ 角柄 #4","YDM","https://shop.pdr.co.jp/g_images/series-10888/series-10888_02.jpg",80
a4ca2fa0-56fc-4a19-a929-225dee2822b4,"両頭練成充填器 #1","YDM","https://shop.pdr.co.jp/g_images/series-10801/series-10801_01.jpg",80
d50fa887-aa1b-42ca-92e2-ad804946eabe,"口角鈎 ｽﾃﾝﾍﾞﾙﾋ L","YDM","https://auctions.c.yimg.jp/images.auctions.yahoo.co.jp/image/dr000/auc0409/users/10c3e2b2a7979ac6a9f7c62393f0a32abef6fc10/i-img1024x1024-1695953625jflmap576278.jpg",55
919f3b05-9343-422b-81c5-0b1502d22f4a,"口角鈎 ｽﾃﾝﾍﾞﾙﾋ L","YDM","https://auctions.c.yimg.jp/images.auctions.yahoo.co.jp/image/dr000/auc0409/users/10c3e2b2a7979ac6a9f7c62393f0a32abef6fc10/i-img1024x1024-1695953625jflmap576278.jpg",55
3171029f-ffd2-4e7d-a922-626ff1242567,"口角鈎 ｽﾃﾝﾍﾞﾙﾋ S","YDM","https://www.biodent-online.com/static/item/Y14-658_1.jpg?1654156454190",48
829dbcbb-88ca-43ac-9e33-3ee11fe98ccd,"口角鈎 ｽﾃﾝﾍﾞﾙﾋ S","YDM","https://www.biodent-online.com/static/item/Y14-658_1.jpg?1654156454190",48
79a672ab-4380-4ce7-b738-b1746a90b04b,"持針器 ﾍﾞﾋﾞｰｸﾗｲｳｯﾄﾞ 29014","YDM","https://www.itx.co.jp/files/products/ydm/300-29014.jpg",70
f7a78a20-6b65-4f3d-a160-4ae0490c540d,"持針器 ﾍﾞﾋﾞｰｸﾗｲｳｯﾄﾞ 29014","YDM","https://www.itx.co.jp/files/products/ydm/300-29014.jpg",70
02df3661-fd7a-4681-afb4-5519973f821f,"替刃ﾒｽﾊﾝﾄﾞﾙ #3","YDM","https://www.matsuyoshi.co.jp/files/item/item-images/00011740_main.jpg",55
12e5a92e-f1e1-44c9-8673-825eb738985c,"替刃ﾒｽﾊﾝﾄﾞﾙ #3","YDM","https://www.matsuyoshi.co.jp/files/item/item-images/00011740_main.jpg",55
2d2c129a-0e58-4626-908e-6a996918d531,"滅菌済縫合糸 ﾌﾞﾚｰﾄﾞｼﾙｸ 黒3-0 40X10X20　7067","ｱｷﾔﾏ","https://www.matsuyoshi.co.jp/files/item/item-images/00155367_main.jpg",55
9da57ec6-f291-47b0-9c77-988a3ade6760,"滅菌済縫合糸 ﾌﾞﾚｰﾄﾞｼﾙｸ 黒3-0 40X10X20　7067","ｱｷﾔﾏ","https://www.matsuyoshi.co.jp/files/item/item-images/00155367_main.jpg",55
979666fb-05a6-4ef2-bc6f-f2ed40f3a3d6,"HAPIC　ﾊﾋﾟｯｸ　歯垢染め出しﾗｲﾄ　ﾌﾞﾗｯｸ","ｱｸﾛｽ","https://cms.akros-net.co.jp/wp-content/uploads/2023/02/Product6_893e259ec9f57b01bf8fb6f3ab2c7c31.png",55
da580a6a-ecb0-401e-8e9d-43245db50018,"HAPIC　ﾊﾋﾟｯｸ　歯垢染め出しﾗｲﾄ　ﾌﾞﾗｯｸ","ｱｸﾛｽ","https://cms.akros-net.co.jp/wp-content/uploads/2023/02/Product6_893e259ec9f57b01bf8fb6f3ab2c7c31.png",55
c380001f-bd95-4c33-96f4-75ef6232c774,"ﾄﾗｯﾌﾟｸﾘﾝ 350g","ｱｸﾛｽ","https://cms.akros-net.co.jp/wp-content/uploads/2023/03/ProductList18_ed82e04ad41e34c5c2b67fa74419d8e6.png",55
082719f3-1d7c-4c3f-9146-c8cab7b4ed1c,"ﾄﾗｯﾌﾟｸﾘﾝ 350g","ｱｸﾛｽ","https://cms.akros-net.co.jp/wp-content/uploads/2023/03/ProductList18_ed82e04ad41e34c5c2b67fa74419d8e6.png",55
c3c93081-3c27-431e-ac05-95cdfe448075,"ﾄﾗｯﾌﾟ用接続ﾎｰｽｾｯﾄ(OUT側)","ｱｸﾛｽ","https://image.rakuten.co.jp/livingut/cabinet/maker_shinko4/402660-sz.jpg",55
ad759d1e-6782-4971-a4cb-cc5f6b5ed58b,"ﾄﾗｯﾌﾟ用接続ﾎｰｽｾｯﾄ(OUT側)","ｱｸﾛｽ","https://image.rakuten.co.jp/livingut/cabinet/maker_shinko4/402660-sz.jpg",55
cd774ca0-7c57-43a3-9461-a99bcd90e8dc,"ﾌﾟﾗｽﾀｰ･ﾄﾗｯﾌﾟ PS-Ⅱ(角型)","ｱｸﾛｽ","https://cms.akros-net.co.jp/wp-content/uploads/2023/03/ProductList18_ed82e04ad41e34c5c2b67fa74419d8e6.png",55
6d8da527-5f6e-40af-a8cd-1f2aaf85b77a,"ﾌﾟﾗｽﾀｰ･ﾄﾗｯﾌﾟ PS-Ⅱ(角型)","ｱｸﾛｽ","https://cms.akros-net.co.jp/wp-content/uploads/2023/03/ProductList18_ed82e04ad41e34c5c2b67fa74419d8e6.png",55
bebaa3f6-9a63-42bf-9c56-973a0655732c,"作業料","ｱｸﾛｽ","https://tshop.r10s.jp/yamashita-yamasen/cabinet/item_images/cuc/cuc_ag8000_011.jpg?n4k7lfht9budw102vcqj",75
0d897443-7e20-4f5b-801f-27d8794901e7,"作業料","ｱｸﾛｽ","https://makeshop-multi-images.akamaized.net/arc1/itemimages/000000063167_1_jNM0yAt.jpg",55
9d42e5a9-1a1a-4c80-a64d-f93f8ba06027,"出張費","ｱｸﾛｽ","https://www.jiji.com/news2/kiji_photos/202410/20241030ax11S_o.jpg",55
48b3f53b-5b77-4788-b6c9-69eb200ea9a7,"出張費","ｱｸﾛｽ","https://simum.jp/wp-content/uploads/2025/04/template_nj1ixz_image-724x1024.jpg",49
d8a37421-2757-4b21-85ad-dc898dfb65de,"排水口ｾｯﾄ(L)","ｱｸﾛｽ","https://cdn.l.shop-list.com/res/up/shoplist/shp/__thum370__/livingut/images/maker_shinko4/402689_3.jpg",55
3ec3c650-5716-4521-9732-1392f4ec0a54,"点検･調節･作業費","ｱｸﾛｽ","https://motorrad-mitsuoka.com/system/wp-content/uploads/2024/09/fbb84c5bb1f28e2879985d56c8275671.png",55
dcb4ebc4-eb38-4028-9b69-35c59396cce3,"点検･調節･作業費","ｱｸﾛｽ","https://motorrad-mitsuoka.com/system/wp-content/uploads/2024/09/fbb84c5bb1f28e2879985d56c8275671.png",55
2cc4dcf7-e259-47bf-a12c-f3b894786384,"ｵｰﾗﾙﾌﾟﾗｽ うるおい口腔ｹｱｼﾞｪﾙ　126558","ｱｻﾋ","https://www.icare-life.jp/files/item_images/2491/0.jpg",50
ba7ea239-eb59-4a78-b3b8-87af428eafbf,"ｵｰﾗﾙﾌﾟﾗｽ うるおい口腔ｹｱｼﾞｪﾙ　126558","ｱｻﾋ","https://www.icare-life.jp/files/item_images/2491/0.jpg",50
5b8ea3f9-e92f-4c06-aeaa-0d2023378f54,"ｵｰﾗﾙﾌﾟﾗｽ 口腔ｹｱｽﾎﾟﾝｼﾞ 60本入　24010","ｱｻﾋ","https://m.media-amazon.com/images/I/61tHmQPfEOL.jpg?4zbnvfqe26ws1ulp269sf8htra3b5y7&8jywms60ic&hyj2ckau81pz3fe0",75
d654849b-168f-49f0-bfb8-24168f7f7a2a,"ｵｰﾗﾙﾌﾟﾗｽ 口腔ｹｱｽﾎﾟﾝｼﾞ 60本入　24010","ｱｻﾋ","https://m.media-amazon.com/images/I/61tHmQPfEOL.jpg?4zbnvfqe26ws1ulp269sf8htra3b5y7&8jywms60ic&hyj2ckau81pz3fe0",75
2fa5b9ab-265f-4327-93b9-7ba1530a5f7b,"口腔ｹｱｳｴｯﾃｨｰ 本体ﾎﾞﾄﾙ 19966","ｱｻﾋ","https://m.media-amazon.com/images/I/71+mlj-708L.jpg?ybormqtxjdawl7gc&vfbcp5euqknagwd74i",63
48b735f9-49de-4423-bf46-ee97b17f197c,"口腔ｹｱｳｴｯﾃｨｰ 本体ﾎﾞﾄﾙ 19966","ｱｻﾋ","https://m.media-amazon.com/images/I/71+mlj-708L.jpg?ybormqtxjdawl7gc&vfbcp5euqknagwd74i",63
2aa28e52-24e5-4f16-9bc9-4dfdf247af3f,"口腔ｹｱｳｴｯﾃｨｰ 詰替用 19967","ｱｻﾋ","https://m.media-amazon.com/images/I/71+mlj-708L.jpg?ybormqtxjdawl7gc&vfbcp5euqknagwd74i",63
29da59ab-d676-4315-9002-7b11ae0dc9f0,"口腔ｹｱｳｴｯﾃｨｰ 詰替用 19967","ｱｻﾋ","https://m.media-amazon.com/images/I/71+mlj-708L.jpg?ybormqtxjdawl7gc&vfbcp5euqknagwd74i",63
c6c31e68-f43b-49a2-830d-e8978e7f87df,"口腔保湿ｼﾞｪﾙ うるおいｷｰﾌﾟ 19968","ｱｻﾋ","https://www.e-welcia.com/upload/save_image/gazo59/4987244157058.jpg",55
e2ef4158-ee54-4668-a41c-71556614c67a,"口腔保湿ｼﾞｪﾙ うるおいｷｰﾌﾟ 19968","ｱｻﾋ","https://www.e-welcia.com/upload/save_image/gazo59/4987244157058.jpg",55
f8c4858f-4d42-4080-9600-90ab4b6ed4ba,"ﾎﾙﾎｰﾌﾟD中和･消臭消臭液500mL各5本","ｱｽｶ","https://owariasahi-haisya.com/wp-content/uploads/2021/01/750d9ebb363a0d8dfc42fb224f10edf1-1024x825.jpg",51
db274deb-2899-4419-bfb5-938b61172d2a,"B+(ﾋﾞｰﾌﾟﾗｽ)100g","ｱｯﾄﾏｰｸｺﾝｻﾙ","https://static.mercdn.net/item/detail/orig/photos/m58942120217_1.jpg?1605608115",55
dadd634f-6356-4452-886b-211c5cc419d6,"B+(ﾋﾞｰﾌﾟﾗｽ)100g","ｱｯﾄﾏｰｸｺﾝｻﾙ","https://static.mercdn.net/item/detail/orig/photos/m58942120217_1.jpg?1605608115",55
5c7ffede-ffbf-4740-b0f0-115ea65325fa,"休日対応費","ｱﾄﾞﾊﾞﾝｽｼﾞｬﾊﾟﾝ","https://advance-japan.tokyo/wp-content/uploads/2025/11/advance-japan155-1024x768.jpg",50
1eb55130-3e16-4647-8d40-f0e140cf099f,"休日対応費","ｱﾄﾞﾊﾞﾝｽｼﾞｬﾊﾟﾝ","https://advance-japan.tokyo/wp-content/uploads/2025/11/advance-japan155-1024x768.jpg",50
dabd672e-05a1-4f9f-85f7-f0074a3a4f4a,"作業費","ｱﾄﾞﾊﾞﾝｽｼﾞｬﾊﾟﾝ","http://advance-japan.tokyo/wp-content/uploads/2025/06/advance-japan003-1024x768.jpg",50
0f18827c-ad7c-4cb9-861c-d2cd6e2f5928,"作業費","ｱﾄﾞﾊﾞﾝｽｼﾞｬﾊﾟﾝ","http://advance-japan.tokyo/wp-content/uploads/2025/06/advance-japan003-1024x768.jpg",50
679d798a-578b-4c9e-b62e-83203ec8df87,"増設工事接続作業費","ｱﾄﾞﾊﾞﾝｽｼﾞｬﾊﾟﾝ","https://t-engineering.jp/wp/wp-content/uploads/2023/05/Fotoram.io_-1024x1024.jpg",55
bf37e507-6c00-4d0c-9d21-36cf506ea23b,"133-98 ｽｸﾗﾌﾞ L ﾈｲﾋﾞｰ","ｱﾌﾟﾛﾝ","https://cdn.askul.co.jp/img/product/3L1/XR10100_3L1.jpg",55
e6503749-0280-44c0-9b09-b33e5ec6742b,"133-98 ｽｸﾗﾌﾞ L ﾈｲﾋﾞｰ","ｱﾌﾟﾛﾝ","https://cdn.askul.co.jp/img/product/3L1/XR10100_3L1.jpg",55
edeb9407-833c-4dd0-903e-c6273491dfbc,"133-98 ｽｸﾗﾌﾞ LL ﾈｲﾋﾞｰ","ｱﾌﾟﾛﾝ","https://www.hakui-uni.com/eshopdo/refer/img2/1/add_2_1356494299.jpg",55
befc4389-3b55-40e1-9b16-62ef5da17794,"133-98 ｽｸﾗﾌﾞ LL ﾈｲﾋﾞｰ","ｱﾌﾟﾛﾝ","https://www.hakui-uni.com/eshopdo/refer/img2/1/add_2_1356494299.jpg",55
d13727e3-5996-4413-8e71-624deb134d41,"000-111 顎間ｺﾞﾑ ｺﾞﾘﾗ","ｱﾒﾘｶﾝｵｰｿﾄﾞﾝﾃｨｯｸ","https://sweden-oc.com/wp-content/uploads/IMG_7075.jpg",54
ae135b9f-83e4-4711-a832-24fd230b336a,"A000-102 ｴﾗｽﾃｨｯｸ L 3/16  ｺﾓﾄﾞﾄﾞﾗｺﾞﾝ","ｱﾒﾘｶﾝｵｰｿﾄﾞﾝﾃｨｯｸ","https://d15ihgh2blymmz.cloudfront.net/uploads/item_image/4571256449067/4571256449067_1.jpg",55
cca34011-a24a-4106-8a0c-bb9a1fafe4d3,"A000-102 ｴﾗｽﾃｨｯｸ L 3/16  ｺﾓﾄﾞﾄﾞﾗｺﾞﾝ","ｱﾒﾘｶﾝｵｰｿﾄﾞﾝﾃｨｯｸ","https://walking.asics.com/images/item/TIZ403-11/TIZ403-11_11_0_20241115151123_pm.jpg",55
ace5b45c-8a39-45c9-b2b1-5e5c93a4e9a3,"A000-110　顎間ｺﾞﾑ ｳﾙﾌ","ｱﾒﾘｶﾝｵｰｿﾄﾞﾝﾃｨｯｸ","https://sweden-oc.com/wp-content/uploads/IMG_7075.jpg",54
adfb03be-7ff3-42f6-8a8f-96f2d0972d76,"A000-110　顎間ｺﾞﾑ ｳﾙﾌ","ｱﾒﾘｶﾝｵｰｿﾄﾞﾝﾃｨｯｸ","https://sweden-oc.com/wp-content/uploads/IMG_7075.jpg",54
b72fc20e-61fd-4507-8985-2b72c6b47317,"A000-110LF 顎間ｺﾞﾑ ﾊﾞﾀﾌﾗｲﾌｨｯｼｭ","ｱﾒﾘｶﾝｵｰｿﾄﾞﾝﾃｨｯｸ","https://www.sweden-kyousei.com/blogs/wp-content/uploads/sites/3/2023/03/IMG_7051.jpg",50
ec8966fb-dd60-4ffe-9a40-ac56927fcd6e,"A000-110LF 顎間ｺﾞﾑ ﾊﾞﾀﾌﾗｲﾌｨｯｼｭ","ｱﾒﾘｶﾝｵｰｿﾄﾞﾝﾃｨｯｸ","https://www.sweden-kyousei.com/blogs/wp-content/uploads/sites/3/2023/03/IMG_7051.jpg",50
243d8483-988c-4236-9ec2-f503fa88a127,"A000-111 顎間ｺﾞﾑ ｺﾞﾘﾗ","ｱﾒﾘｶﾝｵｰｿﾄﾞﾝﾃｨｯｸ","https://sweden-oc.com/wp-content/uploads/IMG_7075.jpg",54
ba1b0d39-bc62-402c-bbbb-c71418d9276f,"A000-111 顎間ｺﾞﾑ ｺﾞﾘﾗ","ｱﾒﾘｶﾝｵｰｿﾄﾞﾝﾃｨｯｸ","https://sweden-oc.com/wp-content/uploads/IMG_7075.jpg",54
27af3a20-f381-479a-8672-8bcbc38cb736,"A000-111LF 顎間ｺﾞﾑ ｼﾞｪﾘｰﾌｨｯｼｭ","ｱﾒﾘｶﾝｵｰｿﾄﾞﾝﾃｨｯｸ","https://sweden-oc.com/wp-content/uploads/IMG_7075.jpg",54
06e6e5f9-1c32-4b22-b35f-82fef302eafb,"A000-111LF 顎間ｺﾞﾑ ｼﾞｪﾘｰﾌｨｯｼｭ","ｱﾒﾘｶﾝｵｰｿﾄﾞﾝﾃｨｯｸ","https://www.sugamo-s-shika.com/wp-content/uploads/3c6807b1cc059a119ab92e3abf54ee2a.jpeg",50
6c113a27-5596-40cb-b809-599098c2f2c1,"A000-112　顎間ｺﾞﾑ ｲｰｸﾞﾙ","ｱﾒﾘｶﾝｵｰｿﾄﾞﾝﾃｨｯｸ","https://sweden-oc.com/wp-content/uploads/IMG_7075.jpg",54
e39dedd8-d3f5-4377-8fcb-1b1574d2c4e9,"A000-112　顎間ｺﾞﾑ ｲｰｸﾞﾙ","ｱﾒﾘｶﾝｵｰｿﾄﾞﾝﾃｨｯｸ","https://sweden-oc.com/wp-content/uploads/IMG_7075.jpg",54
571670ff-a6c6-4ea4-a0be-e9079d93c1eb,"A000-112LF 顎間ｺﾞﾑ ｻﾝﾄﾞﾀﾞﾗｰ","ｱﾒﾘｶﾝｵｰｿﾄﾞﾝﾃｨｯｸ","https://sweden-oc.com/wp-content/uploads/IMG_7075.jpg",54
25a317b7-a4e6-4876-812e-d2724458ea39,"A000-112LF 顎間ｺﾞﾑ ｻﾝﾄﾞﾀﾞﾗｰ","ｱﾒﾘｶﾝｵｰｿﾄﾞﾝﾃｨｯｸ","https://sweden-oc.com/wp-content/uploads/IMG_7075.jpg",54
0fdb8816-d802-4c9e-b47d-6ef35a8cf460,"A000-120 顎間ｺﾞﾑ ｴﾚﾌｧﾝﾄ","ｱﾒﾘｶﾝｵｰｿﾄﾞﾝﾃｨｯｸ","https://sweden-oc.com/wp-content/uploads/IMG_7075.jpg",54
1acdc9f7-f98a-457e-aead-fc0c7b2181b2,"A000-120 顎間ｺﾞﾑ ｴﾚﾌｧﾝﾄ","ｱﾒﾘｶﾝｵｰｿﾄﾞﾝﾃｨｯｸ","https://sweden-oc.com/wp-content/uploads/IMG_7075.jpg",54
5063dc13-2ee1-4b66-8a7e-6fc74fbdf34b,"A000-121 ｴﾗｽﾃｨｯｸ H 3/16 ﾄｰﾀｽ（ｶﾒ）","ｱﾒﾘｶﾝｵｰｿﾄﾞﾝﾃｨｯｸ","https://d15ihgh2blymmz.cloudfront.net/uploads/item_image/4571256449067/4571256449067_1.jpg",55
cf28eec8-abe6-4cbc-a064-77a053fb049b,"A000-121 ｴﾗｽﾃｨｯｸ H 3/16 ﾄｰﾀｽ（ｶﾒ）","ｱﾒﾘｶﾝｵｰｿﾄﾞﾝﾃｨｯｸ","https://d15ihgh2blymmz.cloudfront.net/uploads/item_image/4571256449067/4571256449067_1.jpg",55
0ea6782b-58ee-4b67-9a68-e805cc82970d,"ｴﾗｽﾃｨｯｸ L 3/16 A000-102 ｺﾓﾄﾞﾄﾞﾗｺﾞﾝ","ｱﾒﾘｶﾝｵｰｿﾄﾞﾝﾃｨｯｸ","https://d15ihgh2blymmz.cloudfront.net/uploads/item_image/4571256449067/4571256449067_1.jpg",55
f3fce3fe-fa46-4ec3-80de-4c14dede93fb,"ｴﾗｽﾃｨｯｸ L 3/16 A000-102 ｺﾓﾄﾞﾄﾞﾗｺﾞﾝ","ｱﾒﾘｶﾝｵｰｿﾄﾞﾝﾃｨｯｸ","https://d15ihgh2blymmz.cloudfront.net/uploads/item_image/4571256449067/4571256449067_1.jpg",55
d3bf868e-5e9b-4cf9-ba82-9229fa16da3e,"顎間ｺﾞﾑ ｴﾚﾌｧﾝﾄ","ｱﾒﾘｶﾝｵｰｿﾄﾞﾝﾃｨｯｸ","https://www.sweden-kyousei.com/blogs/wp-content/uploads/sites/3/2023/03/IMG_7075.jpg",54
2aab6ef1-3b77-4913-ba6e-118d6d3cc68d,"顎間ｺﾞﾑ ｴﾚﾌｧﾝﾄ","ｱﾒﾘｶﾝｵｰｿﾄﾞﾝﾃｨｯｸ","https://www.sweden-kyousei.com/blogs/wp-content/uploads/sites/3/2023/03/IMG_7075.jpg",54
0868a814-800a-4a19-817b-5edc25fccb31,"5台連結充電ｽﾀﾝﾄﾞ EDC-208R","ｱﾙｲﾝｺ","https://shop.r10s.jp/acst/cabinet/mobile/edc208r.jpg",55
18bf0f10-0890-442a-8d43-2511a8352c68,"5台連結充電ｽﾀﾝﾄﾞ EDC-208R","ｱﾙｲﾝｺ","https://shop.r10s.jp/acst/cabinet/mobile/edc208r.jpg",55
37b1eafc-3744-43c5-b4ee-6ccf98692a6d,"ｲﾝｶﾑ本体 DJ-PX5 ﾌﾞﾗｯｸ","ｱﾙｲﾝｺ","https://m.media-amazon.com/images/I/611-Gb9LtuL._AC_.jpg",67
55d10dd9-8f82-49ea-a77f-18c13790cfbe,"ｲﾝｶﾑ本体 DJ-PX5 ﾌﾞﾗｯｸ","ｱﾙｲﾝｺ","https://m.media-amazon.com/images/I/611-Gb9LtuL._AC_.jpg",67
5533d585-09cb-4cf9-90c0-67d54c112465,"連結充電大型ｱﾀﾞﾌﾟﾀｰ EDC-162","ｱﾙｲﾝｺ","https://www.system-joho.co.jp/wp-content/uploads/EDC-162-1.jpg",55
62cf9347-a764-4581-af61-9e4a07e4506b,"連結充電大型ｱﾀﾞﾌﾟﾀｰ EDC-162","ｱﾙｲﾝｺ","https://www.system-joho.co.jp/wp-content/uploads/EDC-162-1.jpg",55
6c3cf95c-7df7-4f88-acd5-b8070e69341b,"ｽﾋﾟｰﾄﾞ ｶﾞﾝ","ｱﾝｼﾞｪﾗｽ","https://item-shopping.c.yimg.jp/i/n/rennes-japan_bl-speedstarv-4580313185015",50
935bcb70-a6e4-481c-b3ff-9b92f2cc5fba,"ｽﾋﾟｰﾄﾞ ｶﾞﾝ","ｱﾝｼﾞｪﾗｽ","https://m.media-amazon.com/images/I/615DJRGYPOL._AC_UF1000,1000_QL80_.jpg",68
639cef77-7bf1-4202-ab2e-48737acb9db8,"ﾌﾟﾚｼｼﾞｮﾝSM620ﾌﾛｱﾏｳﾝﾄ型350m架台","ｱﾝｼﾞｪﾗｽ","https://angelus-japan.co.jp/wp-content/uploads/2023/10/precision-sm620-2.2-768x960.jpg",51
4f062d77-617f-496a-91be-5a74977716b1,"ﾌﾟﾚｼｼﾞｮﾝSM620ﾌﾛｱﾏｳﾝﾄ型350m架台","ｱﾝｼﾞｪﾗｽ","https://angelus-japan.co.jp/wp-content/uploads/2023/10/precision-sm620-2.2-768x960.jpg",51
7a530edc-3fcc-4794-86fb-553863d9354f,"O脚補正 2WAYｴｱｰｻﾝﾀﾞﾙ ﾌﾞﾗｯｸ LL","ｱﾝﾌｧﾐｴ","https://www.infirmiere.co.jp/img/usr/goods/g9251502-s2.jpg",55
ca9f1306-4ef5-4444-81ff-e37202c9cf8a,"O脚補正 2WAYｴｱｰｻﾝﾀﾞﾙ ﾌﾞﾗｯｸ LL","ｱﾝﾌｧﾐｴ","https://www.infirmiere.co.jp/img/usr/goods/g9253231-s2.jpg",55
f2dc79ac-77f0-4312-926e-8dcfd7866f14,"O脚補正 ｸﾛｽﾍﾞﾙﾄﾊﾞﾝﾄﾞﾅｰｽｻﾝﾀﾞﾙ ﾌﾞﾗｯｸ LL","ｱﾝﾌｧﾐｴ","https://www.infirmiere.co.jp/img/usr/goods/g9224604-s4.jpg",55
a68a2fe2-6b73-47b5-95eb-90032a14227c,"O脚補正 ｸﾛｽﾍﾞﾙﾄﾊﾞﾝﾄﾞﾅｰｽｻﾝﾀﾞﾙ ﾌﾞﾗｯｸ LL","ｱﾝﾌｧﾐｴ","https://www.infirmiere.co.jp/img/usr/goods/g9224604-s4.jpg",55
2e6045ae-c171-4888-a9c5-171dbd4814fe,"なめらか綿混VﾈｯｸｶｰﾃﾞｨｶﾞﾝL(ﾚｷﾞｭﾗｰ丈)ｼﾙﾊﾞｰG","ｱﾝﾌｧﾐｴ","https://www.infirmiere.co.jp/img/usr/goods/g8091-086-001-s1.jpg",55
7a5ec821-f6e4-4c1a-8bb4-5c11dbebdec8,"なめらか綿混VﾈｯｸｶｰﾃﾞｨｶﾞﾝL(ﾚｷﾞｭﾗｰ丈)ｼﾙﾊﾞｰG","ｱﾝﾌｧﾐｴ","https://www.infirmiere.co.jp/img/usr/goods/g8091-086-001-s1.jpg",55
4c4be7fd-e618-4c7e-a7f6-f88859543d9a,"なめらか綿混VﾈｯｸｶｰﾃﾞｨｶﾞﾝL(ﾚｷﾞｭﾗｰ丈)ﾈｲﾋﾞｰ","ｱﾝﾌｧﾐｴ","https://m.media-amazon.com/images/I/61AIKf14wXL._AC_SL1500_.jpg",72
00bc14fa-237f-4fc4-9f67-2573bf6a5e79,"なめらか綿混VﾈｯｸｶｰﾃﾞｨｶﾞﾝL(ﾚｷﾞｭﾗｰ丈)ﾈｲﾋﾞｰ","ｱﾝﾌｧﾐｴ","https://m.media-amazon.com/images/I/61AIKf14wXL._AC_SL1500_.jpg",72
5cb0578b-1791-4ee3-b2ef-8cc21d475f5a,"なめらか綿混VﾈｯｸｶｰﾃﾞｨｶﾞﾝL(ﾚｷﾞｭﾗｰ丈)ﾌﾞﾗｯｸ","ｱﾝﾌｧﾐｴ","https://m.media-amazon.com/images/I/61AIKf14wXL._AC_SL1500_.jpg",72
d75b66ba-0850-4fc7-866b-8c9aba879924,"なめらか綿混VﾈｯｸｶｰﾃﾞｨｶﾞﾝL(ﾚｷﾞｭﾗｰ丈)ﾌﾞﾗｯｸ","ｱﾝﾌｧﾐｴ","https://m.media-amazon.com/images/I/61AIKf14wXL._AC_SL1500_.jpg",72
7545e796-5d85-4a78-adf8-6e783132b4b6,"なめらか綿混VﾈｯｸｶｰﾃﾞｨｶﾞﾝLL(ﾚｷﾞｭﾗｰ丈)ｺｺｱﾌﾞﾗｳﾝ","ｱﾝﾌｧﾐｴ","https://shopping.c.yimg.jp/lib/infirmiere/9201602_219076_main.jpg",55
2f240267-1c8e-40d8-a86f-357f554c91c0,"なめらか綿混VﾈｯｸｶｰﾃﾞｨｶﾞﾝLL(ﾚｷﾞｭﾗｰ丈)ｼﾙﾊﾞｰG","ｱﾝﾌｧﾐｴ","https://www.infirmiere.co.jp/img/usr/goods/g8091-086-001-s1.jpg",55
1915e8bd-e7e5-40a3-8f82-cd2179212e96,"なめらか綿混VﾈｯｸｶｰﾃﾞｨｶﾞﾝLL(ﾚｷﾞｭﾗｰ丈)ｼﾙﾊﾞｰG","ｱﾝﾌｧﾐｴ","https://www.infirmiere.co.jp/img/usr/goods/g8091-086-001-s1.jpg",55
a691decb-dc75-48fb-80fe-5732dfc04145,"なめらか綿混VﾈｯｸｶｰﾃﾞｨｶﾞﾝLL(ﾚｷﾞｭﾗｰ丈)ﾌﾞﾗｯｸ","ｱﾝﾌｧﾐｴ","https://m.media-amazon.com/images/I/61AIKf14wXL._AC_SL1500_.jpg",72
16912954-7f84-4fd3-8947-9d277439e545,"なめらか綿混VﾈｯｸｶｰﾃﾞｨｶﾞﾝLL(ﾚｷﾞｭﾗｰ丈)ﾌﾞﾗｯｸ","ｱﾝﾌｧﾐｴ","https://m.media-amazon.com/images/I/61AIKf14wXL._AC_SL1500_.jpg",72
337cfe7b-1776-4538-b088-4f6a2583fbef,"なめらか綿混VﾈｯｸｶｰﾃﾞｨｶﾞﾝLL(ﾚｷﾞｭﾗｰ丈)ﾎﾜｲﾄ","ｱﾝﾌｧﾐｴ","https://www.infirmiere.co.jp/img/usr/goods/g8091-086-001-s10.jpg",55
2e7300c2-adfe-4f91-9f47-57bc4b5d0f2a,"なめらか綿混VﾈｯｸｶｰﾃﾞｨｶﾞﾝLL(ﾚｷﾞｭﾗｰ丈)ﾎﾜｲﾄ","ｱﾝﾌｧﾐｴ","https://shopping.c.yimg.jp/lib/infirmiere/9201602_219076_main.jpg",55
6c1ef20a-8226-45da-9609-ebb463ca03df,"なめらか綿混VﾈｯｸｶｰﾃﾞｨｶﾞﾝM(ﾚｷﾞｭﾗｰ丈)ｼﾙﾊﾞｰG","ｱﾝﾌｧﾐｴ","https://www.infirmiere.co.jp/img/usr/goods/g8091-086-001-s1.jpg",55
3a66966d-ebe5-4d3c-80e1-c2d25c772b7c,"なめらか綿混VﾈｯｸｶｰﾃﾞｨｶﾞﾝM(ﾚｷﾞｭﾗｰ丈)ｼﾙﾊﾞｰG","ｱﾝﾌｧﾐｴ","https://www.infirmiere.co.jp/img/usr/goods/g8091-086-001-s1.jpg",55
0485677f-7e94-4986-9802-cd4119d8f66c,"なめらか綿混VﾈｯｸｶｰﾃﾞｨｶﾞﾝM(ﾚｷﾞｭﾗｰ丈)ﾁｪﾘｰﾋﾟﾝｸ","ｱﾝﾌｧﾐｴ","https://www.infirmiere.co.jp/img/usr/goods/g8091-086-001-m.jpg",55
87af8f6f-3ed8-4dea-a281-7284b91b50d6,"なめらか綿混VﾈｯｸｶｰﾃﾞｨｶﾞﾝM(ﾚｷﾞｭﾗｰ丈)ﾌﾞﾗｯｸ","ｱﾝﾌｧﾐｴ","https://m.media-amazon.com/images/I/61AIKf14wXL._AC_SL1500_.jpg",72
a90ee2fc-8c00-439f-9666-d4fc0def8990,"なめらか綿混VﾈｯｸｶｰﾃﾞｨｶﾞﾝM(ﾚｷﾞｭﾗｰ丈)ﾌﾞﾗｯｸ","ｱﾝﾌｧﾐｴ","https://m.media-amazon.com/images/I/61AIKf14wXL._AC_SL1500_.jpg",72
733c4004-bea9-4c9d-9fb8-c6b79122384a,"なめらか綿混VﾈｯｸｶｰﾃﾞｨｶﾞﾝM(ﾚｷﾞｭﾗｰ丈)ﾎﾜｲﾄ","ｱﾝﾌｧﾐｴ","https://www.infirmiere.co.jp/img/usr/goods/gN01227167-m.jpg",55
1d9cc324-9232-484a-9f6d-87519d1deb0c,"なめらか綿混VﾈｯｸｶｰﾃﾞｨｶﾞﾝM(ﾚｷﾞｭﾗｰ丈)ﾎﾜｲﾄ","ｱﾝﾌｧﾐｴ","https://www.infirmiere.co.jp/img/usr/goods/g8091-086-001-m.jpg",55
f2c8e9c0-cab9-4bee-b4b3-3c74b99111bd,"なめらか綿混VﾈｯｸｶｰﾃﾞｨｶﾞﾝM(ﾚｷﾞｭﾗｰ丈)杢ﾁｬｺｰﾙｸﾞﾚｰ","ｱﾝﾌｧﾐｴ","https://www.infirmiere.co.jp/img/usr/goods/gN01227167-m.jpg",55
6b2e8837-14c5-4d7f-a3b0-3dd2793a6922,"なめらか綿混VﾈｯｸｶｰﾃﾞｨｶﾞﾝM(ﾚｷﾞｭﾗｰ丈)杢ﾁｬｺｰﾙｸﾞﾚｰ","ｱﾝﾌｧﾐｴ","https://www.infirmiere.co.jp/img/usr/goods/gN01227167-m.jpg",55
35e602ae-5552-4f96-a5a4-433e03ec8fb6,"なめらか綿混VﾈｯｸｶｰﾃﾞｨｶﾞﾝM(ﾛﾝｸﾞ丈)ｵｰﾄﾐｰﾙ","ｱﾝﾌｧﾐｴ","https://www.infirmiere.co.jp/img/usr/goods/g8093-083-002-s30.jpg",55
29f90e42-68c1-4b2f-94db-642d9c0d38d4,"なめらか綿混VﾈｯｸｶｰﾃﾞｨｶﾞﾝM(ﾛﾝｸﾞ丈)ｵｰﾄﾐｰﾙ","ｱﾝﾌｧﾐｴ","https://www.infirmiere.co.jp/img/usr/goods/g8093-083-002-s20.jpg",55
a50def44-7e6f-4a83-867d-c6be4eaf54d1,"なめらか綿混VﾈｯｸｶｰﾃﾞｨｶﾞﾝM(ﾛﾝｸﾞ丈)ｽﾓｰｷｰﾋﾟﾝｸ","ｱﾝﾌｧﾐｴ","https://www.infirmiere.co.jp/img/usr/goods/g8093-083-002-s7.jpg",55
6a43f74a-ce47-4298-94ec-5ccf13764490,"なめらか綿混VﾈｯｸｶｰﾃﾞｨｶﾞﾝM(ﾛﾝｸﾞ丈)ｽﾓｰｷｰﾋﾟﾝｸ","ｱﾝﾌｧﾐｴ","https://www.infirmiere.co.jp/img/usr/goods/g8093-083-002-s7.jpg",55
aeafea20-4478-4e8b-9c2f-e4fa88b539e4,"なめらか綿混VﾈｯｸｶｰﾃﾞｨｶﾞﾝM(ﾛﾝｸﾞ丈)ﾌﾞﾗｯｸ","ｱﾝﾌｧﾐｴ","https://www.infirmiere.co.jp/img/usr/goods/g8093-083-002-s20.jpg",55
a78706f8-c20d-4626-b90a-9a877453b900,"なめらか綿混VﾈｯｸｶｰﾃﾞｨｶﾞﾝM(ﾛﾝｸﾞ丈)ﾌﾞﾗｯｸ","ｱﾝﾌｧﾐｴ","https://www.infirmiere.co.jp/img/usr/goods/g8093-083-002-s20.jpg",55
561b309f-023d-468f-bcf9-4df1a6f86e54,"なめらか綿混VﾈｯｸｶｰﾃﾞｨｶﾞﾝM(ﾛﾝｸﾞ丈)ﾎﾜｲﾄ","ｱﾝﾌｧﾐｴ","https://m.media-amazon.com/images/I/312S-ftX84L._SL500_.jpg",64
54d62422-30bb-4160-9aad-4df1ee260582,"なめらか綿混VﾈｯｸｶｰﾃﾞｨｶﾞﾝM(ﾛﾝｸﾞ丈)ﾎﾜｲﾄ","ｱﾝﾌｧﾐｴ","https://m.media-amazon.com/images/I/312S-ftX84L._SL500_.jpg",64
a64a72b0-88cd-4b01-ac23-27d1464f75cb,"なめらか綿混VﾈｯｸｶｰﾃﾞｨｶﾞﾝM(ﾛﾝｸﾞ丈)杢ﾁｬｺｰﾙｸﾞﾚｰ","ｱﾝﾌｧﾐｴ","https://www.infirmiere.co.jp/img/usr/goods/g8093-083-002-s20.jpg",55
d2a1957a-e99f-4ac1-b117-9746b3f69e3b,"なめらか綿混VﾈｯｸｶｰﾃﾞｨｶﾞﾝS(ﾚｷﾞｭﾗｰ丈)杢ｸﾞﾚｰ","ｱﾝﾌｧﾐｴ","https://www.infirmiere.co.jp/img/usr/goods/g8091-086-001-s1.jpg",55
b91fd0ed-ef68-4b34-a244-6a8393fca54e,"なめらか綿混VﾈｯｸｶｰﾃﾞｨｶﾞﾝS(ﾚｷﾞｭﾗｰ丈)杢ｸﾞﾚｰ","ｱﾝﾌｧﾐｴ","https://www.infirmiere.co.jp/img/usr/goods/g8091-086-001-s1.jpg",55
b5b96420-0cde-4523-be86-9441542f000c,"ﾊﾞｯｸﾗﾁﾈ ﾏﾀﾆﾃｨ脇ﾘﾌﾞｽｸﾗﾌﾞ ﾈｲﾋﾞｰ×ﾎﾜｲﾄ L","ｱﾝﾌｧﾐｴ","https://www.infirmiere.co.jp/img/usr/goods/g9213709-s3.jpg",55
e64d8f87-0873-4217-b19c-55a7d65f41cd,"ﾊﾞｯｸﾗﾁﾈ ﾏﾀﾆﾃｨ脇ﾘﾌﾞｽｸﾗﾌﾞ ﾈｲﾋﾞｰ×ﾎﾜｲﾄ L","ｱﾝﾌｧﾐｴ","https://www.infirmiere.co.jp/img/usr/goods/g9213709-s3.jpg",55
f67f8545-137e-4747-a87d-3c873a134a96,"外反母趾ｻﾎﾟｰﾄﾃﾞｻﾞｲﾝｻﾝﾀﾞﾙ　ﾌﾞﾗｯｸL","ｱﾝﾌｧﾐｴ","https://www.infirmiere.co.jp/img/usr/goods/gN01118312-s3.jpg",55
647339ca-d360-4886-bc6f-b9b69cf3a97e,"外反母趾ｻﾎﾟｰﾄﾃﾞｻﾞｲﾝｻﾝﾀﾞﾙ　ﾌﾞﾗｯｸL","ｱﾝﾌｧﾐｴ","https://www.infirmiere.co.jp/img/usr/goods/gN01118312-s3.jpg",55
3b05eeb9-cbf2-4fb4-8777-fb89ed9b21d3,"外反母趾ｻﾎﾟｰﾄﾃﾞｻﾞｲﾝｻﾝﾀﾞﾙ　ﾌﾞﾗｯｸLL","ｱﾝﾌｧﾐｴ","https://www.infirmiere.co.jp/img/usr/goods/gN01118312-s3.jpg",55
e50f5107-ac56-47fb-a435-87ffb9ca1e44,"外反母趾ｻﾎﾟｰﾄﾃﾞｻﾞｲﾝｻﾝﾀﾞﾙ　ﾌﾞﾗｯｸM","ｱﾝﾌｧﾐｴ","https://www.infirmiere.co.jp/img/usr/goods/gN01118312-s3.jpg",55
1dd64f98-d71a-4058-9856-7e2d5f3d7217,"外反母趾ｻﾎﾟｰﾄﾃﾞｻﾞｲﾝｻﾝﾀﾞﾙ　ﾌﾞﾗｯｸM","ｱﾝﾌｧﾐｴ","https://www.infirmiere.co.jp/img/usr/goods/gN01118312-s3.jpg",55
9fd6f6b7-8072-4618-92bf-473761f5e9fa,"外反母趾ｻﾎﾟｰﾄﾃﾞｻﾞｲﾝｻﾝﾀﾞﾙ　ﾌﾞﾗｯｸS","ｱﾝﾌｧﾐｴ","https://www.infirmiere.co.jp/img/usr/goods/gN01118312-s3.jpg",55
dbdffe4a-3cb3-42a8-8c56-cba14e7aef87,"K18 板状 1gX10","ｲｼﾌｸ","https://auctions.c.yimg.jp/images.auctions.yahoo.co.jp/image/dr000/auc0409/users/0824144dc8ac09004c86048aea4064238219c49b/i-img904x1200-1695413576k7zplu374025.jpg",50
dfcf9f6f-7fa3-436d-88c4-88ee1ce32c58,"ﾓﾘﾀ 金ﾊﾟﾗ Nice12 30g","ｲｼﾌｸ","https://d15ihgh2blymmz.cloudfront.net/uploads/item_image/4560230041403/4560230041403_1.jpg",55
4754b362-9c2e-4912-9dfd-6d2d87b7e29b,"ﾓﾘﾀ 金ﾊﾟﾗ Nice12 30g","ｲｼﾌｸ","https://auctions.c.yimg.jp/images.auctions.yahoo.co.jp/image/dr000/auc0402/users/8861f6bb89d11cc276955694b2465973639d7211/i-img1200x1200-1675322339pzjqak1223.jpg",55
1df89551-4952-4b8f-8398-b99320ca4a58,"ﾃﾞﾝﾀﾙﾊｲｼﾞｰﾝ　2024年1月号","ｲｼﾔｸ","https://tshop.r10s.jp/book/cabinet/0857/4910065670857_1_2.jpg",69
ccc1ac3e-f7b3-4f84-90c7-78b341d79334,"ﾃﾞﾝﾀﾙﾊｲｼﾞｰﾝ　2024年1月号","ｲｼﾔｸ","https://tshop.r10s.jp/book/cabinet/0857/4910065670857_1_2.jpg",69
0ceed554-708e-480a-95f3-333624b8400b,"ﾃﾞﾝﾀﾙﾊｲｼﾞｰﾝ　2025年1月号","ｲｼﾔｸ","https://tshop.r10s.jp/book/cabinet/0857/4910065670857_1_2.jpg",69
3c2faf8e-ad32-40ee-b178-a427b0e2109b,"ﾃﾞﾝﾀﾙﾊｲｼﾞｰﾝ　2025年1月号","ｲｼﾔｸ","https://tshop.r10s.jp/book/cabinet/0857/4910065670857_1_2.jpg",69
e4a0f128-d9c9-4460-afb4-0779d691a71d,"ﾃﾞﾝﾀﾙﾊｲｼﾞｰﾝ　2025年2月号","ｲｼﾔｸ","https://tshop.r10s.jp/book/cabinet/0659/4910065670659_1_2.jpg",69
bfe0e800-0cac-4b64-bd36-a667e8fe52f9,"ﾃﾞﾝﾀﾙﾊｲｼﾞｰﾝ　2025年2月号","ｲｼﾔｸ","https://tshop.r10s.jp/book/cabinet/0659/4910065670659_1_2.jpg",69
bab80632-445c-4c97-a39d-03d1361dc1b9,"ﾃﾞﾝﾀﾙﾊｲｼﾞｰﾝ　2025年3月号","ｲｼﾔｸ","https://tshop.r10s.jp/book/cabinet/0857/4910065670857_1_2.jpg",69
57c18c0e-94f6-470c-bdcd-56e8734c6095,"ﾃﾞﾝﾀﾙﾊｲｼﾞｰﾝ　2025年3月号","ｲｼﾔｸ","https://tshop.r10s.jp/book/cabinet/0857/4910065670857_1_2.jpg",69
8fc9b908-e42b-4018-b1b2-85d9a4c4cde2,"ﾃﾞﾝﾀﾙﾊｲｼﾞｰﾝ 年間購読　10月号","ｲｼﾔｸ","https://tshop.r10s.jp/book/cabinet/0857/4910065670857_1_2.jpg",69
746143d9-febc-44b7-9d7b-f0aba56d5182,"ﾃﾞﾝﾀﾙﾊｲｼﾞｰﾝ 年間購読　10月号","ｲｼﾔｸ","https://tshop.r10s.jp/book/cabinet/0857/4910065670857_1_2.jpg",69
2cc707da-4925-4140-9516-20b02e50a01b,"ﾃﾞﾝﾀﾙﾊｲｼﾞｰﾝ 年間購読　11月号","ｲｼﾔｸ","https://tshop.r10s.jp/book/cabinet/1151/4910065671151_1_2.jpg",69
2557dfff-9dcb-4263-985d-b5847cd1e781,"ﾃﾞﾝﾀﾙﾊｲｼﾞｰﾝ 年間購読　11月号","ｲｼﾔｸ","https://tshop.r10s.jp/book/cabinet/1151/4910065671151_1_2.jpg",69
eb338bb1-487b-4f12-a35e-5f9d20f1a9b6,"ﾃﾞﾝﾀﾙﾊｲｼﾞｰﾝ 年間購読　12月号","ｲｼﾔｸ","https://tshop.r10s.jp/book/cabinet/1205/4910065671205.jpg",69
5772694a-a236-4a4f-aee0-2920a10e6ceb,"ﾃﾞﾝﾀﾙﾊｲｼﾞｰﾝ 年間購読 1月号","ｲｼﾔｸ","https://tshop.r10s.jp/book/cabinet/0857/4910065670857_1_2.jpg",69
9019fc74-7a9d-445b-ab18-13114c86f554,"ﾃﾞﾝﾀﾙﾊｲｼﾞｰﾝ 年間購読 1月号","ｲｼﾔｸ","https://tshop.r10s.jp/book/cabinet/0857/4910065670857_1_2.jpg",69
0fee92d6-fa55-4f77-b432-22817a3e07a7,"ﾃﾞﾝﾀﾙﾊｲｼﾞｰﾝ 年間購読 2月号","ｲｼﾔｸ","https://tshop.r10s.jp/book/cabinet/0352/4910065670352_1_2.jpg",69
b7430153-bc6c-458a-bdf2-e9fac218d348,"ﾃﾞﾝﾀﾙﾊｲｼﾞｰﾝ 年間購読 2月号","ｲｼﾔｸ","https://tshop.r10s.jp/book/cabinet/0352/4910065670352_1_2.jpg",69
186189ab-0c4a-4f07-9fdf-1584e7a7cb71,"ﾃﾞﾝﾀﾙﾊｲｼﾞｰﾝ 年間購読 3月号","ｲｼﾔｸ","https://tshop.r10s.jp/book/cabinet/0314/4910065670314.jpg",69
ede318e3-1b62-43d1-b150-3d6aef3c5b79,"ﾃﾞﾝﾀﾙﾊｲｼﾞｰﾝ 年間購読 3月号","ｲｼﾔｸ","https://tshop.r10s.jp/book/cabinet/0363/4912065670363_1_2.jpg",69
eb64c0cd-307d-421f-a74b-2a1ec91edfc1,"ﾃﾞﾝﾀﾙﾊｲｼﾞｰﾝ 年間購読 4月号","ｲｼﾔｸ","https://tshop.r10s.jp/book/cabinet/0857/4910065670857_1_2.jpg",69
5b7de969-4353-487f-864a-494553c0d85a,"ﾃﾞﾝﾀﾙﾊｲｼﾞｰﾝ 年間購読 4月号","ｲｼﾔｸ","https://tshop.r10s.jp/book/cabinet/0413/4910065670413.jpg",69
dd140e5a-5e38-4459-adf5-c28323655abf,"ﾃﾞﾝﾀﾙﾊｲｼﾞｰﾝ 年間購読 5月号","ｲｼﾔｸ","https://tshop.r10s.jp/book/cabinet/0352/4910065670352_1_2.jpg",69
df9fc463-c9b5-47b7-9d98-9e082f3e18ef,"ﾃﾞﾝﾀﾙﾊｲｼﾞｰﾝ 年間購読 5月号","ｲｼﾔｸ","https://tshop.r10s.jp/book/cabinet/0352/4910065670352_1_2.jpg",69
782512dd-ce4a-496f-9162-f2ddf74acbe9,"ﾃﾞﾝﾀﾙﾊｲｼﾞｰﾝ 年間購読 6月号","ｲｼﾔｸ","https://tshop.r10s.jp/book/cabinet/0857/4910065670857_1_2.jpg",69
d6d933be-1327-4972-992c-86f03336c402,"ﾃﾞﾝﾀﾙﾊｲｼﾞｰﾝ 年間購読 6月号","ｲｼﾔｸ","https://tshop.r10s.jp/book/cabinet/0659/4910065670659_1_2.jpg",69
bb14572e-38c4-4f8f-bf71-2a5c93662b8e,"ﾃﾞﾝﾀﾙﾊｲｼﾞｰﾝ 年間購読 7月号","ｲｼﾔｸ","https://tshop.r10s.jp/book/cabinet/0796/4910065670796.jpg",69
1b64ca89-0cda-4d4c-b8c1-633819106e70,"ﾃﾞﾝﾀﾙﾊｲｼﾞｰﾝ 年間購読 7月号","ｲｼﾔｸ","https://tshop.r10s.jp/book/cabinet/0758/4910065670758_1_2.jpg",69
a4e24a4d-5a65-4b8c-a2fc-192e8f3df0ba,"ﾃﾞﾝﾀﾙﾊｲｼﾞｰﾝ 年間購読 8月号","ｲｼﾔｸ","https://tshop.r10s.jp/book/cabinet/0857/4910065670857_1_2.jpg",69
2a5ecdc0-143f-46a5-b4d0-f9b5736e39c9,"ﾃﾞﾝﾀﾙﾊｲｼﾞｰﾝ 年間購読9月号","ｲｼﾔｸ","https://tshop.r10s.jp/book/cabinet/0857/4910065670857_1_2.jpg",69
3d7da08c-7b0f-40dd-bceb-479fe381a082,"ﾃﾞﾝﾀﾙﾊｲｼﾞｰﾝ 年間購読9月号","ｲｼﾔｸ","https://tshop.r10s.jp/book/cabinet/0857/4910065670857_1_2.jpg",69
6d815880-fcfb-4bd6-a91b-a4a9543834b9,"ﾃﾞﾝﾀﾙﾊｲｼﾞｰﾝ別冊  ｶﾘｴｽｺﾝﾄﾛｰﾙ5つのﾚｼﾋﾟ　2505","ｲｼﾔｸ","https://static.mercdn.net/item/detail/orig/photos/m57849578852_1.jpg?1755333105",48
769e5e62-2d5f-497f-9712-022a461ab064,"ﾃﾞﾝﾀﾙﾊｲｼﾞｰﾝ別冊  ｶﾘｴｽｺﾝﾄﾛｰﾙ5つのﾚｼﾋﾟ　2505","ｲｼﾔｸ","https://static.mercdn.net/item/detail/orig/photos/m57849578852_1.jpg?1755333105",48
0b72689a-76a2-45f9-8396-ae04bad7e0d3,"ﾃﾞﾝﾀﾙﾊｲｼﾞｰﾝ別冊 中年期ﾌﾟﾚ高齢期の患者気付きと対応2","ｲｼﾔｸ","https://tshop.r10s.jp/book/cabinet/0857/4910065670857_1_2.jpg",69
524a5132-eae6-4a13-863d-92191408edd6,"ﾃﾞﾝﾀﾙﾊｲｼﾞｰﾝ別冊 中年期ﾌﾟﾚ高齢期の患者気付きと対応2","ｲｼﾔｸ","https://shop.r10s.jp/book/cabinet/3277/9784263463277_3.jpg?fitin=560:400&composite-to=*,*%7C560:400",51
081203bc-8aa2-4aea-a387-bc9f2bc7164c,"社会保険歯科診療 令和７年版","ｲｼﾔｸ","https://m.media-amazon.com/images/I/61qfLa4OqKL._SL1500_.jpg",69
95b6f6af-42f2-48e3-89c6-328274f8deb8,"社会保険歯科診療 令和７年版","ｲｼﾔｸ","https://m.media-amazon.com/images/I/61qfLa4OqKL._SL1500_.jpg",69
4245ee80-ee1b-4e91-b4fc-8f433da86814,"IPS E.MAX ﾌﾟﾚｽ CAD HT ｼｪｰﾄﾞｶﾞｲﾄﾞ","ｲﾎﾞｸﾗｰﾙ","https://www.ivoclarvivadent.com/medias/sys_master/celum-connect2-assets/celum-connect2-assets/h0f/ha7/10108183216158/605523.jpg",105
c94c5042-fe84-4d7b-8106-11fb2f228fa7,"IPS E.MAX ﾌﾟﾚｽ CAD HT ｼｪｰﾄﾞｶﾞｲﾄﾞ","ｲﾎﾞｸﾗｰﾙ","https://www.hakusui-trading.co.jp/wp-content/uploads/2020/05/13500020-3.jpg",55
c8029a9b-27ea-4a22-89d5-acd07c17fe4e,"IPS e.max ﾌﾟﾚｽ/ｷｬﾄﾞ HT ｼｪｰﾄﾞｶﾞｲﾄ","ｲﾎﾞｸﾗｰﾙﾋﾞﾊﾞﾃﾞﾝﾄ","https://d15ihgh2blymmz.cloudfront.net/uploads/item_image/4580268342051/4580268342051_1.jpg",55
7629048f-e933-4632-ace8-7cb1c476360d,"IPS e.max ﾌﾟﾚｽ/ｷｬﾄﾞ HT ｼｪｰﾄﾞｶﾞｲﾄ","ｲﾎﾞｸﾗｰﾙﾋﾞﾊﾞﾃﾞﾝﾄ","https://d15ihgh2blymmz.cloudfront.net/uploads/item_image/4580268342051/4580268342051_1.jpg",55
70f7ab16-1719-4f11-a2db-4ee7ce2f9bf5,"IPS ｴﾝﾌﾟﾚｽ ﾀﾞｲﾚｸﾄ ｶﾗｰ ﾎﾜｲﾄ","ｲﾎﾞｸﾗｰﾙﾋﾞﾊﾞﾃﾞﾝﾄ","https://ae01.alicdn.com/kf/Sa38cb0cfac5949a48d852ddcf387a3bay/IPS-Empress-Direct-Color-Ivoclar-Vivadent-Ivoclair-White-Brown-Esthetic-Filling-Dental-Technician-Laboratory-Materials-Dentistry.jpg",105
0fb7d809-72d8-4b2e-90fa-4282b77f3670,"IPS ｴﾝﾌﾟﾚｽ ﾀﾞｲﾚｸﾄ ｶﾗｰ ﾎﾜｲﾄ","ｲﾎﾞｸﾗｰﾙﾋﾞﾊﾞﾃﾞﾝﾄ","https://ae01.alicdn.com/kf/Sa38cb0cfac5949a48d852ddcf387a3bay/IPS-Empress-Direct-Color-Ivoclar-Vivadent-Ivoclair-White-Brown-Esthetic-Filling-Dental-Technician-Laboratory-Materials-Dentistry.jpg",105
4719f8f8-006f-4526-8c13-35ac3cfbac4f,"ｵﾌﾟﾄﾗｹﾞｰﾄ ｱｿｰﾄﾒﾝﾄ 80ｹ入　577275WW","ｲﾎﾞｸﾗｰﾙﾋﾞﾊﾞﾃﾞﾝﾄ","https://www.hakusui-trading.co.jp/wp-content/uploads/2020/05/%E3%82%AA%E3%83%97%E3%83%88%E3%83%A9-%E3%82%B2%E3%83%BC%E3%83%883.jpg",55
769c56cd-f63f-400f-b611-ef51f017ce8a,"ｵﾌﾟﾄﾗｹﾞｰﾄｽﾓｰﾙS ﾘﾌｨﾙ 80枚","ｲﾎﾞｸﾗｰﾙﾋﾞﾊﾞﾃﾞﾝﾄ","https://www.hakusui-trading.co.jp/wp-content/uploads/2020/05/%E3%82%AA%E3%83%97%E3%83%88%E3%83%A9-%E3%82%B2%E3%83%BC%E3%83%883.jpg",55
32a679dd-e4e8-4529-a2c9-4324a5f0779c,"ｵﾌﾟﾄﾗｹﾞｰﾄｽﾓｰﾙS ﾘﾌｨﾙ 80枚","ｲﾎﾞｸﾗｰﾙﾋﾞﾊﾞﾃﾞﾝﾄ","https://www.hakusui-trading.co.jp/wp-content/uploads/2020/05/%E3%82%AA%E3%83%97%E3%83%88%E3%83%A9-%E3%82%B2%E3%83%BC%E3%83%883.jpg",55
c2bc11f8-f86e-4c2b-8d77-474904825f57,"ｵﾌﾟﾄﾗｹﾞｰﾄﾚｷﾞｭﾗｰR ﾘﾌｨﾙ80枚","ｲﾎﾞｸﾗｰﾙﾋﾞﾊﾞﾃﾞﾝﾄ","https://auctions.c.yimg.jp/images.auctions.yahoo.co.jp/image/dr000/auc0407/users/10c3e2b2a7979ac6a9f7c62393f0a32abef6fc10/i-img1200x1200-1688696873zubj3e1333568.jpg",55
ad0081fb-06a9-4ab8-830d-c48dd29ba54e,"ｵﾌﾟﾄﾗｹﾞｰﾄﾚｷﾞｭﾗｰR ﾘﾌｨﾙ80枚","ｲﾎﾞｸﾗｰﾙﾋﾞﾊﾞﾃﾞﾝﾄ","https://auctions.c.yimg.jp/images.auctions.yahoo.co.jp/image/dr000/auc0407/users/10c3e2b2a7979ac6a9f7c62393f0a32abef6fc10/i-img1200x1200-1688696873zubj3e1333568.jpg",55
bd47c96d-70e9-4d38-a5a8-2ac3bec5799d,"ﾃﾄﾘｯｸN-ｾﾗﾑ 1X3.5G A2","ｲﾎﾞｸﾗｰﾙﾋﾞﾊﾞﾃﾞﾝﾄ","https://images.tcdn.com.br/img/editor/up/651650/resinacompostaivoclartetricncerampost.jpg",105
30a2e4d2-b02c-454e-bbe7-74b9904d39bb,"ﾃﾄﾘｯｸN-ｾﾗﾑ 1X3.5G A2","ｲﾎﾞｸﾗｰﾙﾋﾞﾊﾞﾃﾞﾝﾄ","https://platincdn.com/2899/pictures/YPQRAGONXJ10232020163444_IVOCLAR-VIVADENT-Tetric-N-Ceram-Bulk-Fill.jpg",100
d9051c07-e731-48c3-af63-df6f9eaad9e8,"ﾃﾄﾘｯｸN-ｾﾗﾑ2 1X3.5G A2","ｲﾎﾞｸﾗｰﾙﾋﾞﾊﾞﾃﾞﾝﾄ","https://auctions.c.yimg.jp/images.auctions.yahoo.co.jp/image/dr000/auc0301/users/3b021be0f458ecbdbeab7ca26ba862bdcbd4730e/i-img1200x1200-1643189250rejsgz5043.jpg",55
47c5334c-f41e-488d-a25f-b22d04147469,"ﾃﾘｵ ｲﾝﾚｰ ﾕﾆﾊﾞｰｻﾙ 701261 2.5×3","ｲﾎﾞｸﾗｰﾙﾋﾞﾊﾞﾃﾞﾝﾄ","https://auctions.c.yimg.jp/images.auctions.yahoo.co.jp/image/dr000/auc0301/users/3b021be0f458ecbdbeab7ca26ba862bdcbd4730e/i-img1200x1200-1643189250kxiqwm5043.jpg",55
a3eda24d-6e8a-4a1a-8c66-c5cef8300eec,"ﾃﾘｵ ｲﾝﾚｰ ﾕﾆﾊﾞｰｻﾙ 701261 2.5×3","ｲﾎﾞｸﾗｰﾙﾋﾞﾊﾞﾃﾞﾝﾄ","https://auctions.c.yimg.jp/images.auctions.yahoo.co.jp/image/dr000/auc0301/users/3b021be0f458ecbdbeab7ca26ba862bdcbd4730e/i-img1200x1200-1643189250kxiqwm5043.jpg",55
cded3228-9845-4b87-a212-87ca623079a6,"ﾊﾞｷｭｰﾑﾎﾟﾝﾌﾟVP5","ｲﾎﾞｸﾗｰﾙﾋﾞﾊﾞﾃﾞﾝﾄ","https://www.ivoclar.com/cache-buster-2/GLOBAL%20-%20MEDIA/Products/Equipment/Vacuum%20Pumps/Vacuum%20Pump%20VP5/15741/image-thumb__15741__cms_teaser_1/vp5.e81958ec.jpg",73
9b49ab82-90eb-4979-aa51-5b7d1541fd9d,"ﾌﾟﾛｸﾞﾗﾏｯﾄ P310 200-240V","ｲﾎﾞｸﾗｰﾙﾋﾞﾊﾞﾃﾞﾝﾄ","https://auctions.c.yimg.jp/images.auctions.yahoo.co.jp/image/dr000/auc0504/users/e7e57fd2613ef08c7672fca0b59a9b325ce39a77/i-img900x1200-1712915600r59bqj53159.jpg",50
f8e6026f-b54b-48d1-9281-9ab03dd1a9b3,"ﾌﾟﾛｸﾞﾗﾏｯﾄ P310 200-240V","ｲﾎﾞｸﾗｰﾙﾋﾞﾊﾞﾃﾞﾝﾄ","https://auctions.c.yimg.jp/images.auctions.yahoo.co.jp/image/dr000/auc0504/users/e7e57fd2613ef08c7672fca0b59a9b325ce39a77/i-img900x1200-1712915600r59bqj53159.jpg",50
bf95c6be-c980-418c-ba27-295a759c4a2b,"ﾎﾞｰﾝﾀｯｸ 3mmL(10入)021-00003","ｲﾝﾌﾟﾗﾃｯｸｽ","https://www.itx.co.jp/files/products/ace/021-00003.jpg",55
d2021a6d-1583-46b1-bc30-7e239c3c4203,"ﾎﾞｰﾝﾀｯｸ 3mmL(10入)021-00003","ｲﾝﾌﾟﾗﾃｯｸｽ","https://www.itx.co.jp/files/products/ace/021-00003.jpg",55
24cb3f32-78d7-45e4-a1cd-1298b8edc972,"ｺﾝｸｰﾙ ｸﾘｰﾆﾝｸﾞｼﾞｪﾙ PMTC 60g","ｳｴﾙﾃｯｸ","https://shop.r10s.jp/kurasio-en/cabinet/gazo21/compass1763100488.jpg",55
e45d08b3-4366-48fb-bffe-dbb3e699651f,"ｺﾝｸｰﾙ ｸﾘｰﾆﾝｸﾞｼﾞｪﾙ PMTC 60g","ｳｴﾙﾃｯｸ","https://shop.r10s.jp/kurasio-en/cabinet/gazo21/compass1763100488.jpg",55
3fb93995-1c5a-4991-9bae-4c85f4b4f3e3,"ｺﾝｸｰﾙF 100ML","ｳｴﾙﾃｯｸ","https://m.media-amazon.com/images/I/81D3r3HTJYL.jpg?67olp45wbmq",67
466b9f2a-eb60-442f-896b-49f5bb6896de,"ｺﾝｸｰﾙﾘﾍﾟﾘｵ 80G","ｳｴﾙﾃｯｸ","https://image.rakuten.co.jp/powerfullworld/cabinet/10196786/b4-01.jpg",55
4fcb5ed4-a303-4cc1-b068-5858916d59b9,"ｺﾝｸｰﾙﾘﾍﾟﾘｵ 80G","ｳｴﾙﾃｯｸ","https://image.rakuten.co.jp/powerfullworld/cabinet/10196786/b4-01.jpg",55
47802b15-9831-4ba8-bbab-64114765d2d5,"ｼﾞｪﾙｺｰﾄF 90G","ｳｴﾙﾃｯｸ","https://contents.kaago.com/contents/shop/medistock/commodity/0000045076411_common.jpg",55
071dd979-8e69-4589-bb2b-17aceef14ec3,"ｼﾞｪﾙｺｰﾄF 90G","ｳｴﾙﾃｯｸ","https://contents.kaago.com/contents/shop/medistock/commodity/0000045076411_common.jpg",55
39c95b31-7166-4891-ab7d-eddb83a23e1a,"ｼﾞｪﾙｺｰﾄIP 90G","ｳｴﾙﾃｯｸ","https://shop.r10s.jp/kurasio-en/cabinet/gazo21/compass1763100438.jpg",55
f52ee18f-3925-41f4-830c-10f031d136d9,"ｼﾞｪﾙｺｰﾄIP 90G","ｳｴﾙﾃｯｸ","https://ic4-a.wowma.net/mis/gr/135/image.wowma.jp/71162067/m4-magic/cabinet/weltec/jelcoatip/jelcoatip-1.jpg",55
f79e0b30-c3ed-4b94-b39f-a4f44fed1835,"MTA ﾌﾛｰﾎﾜｲﾄｷｯﾄ 5980-JP","ｳﾙﾄﾗﾃﾞﾝﾄ","https://www.daitokyo-kumiai.or.jp/tds/2024/1926/i17211789212.png",51
c8ae9567-24bc-4cfb-933d-4fdb784ac65c,"MTA ﾌﾛｰﾎﾜｲﾄｷｯﾄ 5980-JP","ｳﾙﾄﾗﾃﾞﾝﾄ","https://www.daitokyo-kumiai.or.jp/tds/2024/1926/i17211789212.png",51
24a90110-e215-44aa-be65-d44270823772,"VALO GRAND ｺｰﾄﾞﾚｽ 5972-JP","ｳﾙﾄﾗﾃﾞﾝﾄ","https://auctions.c.yimg.jp/images.auctions.yahoo.co.jp/image/dr000/auc0503/users/444eb5531a5fcb1af7b0f2def6739cef4bb7a27f/i-img1194x1050-1710154424fh6eq4178911.jpg",53
63a60867-648c-4bb9-a30e-bc4ec0898021,"VALO GRAND ｺｰﾄﾞﾚｽ 5972-JP","ｳﾙﾄﾗﾃﾞﾝﾄ","https://auctions.c.yimg.jp/images.auctions.yahoo.co.jp/image/dr000/auc0503/users/444eb5531a5fcb1af7b0f2def6739cef4bb7a27f/i-img1194x1050-1710154424fh6eq4178911.jpg",53
fa29c8f7-e68f-4b1f-a148-88e5b0e0982a,"ｳﾙﾄﾗｶﾙXSJ ﾅﾋﾞﾁｯﾌﾟｷｯﾄ 5144-JP","ｳﾙﾄﾗﾃﾞﾝﾄ","https://www.royal-dent.com/imagenes/cementos/fondo-de-cavidad/hidroxido-de-calcio/ultracal-xs-kit-5144_ultradent.jpg",55
415b14c2-ce4e-4c0a-b42c-232b657ed245,"ｳﾙﾄﾗｶﾙXSJ ﾅﾋﾞﾁｯﾌﾟｷｯﾄ 5144-JP","ｳﾙﾄﾗﾃﾞﾝﾄ","https://www.royal-dent.com/imagenes/cementos/fondo-de-cavidad/hidroxido-de-calcio/ultracal-xs-kit-5144_ultradent.jpg",55
a72ed6e9-8f49-4d9b-8fec-dbe5c98bc98c,"ｵﾊﾟｰﾙｴｯｾﾝｽ Go ﾍﾟｲｼｪﾝﾄｷｯﾄ 4634-JP","ｳﾙﾄﾗﾃﾞﾝﾄ","https://www.matsuishokai.net/wp-content/uploads/2019/04/4e83b7c9300eb275f3d4d05d1d23baa9.jpg",49
4267ef47-27de-48ec-bfa8-0b7ec6f276d1,"ｵﾊﾟｰﾙｴｯｾﾝｽ Go ﾍﾟｲｼｪﾝﾄｷｯﾄ 4634-JP","ｳﾙﾄﾗﾃﾞﾝﾄ","https://www.matsuishokai.net/wp-content/uploads/2019/04/4e83b7c9300eb275f3d4d05d1d23baa9.jpg",49
bfced46c-00dc-4ac2-bda7-587e40717dd6,"ｵﾊﾟｰﾙｴｯｾﾝｽ10% ﾘﾌｨﾙ 40本 #455-JP","ｳﾙﾄﾗﾃﾞﾝﾄ","https://cdn.shopify.com/s/files/1/0089/8573/9345/products/OpalRefill_3_1600x.jpg?v=1595543222",55
3b70c3d8-0364-4dd2-98c1-3f4835d4a8df,"ｵﾊﾟｰﾙｴｯｾﾝｽ10% ﾘﾌｨﾙ 40本 #455-JP","ｳﾙﾄﾗﾃﾞﾝﾄ","https://cdn.shopify.com/s/files/1/0089/8573/9345/products/OpalRefill_3_1600x.jpg?v=1595543222",55
d1589ca1-d983-4516-b3ac-2fef9e4302e4,"ｽｰﾊﾟｰｼｰﾙ 5秒(5mL+5mL)Wﾊﾟｯｸ","ｴｲｺｰ","https://d15ihgh2blymmz.cloudfront.net/uploads/item_image/4560123227143/4560123227143_1.jpg",55
224a55ad-75da-4138-bbe4-be3dbae0ffc6,"ｽｰﾊﾟｰｼｰﾙ 5秒(5mL+5mL)Wﾊﾟｯｸ　19946","ｴｲｺｰ","https://d15ihgh2blymmz.cloudfront.net/uploads/item_image/4560123227143/4560123227143_1.jpg",55
24d76be0-23dd-424f-97dd-477af284f7a2,"技工ｶｰﾊﾞｲﾄﾞﾊﾞｰ Bｶｯﾀｰ #1591","ｴﾃﾞﾝﾀ","https://auctions.c.yimg.jp/images.auctions.yahoo.co.jp/image/dr000/auc0510/user/906d88bebcc3a9b9ef08dae41101d5c54890fa50ce85c3c17bbf9a43fe0a09b4/i-img1200x1200-17296504092699toja9g339653.jpg",55
d2ec1a70-0875-4c0f-8e2d-38cf78625545,"技工ｶｰﾊﾞｲﾄﾞﾊﾞｰ Bｶｯﾀｰ #1591","ｴﾃﾞﾝﾀ","https://auctions.c.yimg.jp/images.auctions.yahoo.co.jp/image/dr000/auc0510/user/906d88bebcc3a9b9ef08dae41101d5c54890fa50ce85c3c17bbf9a43fe0a09b4/i-img1200x1200-17296504092699toja9g339653.jpg",55
07f13481-5587-4d72-aaa4-34cb353918a2,"技工ｶｰﾊﾞｲﾄﾞﾊﾞｰ ｸﾛｽ ｺｰｽ #1508","ｴﾃﾞﾝﾀ","https://auctions.c.yimg.jp/images.auctions.yahoo.co.jp/image/dr000/auc0507/users/812701dc1711cd85799a69d9cc0aa16df22dba48/i-img900x1200-1720595409tldazm336393.jpg",50
ad9f6ea5-344f-4373-ba26-7d46998d94c2,"技工ｶｰﾊﾞｲﾄﾞﾊﾞｰ ｸﾛｽ ｺｰｽ #1508","ｴﾃﾞﾝﾀ","https://auctions.c.yimg.jp/images.auctions.yahoo.co.jp/image/dr000/auc0507/users/812701dc1711cd85799a69d9cc0aa16df22dba48/i-img900x1200-1720595409tldazm336393.jpg",50
316b6ce6-84fd-47cb-9d14-ee57d55353f8,"技工ｶｰﾊﾞｲﾄﾞﾊﾞｰ ﾌﾟﾚｰﾝ ｺｰｽ #1548","ｴﾃﾞﾝﾀ","https://d15ihgh2blymmz.cloudfront.net/uploads/item_image/4562324646662/4562324646662_1.jpg",55
4943c517-fd65-4fa6-982e-7160696e0001,"技工ｶｰﾊﾞｲﾄﾞﾊﾞｰ ﾌﾟﾚｰﾝ ｺｰｽ #1548","ｴﾃﾞﾝﾀ","https://d15ihgh2blymmz.cloudfront.net/uploads/item_image/4562324646662/4562324646662_1.jpg",55
ae52ad5f-1592-4e78-b304-3b463e326988,"技工ｶｰﾊﾞｲﾄﾞﾊﾞｰ ﾌﾟﾚｰﾝ ｺｰｽ #1550","ｴﾃﾞﾝﾀ","https://d15ihgh2blymmz.cloudfront.net/uploads/item_image/4562324646662/4562324646662_1.jpg",55
d0714a2c-cf65-4e95-956b-f0329a63c2f8,"技工ｶｰﾊﾞｲﾄﾞﾊﾞｰ ﾌﾟﾚｰﾝ ｺｰｽ #1550","ｴﾃﾞﾝﾀ","https://d15ihgh2blymmz.cloudfront.net/uploads/item_image/4562324646662/4562324646662_1.jpg",55
e4bb4ef7-c462-4597-b876-4a841671cc76,"ｴﾙｺｶﾞﾑ 400g","ｴﾙｺﾃﾞﾝﾄ","https://genki-sokai.net/html/upload/save_image_y040000-y044999/y044933-000-000.jpg",55
f5bc6725-4074-4d88-9239-e0b45b75b6cd,"ｴﾙｺｶﾞﾑ 400g","ｴﾙｺﾃﾞﾝﾄ","https://shop.r10s.jp/genki-sokai/cabinet/m_y040000-y044999/s_4800/y044933-000-000.jpg",55
01bb08c3-8585-488a-9784-d87ead069178,"ｴﾙｺｼﾞｭｰﾙ 120×0.8MM(20枚入)","ｴﾙｺﾃﾞﾝﾄ","https://shop.r10s.jp/genki-sokai/cabinet/m_y045000-y049999/s_5000/y045164-000-000_2.jpg",55
6a2148e3-e217-476c-b161-c851663f724b,"ｴﾙｺｼﾞｭｰﾙ 120×0.8MM(20枚入)","ｴﾙｺﾃﾞﾝﾄ","https://shop.r10s.jp/genki-sokai/cabinet/m_y045000-y049999/s_5000/y045164-000-000_2.jpg",55
edc6f826-02d9-469d-af88-a22b444eea2a,"ｴﾙｺｼﾞｭｰﾙ 120×1.0MM(20枚入)","ｴﾙｺﾃﾞﾝﾄ","https://d15ihgh2blymmz.cloudfront.net/uploads/item_image/4571224442953/4571224442953_1.jpg",55
784ece1d-0df4-4c76-8c01-ed67eac62dc6,"ｴﾙｺｼﾞｭｰﾙ 120×1.0MM(20枚入)","ｴﾙｺﾃﾞﾝﾄ","https://d15ihgh2blymmz.cloudfront.net/uploads/item_image/4571224442953/4571224442953_1.jpg",55
2350e072-b892-46ee-b6df-aa1a28ac05dd,"24型ﾜｲﾄﾞ液晶ﾃﾞｨｽﾌﾟﾚｲ","ｴﾝﾋﾞｽﾀｼﾞｬﾊﾟﾝ","https://m.media-amazon.com/images/I/710RFiN2g1L._AC_.jpg",73
3df7084a-5211-4a7e-bde9-d8b1d3cb1b6b,"24型ﾜｲﾄﾞ液晶ﾃﾞｨｽﾌﾟﾚｲ","ｴﾝﾋﾞｽﾀｼﾞｬﾊﾟﾝ","https://m.media-amazon.com/images/I/710RFiN2g1L._AC_.jpg",73
af3febc1-eb01-4bdf-a16a-025a06b1b28d,"3D 取付ｽﾀｰﾄｱｯﾌﾟ費 (平日)Ｘ線書類Ｙﾚｾｺﾝ設定費含む","ｴﾝﾋﾞｽﾀｼﾞｬﾊﾟﾝ","https://www.envistaco.jp/wp-content/uploads/2026/01/ortho-ceph-tm-degin_img01.png",53
f6f55b1a-8740-46cb-9a20-b5cdd86abdd5,"3D 取付ｽﾀｰﾄｱｯﾌﾟ費 (平日日中)","ｴﾝﾋﾞｽﾀｼﾞｬﾊﾟﾝ","https://tanakadental.co.jp/global-image/units/img/7178-1-20221226152411_b63a93e0b29149.png",48
989f3094-2dc8-4844-bbed-d401b7b902bf,"3D 取付ｽﾀｰﾄｱｯﾌﾟ費 (平日日中)","ｴﾝﾋﾞｽﾀｼﾞｬﾊﾟﾝ","https://www.envistaco.jp/wp-content/uploads/2026/01/ortho-ceph-tm-degin_img01.png",53
bafb1f2a-bf8b-4f3f-a263-9d906d620830,"DTX Studio Clinic Active Pro license","ｴﾝﾋﾞｽﾀｼﾞｬﾊﾟﾝ","https://kyushu-dentalshow.jp/2024/wp-content/uploads/2024/04/DTX.png",39
13df0ab6-973d-45e3-91bb-d0e047c14c04,"DTX Studio Clinic Active Pro license","ｴﾝﾋﾞｽﾀｼﾞｬﾊﾟﾝ","https://kyushu-dentalshow.jp/2024/wp-content/uploads/2024/04/DTX.png",39
ddef5b9b-f811-4648-8986-a879889804b5,"OP 3D　ｷｬﾝﾍﾟｰﾝ5年保守","ｴﾝﾋﾞｽﾀｼﾞｬﾊﾟﾝ","https://www.envistaco.jp/wp-content/uploads/2026/01/ortho-ceph-tm-degin_img01.png",53
a083bb89-c3a6-4c36-95b4-5100166fe6f0,"OP 3D　ｷｬﾝﾍﾟｰﾝ5年保守","ｴﾝﾋﾞｽﾀｼﾞｬﾊﾟﾝ","https://www.envistaco.jp/wp-content/uploads/2026/01/ortho-ceph-tm-degin_img01.png",53
0b57f72f-3cc8-4414-9053-20a40243725f,"PSﾋﾟｯｸｽ2(IPｽｷｬﾅｰ) 本体一式","ｴﾝﾋﾞｽﾀｼﾞｬﾊﾟﾝ","https://www.hakusui-trading.co.jp/wp-content/uploads/2020/05/790600-2.jpg",55
f8d04400-5d6f-47df-9154-e487c6fdc5f6,"PSﾋﾟｯｸｽ2(IPｽｷｬﾅｰ) 本体一式","ｴﾝﾋﾞｽﾀｼﾞｬﾊﾟﾝ","https://www.hakusui-trading.co.jp/wp-content/uploads/2020/05/790600-2.jpg",55
b17cf556-d6c9-4b7b-9f3e-dbc6b256c5d7,"ｵﾙｿﾊﾟﾝﾄﾓｸﾞﾗﾌ OP 3D LX ｾﾌｧﾛ 15×12一式(新機種)","ｴﾝﾋﾞｽﾀｼﾞｬﾊﾟﾝ","https://www.envistaco.jp/wp-content/uploads/2024/02/op3d_lx_img09.png",53
32d880d7-1c2f-4c78-9211-4d5349b410e1,"ｵﾙｿﾊﾟﾝﾄﾓｸﾞﾗﾌ OP 3D LX ｾﾌｧﾛ 15×12一式(新機種)","ｴﾝﾋﾞｽﾀｼﾞｬﾊﾟﾝ","https://www.envistaco.jp/wp-content/uploads/2024/02/op3d_lx_img09.png",53
584195ef-8f42-4590-a7b2-615ba729432e,"ｵﾙｿﾊﾟﾝﾄﾓｸﾞﾗﾌ OP 3D ｾﾌｧﾛ 10×10 一式","ｴﾝﾋﾞｽﾀｼﾞｬﾊﾟﾝ","https://www.envistaco.jp/wp-content/uploads/2024/02/op3d_lx_img09.png",53
f40bb75c-33a0-451a-a0ee-ebaa42a22708,"ｵﾙｿﾊﾟﾝﾄﾓｸﾞﾗﾌ OP 3D ｾﾌｧﾛ 10×10 一式","ｴﾝﾋﾞｽﾀｼﾞｬﾊﾟﾝ","https://www.envistaco.jp/wp-content/uploads/2024/02/op3d_lx_img09.png",53
9a75f385-1036-4a98-9394-3a7b71360e1b,"ﾌｫｰｶｽ ﾃﾞﾝﾀﾙﾚﾝﾄｹﾞﾝ","ｴﾝﾋﾞｽﾀｼﾞｬﾊﾟﾝ","https://www.nakamachi-dental.jp/wp-content/uploads/3386_597213-1024x775.jpg",50
90165493-9676-4c7e-b707-a2d6f197c77a,"ﾌｫｰｶｽ ﾃﾞﾝﾀﾙﾚﾝﾄｹﾞﾝ","ｴﾝﾋﾞｽﾀｼﾞｬﾊﾟﾝ","https://www.nakamachi-dental.jp/wp-content/uploads/3386_597213-1024x775.jpg",50
a6779aef-0713-432c-ad82-dafc50411fd4,"撮影用ﾜｰｸｽﾃｰｼｮﾝ OPｼﾘｰｽﾞ","ｴﾝﾋﾞｽﾀｼﾞｬﾊﾟﾝ","https://www.envistaco.jp/wp-content/uploads/2024/02/op3d_lx_img09.png",53
e857c115-80c5-46e1-887a-0b74eb60e0b5,"撮影用ﾜｰｸｽﾃｰｼｮﾝ OPｼﾘｰｽﾞ","ｴﾝﾋﾞｽﾀｼﾞｬﾊﾟﾝ","https://www.envistaco.jp/wp-content/uploads/2024/02/op3d_lx_img09.png",53
4d0044f3-ebc6-45fa-b77c-bc5fc091a5ae,"545-750-00 ﾃﾞﾝﾀﾌﾚｯｸｽｽﾄﾚｰﾄﾜｲﾔｰ SS","ｵｰｿﾃﾞﾝﾄﾗﾑ","https://www.ortho.co.jp/assets/img/product/ipass2/ipass2gold.jpg",54
8c7ddadb-c72a-4b89-8810-f11d4d8317c8,"545-750-00 ﾃﾞﾝﾀﾌﾚｯｸｽｽﾄﾚｰﾄﾜｲﾔｰ SS","ｵｰｿﾃﾞﾝﾄﾗﾑ","https://www.ortho.co.jp/assets/img/product/ipass2/ipass2gold.jpg",54
edd4b4a7-b980-4d83-a8de-b32d373f5c18,"ｵｰｿｿﾛ ﾘﾌｨﾙ5ml ﾎﾞﾄﾙ","ｵｰﾑｺ","https://cdndental.feed.jp/contents/common/img/goods/item/1150792/1150792_L.jpg",55
1f86d9b4-a2c8-4ee4-8d89-19ba903f3f13,"ｵｰｿｿﾛ ﾘﾌｨﾙ5ml ﾎﾞﾄﾙ","ｵｰﾑｺ","https://cdndental.feed.jp/contents/common/img/goods/item/1150792/1150792_L.jpg",55
4d51d1e6-beed-43f3-a714-a726f2f1e872,"ｱﾊﾟｶﾞｰﾄﾞﾘﾅﾒﾙ 120g","ｵｰﾗﾙｹｱ","https://m.media-amazon.com/images/I/614MaHerb3L._AC_SL1500_.jpg",71
9465325d-cf68-4f19-8fe7-ee5d3a4b96e8,"ｱﾊﾟｶﾞｰﾄﾞﾘﾅﾒﾙ 120g","ｵｰﾗﾙｹｱ","https://m.media-amazon.com/images/I/614MaHerb3L._AC_SL1500_.jpg",71
47529676-0e38-4f94-835c-22629088e025,"ｱﾊﾟｶﾞｰﾄﾞﾘﾅﾒﾙ 50g","ｵｰﾗﾙｹｱ","https://shop.r10s.jp/master/cabinet/200-37/4987643116076.jpg",55
39b89fd7-5ccb-4ebc-93bc-e3e39601755e,"ｱﾊﾟｶﾞｰﾄﾞﾘﾅﾒﾙ 50g","ｵｰﾗﾙｹｱ","https://shop.r10s.jp/master/cabinet/200-37/4987643116076.jpg",55
d2f0a36d-450f-4676-aaae-691892ee254a,"ｵｰｿｾﾌﾞﾝ 24本入","ｵｰﾗﾙｹｱ","https://shop.r10s.jp/oralcare-dod/cabinet/t/02/18203000_thum01.jpg",55
d4554ac0-1894-4f12-bbeb-80959f3dbedb,"ｵｰｿｾﾌﾞﾝ 24本入","ｵｰﾗﾙｹｱ","https://shop.r10s.jp/oralcare-dod/cabinet/t/02/18203000_thum01.jpg",55
1cbffbfe-b8b2-412f-98dd-39ee10155bbc,"ｸﾞｯﾍﾟﾘ ﾋﾟﾝｸ 1本","ｵｰﾗﾙｹｱ","https://www.oralcare.co.jp/manage/wp-content/uploads/2024/11/product_goodbyeperio_01.webp",55
2f979942-9afa-4b27-9456-0b1ef6635843,"ｸﾞｯﾍﾟﾘ ﾋﾟﾝｸ 1本","ｵｰﾗﾙｹｱ","https://www.oralcare.co.jp/manage/wp-content/uploads/2024/11/product_goodbyeperio_01.webp",55
49ce90d2-8c62-4a51-a64e-3bb6e2e60103,"ﾌﾛｱﾌﾛｽ 250m","ｵｰﾗﾙｹｱ","https://m.media-amazon.com/images/I/61n2XEcr0-L._AC_SX569_.jpg",68
b02b1c33-051f-44ff-a8b6-fe44cf614bff,"ﾌﾛｱﾌﾛｽ 250m","ｵｰﾗﾙｹｱ","https://m.media-amazon.com/images/I/61n2XEcr0-L._AC_SX569_.jpg",68
fcdb4310-833d-4825-b84a-0f72e68146f4,"ﾌﾛｱﾌﾛｽ 250m 詰め替え用","ｵｰﾗﾙｹｱ","https://m.media-amazon.com/images/I/61n2XEcr0-L._AC_UF894,1000_QL80_.jpg",68
56b8857d-1fb1-45ae-9a44-072ab1202bb3,"ﾌﾛｱﾌﾛｽ 250m 詰め替え用","ｵｰﾗﾙｹｱ","https://m.media-amazon.com/images/I/61n2XEcr0-L._AC_UF894,1000_QL80_.jpg",68
ecd4fa8b-772f-4744-8634-289a32a0f46f,"ﾌﾛｱﾌﾛｽ 45M","ｵｰﾗﾙｹｱ","https://m.media-amazon.com/images/I/71nZmWYnzDL._AC_SL1500_.jpg",74
0cff8189-8772-4b35-99ec-8b58ee67d1b4,"ﾌﾛｱﾌﾛｽ 45M","ｵｰﾗﾙｹｱ","https://m.media-amazon.com/images/I/71nZmWYnzDL._AC_SL1500_.jpg",74
0dced0d4-3de2-4bde-a9cc-9d547916788d,"生食注（ｿﾌﾄﾊﾞｯｸ)500ml","ｵｵﾂｶｾｲﾔｸ","https://files.bcart.jp/petmedicpro/uploads/PICT2/291457.jpg",50
cfc12065-470b-460c-8222-25b65c55b460,"生食注（ｿﾌﾄﾊﾞｯｸ)500ml","ｵｵﾂｶｾｲﾔｸ","https://www.otsukakj.jp/med_nutrition/dikj/upload/osl15a1ab.jpg",48
b91fafa1-ea6f-425c-9308-50de00a6b519,"生食注（細口開栓)500ml","ｵｵﾂｶｾｲﾔｸ","https://d15ihgh2blymmz.cloudfront.net/uploads/item_image/4987035132509/4987035132509_1.jpg",55
54d58778-feeb-4c4a-b2ac-f0fa42b549b6,"生食注（細口開栓)500ml","ｵｵﾂｶｾｲﾔｸ","https://d15ihgh2blymmz.cloudfront.net/uploads/item_image/4987035132509/4987035132509_1.jpg",55
6a557d58-4fed-46e5-aa83-af755b62da43,"ﾐｽﾀｰｽｲｯﾁ用ｷｬｯﾁｬｰ","ｵｶﾍﾞ","https://okabe118.co.jp/products/images/mrswitch/main_220523.jpg",49
2971216e-4fa8-4cac-a4fc-e3edf79cdfc3,"ﾐｽﾀｰｽｲｯﾁ用ｽﾄｯﾊﾟｰ中","ｵｶﾍﾞ","https://item-shopping.c.yimg.jp/i/n/nakagawa-pro-kogu_msb-2w_3_d_20240314161328",50
dc5730d9-96ca-44ea-afb2-65f484e58dfa,"ﾐｽﾀｰｽｲｯﾁ用昇降部特殊先端ｺﾞﾑ","ｵｶﾍﾞ","https://item-shopping.c.yimg.jp/i/n/zainte_li-fj-wb3729",50
46f62771-ec09-4de7-947e-f1494b02dd3a,"ﾐｽﾀｰｽｲｯﾁ用昇降部特殊先端ｺﾞﾑ","ｵｶﾍﾞ","https://image.yoridori.jp/ec_img/goods_photo/XXAZ308-000000-00_2.jpg",55
bb69cb1e-467f-4d6f-bc05-cdaf71737db2,"ﾐｽﾀｰｽｲｯﾁ用特殊加工ｷｬｯﾁｬｰ","ｵｶﾍﾞ","https://seafoodshow-japan.com/wp/wp-content/uploads/2025/07/SFSTOKYO000437E_SFSTOKYOPF_upload_file1917_%E6%A0%AA%E5%BC%8F%E4%BC%9A%E7%A4%BE%E3%82%AA%E3%82%AB%E3%83%99.jpg",50
8250ac22-4c4f-4d76-83cc-a688c9f1a5a0,"ﾐｽﾀｰｽｲｯﾁ用特殊加工ｷｬｯﾁｬｰ","ｵｶﾍﾞ","https://seafoodshow-japan.com/wp/wp-content/uploads/2025/07/SFSTOKYO000437E_SFSTOKYOPF_upload_file1917_%E6%A0%AA%E5%BC%8F%E4%BC%9A%E7%A4%BE%E3%82%AA%E3%82%AB%E3%83%99.jpg",50
2c22a892-bfeb-4750-b00a-ba1a3a70182c,"ﾐｽﾀｰｽｲｯﾁ用特殊加工ｷｬｯﾁｬｰ 小","ｵｶﾍﾞ","https://auctions.afimg.jp/s1084221191/ya/image/s1084221191.3.jpg",50
213e04ac-dbe5-45b3-be28-34601862c0a0,"ﾐｽﾀｰｽｲｯﾁ用特殊加工ｷｬｯﾁｬｰ 小","ｵｶﾍﾞ","https://auctions.afimg.jp/s1084221191/ya/image/s1084221191.3.jpg",50
bdb1feaf-34c9-47c1-af75-42852892e540,"岡部　ﾐｽﾀｰｽｲｯﾁ　ﾂｲﾝ","ｵｶﾍﾞ","https://okabe118.co.jp/products/images/mrswitch/main_220523.jpg",49
42aabed0-6639-440d-804d-7da40c2ba4be,"岡部　ﾐｽﾀｰｽｲｯﾁ　ﾂｲﾝ","ｵｶﾍﾞ","https://okabe118.co.jp/products/images/mrswitch/main_220523.jpg",49
5cc12411-978c-440f-b03c-35237c48cc08,"ｱﾋﾟｯﾄ 中継ｺｰﾄﾞ EM-S11","ｵｻﾀﾞ","https://auctions.afimg.jp/l1086726281/ya/image/l1086726281.1.jpg",55
c0a5088c-8736-4675-a5a7-51479dc86277,"ｱﾋﾟｯﾄ 中継ｺｰﾄﾞ EM-S11","ｵｻﾀﾞ","https://auctions.c.yimg.jp/images.auctions.yahoo.co.jp/image/dr000/auc0403/users/057de8b2ee27794d72c90e2337bf70943ff30c6b/i-img640x625-16801635144hdg4f91553.jpg",55
aeb05d8b-d400-459c-8ca6-d6954dd6b25f,"ｵｻﾀﾞ ﾄﾛﾝ TD/TDL型ｶｰﾄﾘｯｼﾞ AC-20ｰ5 70295","ｵｻﾀﾞ","https://img.fril.jp/img/371438038/l/1047540173.jpg?1603350686",55
a7521213-4e8c-4b1d-9f49-3d5f1115d56a,"ｵｻﾀﾞｴﾅｯｸ10Lﾊﾝﾄﾞﾋﾟｰｽ SE-10L","ｵｻﾀﾞ","https://auctions.c.yimg.jp/images.auctions.yahoo.co.jp/image/dr000/auc0307/users/bcc6fa28c625f72b77df91df2913e9d631ee5d3f/i-img1080x1080-1657777293rx9f9o779339.jpg",55
fe7898f0-352a-44aa-9703-091ce6a7a025,"ｵｻﾀﾞｴﾅｯｸ10Lﾊﾝﾄﾞﾋﾟｰｽ SE-10L","ｵｻﾀﾞ","https://auctions.c.yimg.jp/images.auctions.yahoo.co.jp/image/dr000/auc0405/users/e7e57fd2613ef08c7672fca0b59a9b325ce39a77/i-img977x1200-1683886413leidsp212051.jpg",51
fcfedd04-3a8b-493d-a9d7-d8ea58dd08a1,"ﾃﾞﾝﾃｨﾛﾜｲﾌﾟｽ 120枚入 ﾚﾓﾝ","ｵﾛｸﾘﾝ","https://image.rakuten.co.jp/biccamera/cabinet/product/8878/00000012046804_a01.jpg",55
153cf2fa-a82a-4c80-8ae5-a498666d2e96,"ﾃﾞﾝﾃｨﾛﾜｲﾌﾟｽ 120枚入 ﾚﾓﾝ","ｵﾛｸﾘﾝ","https://image.rakuten.co.jp/biccamera/cabinet/product/8878/00000012046804_a01.jpg",55
64f99bc2-049b-4454-a10a-242b0d3371da,"ｱﾀﾞﾌﾟﾄｾｸｼｮﾅﾙ ﾏﾄﾘｯｸｽ透明ｲﾝｸﾘｰｽﾞﾄﾞ5.0 橙　753","ｶｰ","https://www.envistaco.jp/wp-content/uploads/2025/07/adopt-sectional-matrix_transparent-type.jpg",55
233815b9-eb8f-4221-9b77-57f7e42fddb3,"ｱﾀﾞﾌﾟﾄｾｸｼｮﾅﾙ ﾏﾄﾘｯｸｽ透明ｲﾝｸﾘｰｽﾞﾄﾞ5.0 橙　753","ｶｰ","https://www.envistaco.jp/wp-content/uploads/2025/07/adopt-sectional-matrix_transparent-type.jpg",55
7b9c97f6-881c-4c35-9a11-64ddf88f7dd0,"ｱﾀﾞﾌﾟﾄｾｸｼｮﾅﾙ　ﾏﾄﾘｯｸｽ透明ｲﾝｸﾘｰｽﾞﾄﾞ5.0 橙　753","ｶｰ","https://www.envistaco.jp/wp-content/uploads/2025/07/adopt-sectional-matrix_transparent-type.jpg",55
f81dda14-b8ec-48ad-af21-e4d424e85f3a,"ｱﾀﾞﾌﾟﾄｾｸｼｮﾅﾙ ﾏﾄﾘｯｸｽ透明ｲﾝｸﾘｰｽﾞﾄﾞ6.5 紫　754","ｶｰ","https://www.envistaco.jp/wp-content/uploads/2025/07/adopt-sectional-matrix_transparent-type.jpg",55
3d21437b-61a6-441b-9329-b8db7bb3b8cb,"ｱﾀﾞﾌﾟﾄｾｸｼｮﾅﾙ ﾏﾄﾘｯｸｽ透明ｲﾝｸﾘｰｽﾞﾄﾞ6.5 紫　754","ｶｰ","https://www.envistaco.jp/wp-content/uploads/2025/07/adopt-sectional-matrix_transparent-type.jpg",55
ba32c503-8a14-43e5-97d7-9b3310036027,"ｱﾀﾞﾌﾟﾄｾｸｼｮﾅﾙ ﾏﾄﾘｯｸｽ透明ﾓﾃﾞﾚｰﾄ5.0 黄 751","ｶｰ","https://static.mercdn.net/item/detail/orig/photos/m52846906113_1.jpg?1702634116",55
d98b735b-ec3d-4a52-9e86-4c07ae3fc96d,"ｱﾀﾞﾌﾟﾄｾｸｼｮﾅﾙ ﾏﾄﾘｯｸｽ透明ﾓﾃﾞﾚｰﾄ5.0 黄 751","ｶｰ","https://www.envistaco.jp/wp-content/uploads/2025/07/adopt-sectional-matrix_transparent-type.jpg",55
4799c207-467e-4435-a24b-c3bb67affaee,"ｱﾀﾞﾌﾟﾄｾｸｼｮﾅﾙ ﾏﾄﾘｯｸｽ透明ﾓﾃﾞﾚｰﾄ6.5 青 752","ｶｰ","https://d15ihgh2blymmz.cloudfront.net/uploads/item_image/4560248553882/4560248553882_1.jpg",55
1fd4fb3c-c8e7-49aa-b28b-377bcfde4512,"ｱﾀﾞﾌﾟﾄｾｸｼｮﾅﾙ ﾏﾄﾘｯｸｽ透明ﾓﾃﾞﾚｰﾄ6.5 青 752","ｶｰ","https://d15ihgh2blymmz.cloudfront.net/uploads/item_image/4560248553882/4560248553882_1.jpg",55
3ad7b29a-12fb-4e93-9390-4eccd07924bd,"ｵﾌﾟﾁｸﾘｰﾝ(ﾃﾝﾎﾟﾗﾘｰ除去用ﾊﾞｰ)12本入","ｶｰ","https://shop.pdr.co.jp/g_images/series-432/series-432_02.jpg",80
9b84600a-953f-4127-b636-122f0a7a7c08,"ｵﾌﾟﾁｸﾘｰﾝ(ﾃﾝﾎﾟﾗﾘｰ除去用ﾊﾞｰ)12本入","ｶｰ","https://shop.pdr.co.jp/g_images/series-432/series-432_02.jpg",80
a2a3ddaa-d9b4-42df-99da-6a38bfc31406,"ｾﾝｻｰﾎﾙﾀﾞｰ ｽｰﾊﾟｰﾊﾞｲﾄ 前歯用","ｶｰ","https://www.dentalshop.jp/images/upload/Image/XRay-Sensor-Holder-3.jpg",55
30f331fa-9ba1-4d21-acf8-c7ede6eee19f,"ｾﾝｻｰﾎﾙﾀﾞｰ ｽｰﾊﾟｰﾊﾞｲﾄ 前歯用","ｶｰ","https://www.dentalshop.jp/images/upload/Image/XRay-Sensor-Holder-3.jpg",55
7f50ba12-5649-4ae0-a6c2-e41ef0e91b26,"ｾﾝｻｰﾎﾙﾀﾞｰ ｽｰﾊﾟｰﾊﾞｲﾄ 臼歯用 2802","ｶｰ","https://www.dentalshop.jp/images/upload/Image/XRay-Sensor-Holder-3.jpg",55
1e2a5de1-2995-4dd2-8a60-26bab95a8a22,"ｾﾝｻｰﾎﾙﾀﾞｰ ｽｰﾊﾟｰﾊﾞｲﾄ 臼歯用 2802","ｶｰ","https://www.dentalshop.jp/images/upload/Image/XRay-Sensor-Holder-3.jpg",55
cd437613-73e5-4b95-a296-f974d28c28b6,"ﾌﾞﾙｰﾎﾜｲﾄ ｺﾝﾎﾟｼﾞｯﾄDﾊﾞｰ FG4255","ｶｰ","https://d15ihgh2blymmz.cloudfront.net/uploads/item_image/4560248550423/4560248550423_1.jpg",55
bf6f6b61-0d81-4dbf-8156-6a0fea60e674,"ﾌﾞﾙｰﾎﾜｲﾄ ｺﾝﾎﾟｼﾞｯﾄDﾊﾞｰ FG4255","ｶｰ","https://d15ihgh2blymmz.cloudfront.net/uploads/item_image/4560248550423/4560248550423_1.jpg",55
4ead243f-5b68-4c80-86cb-a2fc164913e2,"ﾄﾗﾝｽﾍﾟｱﾚﾝﾄ ｽﾄﾘｯﾌﾟﾛｰﾙ 10mm 687","ｶｰﾊｰﾍﾞｼｬ","https://www.dentalvita.com/uploads/producto/importar_imaxes/1800-1.jpg",55
b383416b-73a7-4011-9559-628dd7cb11b9,"ﾄﾗﾝｽﾍﾟｱﾚﾝﾄ ｽﾄﾘｯﾌﾟﾛｰﾙ 10mm 687","ｶｰﾊｰﾍﾞｼｬ","https://www.dentalvita.com/uploads/producto/importar_imaxes/1800-1.jpg",55
901a5053-9e9f-47ca-a834-1fa1949cc37f,"ﾄﾗﾝｽﾍﾟｱﾚﾝﾄ ｽﾄﾘｯﾌﾟﾛｰﾙ 8mm 686","ｶｰﾊｰﾍﾞｼｬ","https://www.dentalheld.de/storage/articles/images/original/iGNvZZ4ghVvrxsvsiMXeZYQHMIjTjWavj9xHxcsx.jpg",55
90068966-097e-4a0f-9f2a-7f5016aa2053,"ﾄﾗﾝｽﾍﾟｱﾚﾝﾄ ｽﾄﾘｯﾌﾟﾛｰﾙ 8mm 686","ｶｰﾊｰﾍﾞｼｬ","https://www.dentalheld.de/storage/articles/images/original/iGNvZZ4ghVvrxsvsiMXeZYQHMIjTjWavj9xHxcsx.jpg",55
99efc571-5611-4012-8845-fcc880e969fa,"KAI ｺｰﾃｨﾝｸﾞｽｶﾙﾍﾟﾙ #15 20枚S515-A","ｶｲｲﾝﾀﾞｽﾄﾘｰｽﾞ","https://www.kaimedical.jp/wp-content/uploads/general/products/surgery/S511-A/product_02.jpg",55
1aec3fd4-0c85-47ae-98c7-707dc4422a79,"KZN312-16 ﾚﾃﾞｨｽﾌﾟﾙｵｰﾊﾞｰ半袖 ﾍﾞｰｼﾞｭ×ﾌﾞﾗｳﾝ L","カゼン","https://cdn.askul.co.jp/img/product/3L1/X616720_3L1.jpg",55
c23e002b-b041-4820-ac33-8bd766e1be28,"KZN312-16 ﾚﾃﾞｨｽﾌﾟﾙｵｰﾊﾞｰ半袖 ﾍﾞｰｼﾞｭ×ﾌﾞﾗｳﾝ M","カゼン","https://cdn.askul.co.jp/img/product/3L1/X616713_3L1.jpg",55
775fdd51-23f7-4d7a-940b-827bdab7c331,"KZN312-16 ﾚﾃﾞｨｽﾌﾟﾙｵｰﾊﾞｰ半袖 ﾍﾞｰｼﾞｭ×ﾌﾞﾗｳﾝ M","カゼン","https://cdn.askul.co.jp/img/product/3L1/X616713_3L1.jpg",55
abf51247-ad9a-44f5-aff4-215710425161,"KZN312-18 ﾚﾃﾞｨｽﾌﾟﾙｵｰﾊﾞｰ半袖 ﾈｲﾋﾞｰ×ﾍﾞｰｼﾞｭ M","カゼン","https://cdn.askul.co.jp/img/product/3L1/X616722_3L1.jpg",55
2378f57d-95a4-4d77-b291-c121a0ef205e,"KZN312-18 ﾚﾃﾞｨｽﾌﾟﾙｵｰﾊﾞｰ半袖 ﾈｲﾋﾞｰ×ﾍﾞｰｼﾞｭ M","カゼン","https://cdn.askul.co.jp/img/product/3L1/X616722_3L1.jpg",55
66f76e34-518f-484f-91a3-2dc5b03354b9,"KZN312-18 ﾚﾃﾞｨｽﾌﾟﾙｵｰﾊﾞｰ半袖 ﾈｲﾋﾞｰ×ﾍﾞｰｼﾞｭ S","カゼン","https://cdn.askul.co.jp/img/product/3L1/X616763_3L1.jpg",55
2a200466-62a8-41fc-a7c0-db570ea06b64,"KZN312-18 ﾚﾃﾞｨｽﾌﾟﾙｵｰﾊﾞｰ半袖 ﾈｲﾋﾞｰ×ﾍﾞｰｼﾞｭ S","カゼン","https://files.bcart.jp/saiunisystem/uploads/product/KAZEN3/KZN312/KZN312-C18_F.jpg",52
c9bf7ed9-95c2-4edf-a399-09dff7138587,"KAVO製ｴｷｽﾊﾟｰﾄﾊﾟﾁｯｸE20L","ｶﾎﾞ","https://service.yoshida-dental.co.jp/s3images/ca/series/10875/images/E20L%20.jpg?w=927&h=591&t=r&q=90",98
ccb93fc4-7db2-48b3-b7d4-25c81648f3b4,"KAVO製ｴｷｽﾊﾟｰﾄﾊﾟﾁｯｸE20L","ｶﾎﾞ","https://service.yoshida-dental.co.jp/s3images/ca/series/10875/images/E20L%20.jpg?w=927&h=591&t=r&q=90",98
5b749961-ba3d-47bc-a986-7a983d8dc57e,"ｲﾘｹﾞｰｼｮﾝﾁｭｰﾌﾞ S600用 10本用","ｶﾎﾞﾃﾞﾝﾀﾙｼｽﾃﾑｽﾞ","https://www.kaunet.com/kaunet/images/goods/main/extra/4740925A.jpg",55
fc22d3ba-f38b-44b0-a3e1-2cf7b9ee92e3,"ｲﾘｹﾞｰｼｮﾝﾁｭｰﾌﾞ S600用 10本用","ｶﾎﾞﾃﾞﾝﾀﾙｼｽﾃﾑｽﾞ","https://www.kaunet.com/kaunet/images/goods/main/extra/4740925A.jpg",55
6120692a-51b1-4658-abb3-3705ebc1a977,"ｴｷｽﾊﾟｰﾄ ﾏﾃｨｯｸ E10C","ｶﾎﾞﾃﾞﾝﾀﾙｼｽﾃﾑｽﾞ","https://service.yoshida-dental.co.jp/s3images/ca/series/10875/images/E10C%20.jpg?w=927&h=591&t=r&q=90",98
ba2f1868-a3af-47ef-8032-6d8608a31a23,"ｴｷｽﾊﾟｰﾄ ﾏﾃｨｯｸ E10C","ｶﾎﾞﾃﾞﾝﾀﾙｼｽﾃﾑｽﾞ","https://www.gc.dental/japan/sites/japan.gc.dental/files/styles/image_608x342/public/japan-migration/tulZ0jE2003H_0.jpg.webp?itok=9_xqs1dg",98
0552463c-616c-4140-86b3-f0750db154de,"ｴｷｽﾊﾟｰﾄ ﾏﾃｨｯｸ E20L","ｶﾎﾞﾃﾞﾝﾀﾙｼｽﾃﾑｽﾞ","https://service.yoshida-dental.co.jp/s3images/ca/series/10875/images/E20L%20.jpg?w=927&h=591&t=r&q=90",98
425a0f42-c21f-4cfa-a398-358cadc2a506,"ｴｷｽﾊﾟｰﾄ ﾏﾃｨｯｸ E20L","ｶﾎﾞﾃﾞﾝﾀﾙｼｽﾃﾑｽﾞ","https://service.yoshida-dental.co.jp/s3images/ca/series/10875/images/E20L%20.jpg?w=927&h=591&t=r&q=90",98
1cb6bef9-8580-4269-a9fd-9da884fd66e6,"ｴｷｽﾊﾟｰﾄ ﾏﾃｨｯｸ E25L","ｶﾎﾞﾃﾞﾝﾀﾙｼｽﾃﾑｽﾞ","https://www.gc.dental/japan/sites/japan.gc.dental/files/styles/image_608x342/public/japan-migration/tulZ0jE2003H_0.jpg.webp?itok=9_xqs1dg",98
8758855f-974e-4fcc-a55e-42277cf271da,"ｴｷｽﾊﾟｰﾄ ﾏﾃｨｯｸ E25L","ｶﾎﾞﾃﾞﾝﾀﾙｼｽﾃﾑｽﾞ","https://www.gc.dental/japan/sites/japan.gc.dental/files/styles/image_608x342/public/japan-migration/tulZ0jE2003H_0.jpg.webp?itok=9_xqs1dg",98
e11bf3c0-71ee-46ea-8cbc-9b60843fac5b,"ｶﾝｼﾞﾀﾞﾃﾞｨﾃｸﾀｰ 1ｾｯﾄ（10ﾃｽﾄ）","ｶﾒﾐｽﾞ","https://lookaside.fbsbx.com/lookaside/crawler/media/?media_id=641396541550940",50
db6342db-2f08-405a-844f-24159c0adf38,"ｶﾝｼﾞﾀﾞﾃﾞｨﾃｸﾀｰ 1ｾｯﾄ（10ﾃｽﾄ）","ｶﾒﾐｽﾞ","https://lookaside.fbsbx.com/lookaside/crawler/media/?media_id=641396541550940",50
939d5286-5dbd-48e5-8be0-2cb5d9cb397c,"ﾊﾞｲﾄﾛｯｸ S（ﾊﾟｰﾌﾟﾙ）","ｶﾒﾐｽﾞ","https://image.biccamera.com/img/00000012045689_A01.jpg?sr.dw=600&sr.jqh=60&sr.dh=600&sr.mat=1",55
1bae49db-e16e-4a48-8f2b-c1178cbf5ae4,"ﾊﾞｲﾄﾛｯｸ S（ﾊﾟｰﾌﾟﾙ）","ｶﾒﾐｽﾞ","https://image.biccamera.com/img/00000012045689_A01.jpg?sr.dw=600&sr.jqh=60&sr.dh=600&sr.mat=1",55
2c1d3e17-ff1b-4e07-b414-bd42da3f0a5e,"ﾏｳｽﾋﾟｭｱ 口腔ｹｱｼﾞｪﾙ ｳﾒ風味 90g","ｶﾜﾓﾄｻﾝｷﾞｮｳ","https://tshop.r10s.jp/momotose/cabinet/item/844007_p.jpg?fitin=720:720",75
a1da6936-8dbf-4ba5-b23b-a1b454b5f5fd,"ﾏｳｽﾋﾟｭｱ 口腔ｹｱｼﾞｪﾙ ｳﾒ風味 90g","ｶﾜﾓﾄｻﾝｷﾞｮｳ","https://tshop.r10s.jp/momotose/cabinet/item/844007_p.jpg?fitin=720:720",75
239276ef-d54d-4df0-9065-06eeee53080a,"ﾏｳｽﾋﾟｭｱ 口腔ｹｱｼﾞｪﾙ ｳﾒ風味 90g 102397","ｶﾜﾓﾄｻﾝｷﾞｮｳ","https://tshop.r10s.jp/momotose/cabinet/item/844007_p.jpg?fitin=720:720",75
bfbbedfd-6506-4f01-8def-02a727693224,"ﾏｳｽﾋﾟｭｱ 口腔ｹｱｼﾞｪﾙ ｺｰﾋｰ風味 40g 102977","ｶﾜﾓﾄｻﾝｷﾞｮｳ","https://tshop.r10s.jp/momotose/cabinet/item/844007_p.jpg?fitin=720:720",75
36ef7512-d11a-4198-a210-61871e17019e,"ﾏｳｽﾋﾟｭｱ 口腔ｹｱｼﾞｪﾙ ｺｰﾋｰ風味 40g 102977","ｶﾜﾓﾄｻﾝｷﾞｮｳ","https://tshop.r10s.jp/momotose/cabinet/item/844007_p.jpg?fitin=720:720",75
1f15d893-2dae-48be-8460-ba96a0abc189,"ﾏｳｽﾋﾟｭｱ 吸引歯ﾌﾞﾗｼ 20本 35027","ｶﾜﾓﾄｻﾝｷﾞｮｳ","https://static.mercdn.net/item/detail/orig/photos/m82325064461_1.jpg?1747528385",55
ab669f24-fa64-4fea-bd79-efaa0bc6e0ed,"ﾏｳｽﾋﾟｭｱ 吸引歯ﾌﾞﾗｼ 20本 35027","ｶﾜﾓﾄｻﾝｷﾞｮｳ","https://static.mercdn.net/item/detail/orig/photos/m82325064461_1.jpg?1747528385",55
7d471f97-4eb2-4c54-b3d0-68ef59db1101,"ﾊﾞｷｭｰﾑｱﾀﾞﾌﾟﾀｰ","ｷｰｽﾄﾝ","https://static.mercdn.net/item/detail/orig/photos/m71118277789_1.jpg?1653020439",55
30a07562-37d0-403e-b906-73a6ee9baa08,"ﾊﾞｷｭｰﾑｱﾀﾞﾌﾟﾀｰ","ｷｰｽﾄﾝ","https://static.mercdn.net/item/detail/orig/photos/m71118277789_1.jpg?1653020439",55
78e603c2-c0b6-47eb-b2e0-ae70a86c6f90,"ﾎｷﾞｰ ｱｲｶﾞｰﾄﾞ G(ｸﾞﾘｰﾝ)","ｷｰﾗｰｱﾝﾄﾞﾜｲﾅｰ","http://www.keeler-yna.co.jp/user_data/%E3%83%9B%E3%82%AE%E3%83%BC%E3%82%A2%E3%82%A4%E3%82%AC%E3%83%BC%E3%83%89%E3%82%AB%E3%82%BF%E3%83%AD%E3%82%B0202205P1.jpg",49
25251936-b5ab-4d05-9b23-5a69664db4b7,"ﾎｷﾞｰ ｱｲｶﾞｰﾄﾞ G(ｸﾞﾘｰﾝ)","ｷｰﾗｰｱﾝﾄﾞﾜｲﾅｰ","http://www.keeler-yna.co.jp/user_data/%E3%83%9B%E3%82%AE%E3%83%BC%E3%82%A2%E3%82%A4%E3%82%AC%E3%83%BC%E3%83%89%E3%82%AB%E3%82%BF%E3%83%AD%E3%82%B0202205P1.jpg",49
4c09ccde-7614-47ed-8b7a-b9bcb62deabb,"ﾎｷﾞｰ ｱｲｶﾞｰﾄﾞ GD(ｺﾞｰﾙﾄﾞ)","ｷｰﾗｰｱﾝﾄﾞﾜｲﾅｰ","http://www.keeler-yna.co.jp/user_data/%E3%83%9B%E3%82%AE%E3%83%BC%E3%82%A2%E3%82%A4%E3%82%AC%E3%83%BC%E3%83%89%E3%82%AB%E3%82%BF%E3%83%AD%E3%82%B0202209-1.jpg",49
07a6ac3d-d367-420b-b6d9-dac943515e32,"ﾎｷﾞｰ ｱｲｶﾞｰﾄﾞ GD(ｺﾞｰﾙﾄﾞ)","ｷｰﾗｰｱﾝﾄﾞﾜｲﾅｰ","http://www.keeler-yna.co.jp/user_data/%E3%83%9B%E3%82%AE%E3%83%BC%E3%82%A2%E3%82%A4%E3%82%AC%E3%83%BC%E3%83%89%E3%82%AB%E3%82%BF%E3%83%AD%E3%82%B0202209-1.jpg",49
a3316c46-f86e-4161-97b6-23f90aa86ef4,"ﾎｷﾞｰ ｱｲｶﾞｰﾄﾞ P(ﾋﾟﾝｸ)","ｷｰﾗｰｱﾝﾄﾞﾜｲﾅｰ","https://static.mercdn.net/item/detail/orig/photos/m83919838346_1.jpg?1745535606",50
b5e6af49-9e14-477a-b86d-f2425dd7d3b7,"ﾎｷﾞｰ ｱｲｶﾞｰﾄﾞ P(ﾋﾟﾝｸ)","ｷｰﾗｰｱﾝﾄﾞﾜｲﾅｰ","https://static.mercdn.net/item/detail/orig/photos/m83919838346_1.jpg?1745535606",50
092c9fd3-6063-49f0-a542-bad7c982aefb,"ﾎｷﾞｰ ｱｲｶﾞｰﾄﾞ PU(ﾊﾟｰﾌﾟﾙ)","ｷｰﾗｰｱﾝﾄﾞﾜｲﾅｰ","http://www.keeler-yna.co.jp/user_data/%E3%83%9B%E3%82%AE%E3%83%BC%E3%82%A2%E3%82%A4%E3%82%AC%E3%83%BC%E3%83%89%E3%82%AB%E3%82%BF%E3%83%AD%E3%82%B0202205P1.jpg",49
a739dd2b-aef4-460e-888a-9cc9ba2b8e2e,"ﾎｷﾞｰ ｱｲｶﾞｰﾄﾞ PU(ﾊﾟｰﾌﾟﾙ)","ｷｰﾗｰｱﾝﾄﾞﾜｲﾅｰ","http://www.keeler-yna.co.jp/user_data/%E3%83%9B%E3%82%AE%E3%83%BC%E3%82%A2%E3%82%A4%E3%82%AC%E3%83%BC%E3%83%89%E3%82%AB%E3%82%BF%E3%83%AD%E3%82%B0202205P1.jpg",49
6ebf0542-0189-4a6c-9afa-aeab16364e45,"ﾎｷﾞｰ ｱｲｶﾞｰﾄﾞ RP(ﾚｯﾄﾞﾋﾟﾝｸ)","ｷｰﾗｰｱﾝﾄﾞﾜｲﾅｰ","https://static.mercdn.net/item/detail/orig/photos/m85663017134_1.jpg?1728474795",50
07e1b961-563b-4cf0-af64-568ec7ad4476,"ﾎｷﾞｰ ｱｲｶﾞｰﾄﾞ RP(ﾚｯﾄﾞﾋﾟﾝｸ)","ｷｰﾗｰｱﾝﾄﾞﾜｲﾅｰ","https://static.mercdn.net/item/detail/orig/photos/m83919838346_1.jpg?1745535606",50
4fd2ecac-a25b-405a-984b-01be434bf22f,"ﾎｷﾞｰ ｱｲｶﾞｰﾄﾞ Y(ｲｴﾛｰ)","ｷｰﾗｰｱﾝﾄﾞﾜｲﾅｰ","http://www.keeler-yna.co.jp/user_data/%E3%83%9B%E3%82%AE%E3%83%BC%E3%82%A2%E3%82%A4%E3%82%AC%E3%83%BC%E3%83%89%E3%82%AB%E3%82%BF%E3%83%AD%E3%82%B0202205P1.jpg",49
6547e88a-0e6d-42ac-9098-dd3ea6aa5e74,"ﾎｷﾞｰ ｱｲｶﾞｰﾄﾞ Y(ｲｴﾛｰ)","ｷｰﾗｰｱﾝﾄﾞﾜｲﾅｰ","http://www.keeler-yna.co.jp/user_data/%E3%83%9B%E3%82%AE%E3%83%BC%E3%82%A2%E3%82%A4%E3%82%AC%E3%83%BC%E3%83%89%E3%82%AB%E3%82%BF%E3%83%AD%E3%82%B0202205P1.jpg",49
987b89df-33e6-4b52-a10f-40b9131558d9,"ﾎｷﾞｰ ｱｲｶﾞｰﾄﾞ YG(ｲｴﾛｰｸﾞﾘｰﾝ)","ｷｰﾗｰｱﾝﾄﾞﾜｲﾅｰ","http://www.keeler-yna.co.jp/user_data/%E3%83%9B%E3%82%AE%E3%83%BC%E3%82%A2%E3%82%A4%E3%82%AC%E3%83%BC%E3%83%89%E3%82%AB%E3%82%BF%E3%83%AD%E3%82%B0202205P1.jpg",49
a858c307-6d36-4210-8bf5-0b6cbe5d932e,"口腔内ｶﾒﾗｾｯﾄ (CANON EOS RP+ﾃﾞﾝﾀﾙｽﾞｰﾑ+ﾂｲﾝｽﾄﾛﾎﾞ)","ｷｬﾉﾝ","https://baseec-img-mng.akamaized.net/images/item/origin/3866560266960fd363dc62e921892566.png?imformat=generic&q=90&im=Resize,width=1200,type=normal",55
7a34a3f5-db77-40c7-9b0f-5a9dccdea49e,"口腔内ｶﾒﾗｾｯﾄ (CANON EOS RP+ﾃﾞﾝﾀﾙｽﾞｰﾑ+ﾂｲﾝｽﾄﾛﾎﾞ)","ｷｬﾉﾝ","https://baseec-img-mng.akamaized.net/images/item/origin/9e389ba3ba93d5584468990219a4c286.png?imformat=generic&q=90&im=Resize,width=1200,type=normal",55
30d42eba-28ba-43b7-a2ee-66d210724bba,"口腔内ｶﾒﾗｾｯﾄ (CANON EOS RP+ﾘﾝｸﾞｽﾄﾛﾎﾞ+)","ｷｬﾉﾝ","https://baseec-img-mng.akamaized.net/images/item/origin/a64171438e5a16e4a85af4b482c4051d.png?imformat=generic&q=90&im=Resize,width=1200,type=normal",55
10b6a97f-f5ba-4474-829f-695240faac19,"口腔内ｶﾒﾗｾｯﾄ (CANON EOS RP+ﾘﾝｸﾞｽﾄﾛﾎﾞ+)","ｷｬﾉﾝ","https://baseec-img-mng.akamaized.net/images/item/origin/a64171438e5a16e4a85af4b482c4051d.png?imformat=generic&q=90&im=Resize,width=1200,type=normal",55
3f3eeb29-d433-44a9-b4d2-4d48d0a3a84c,"純正ﾄﾅｰｶｰﾄﾘｯｼﾞ056 10000枚","ｷｬﾉﾝ","https://m.media-amazon.com/images/I/71uDI-SRGzL._AC_SL1500_.jpg",73
2147e3bf-76bd-4990-9265-cdcb83c7a6a8,"純正ﾄﾅｰｶｰﾄﾘｯｼﾞ056 10000枚","ｷｬﾉﾝ","https://m.media-amazon.com/images/I/71uDI-SRGzL._AC_SL1500_.jpg",73
35072c50-c3e2-435c-a50b-06c460d2e825,"ｺﾝﾎﾟｼﾞﾀｲﾄ 3D ｼｽﾃﾑ ﾌｭｰｼﾞｮﾝｷｯﾄⅡ V2","ｷﾞｬﾘｿﾝﾃﾞﾝﾀﾙ","https://auctions.c.yimg.jp/images.auctions.yahoo.co.jp/image/dr000/auc0303/users/8cbaec5f9b52cda790dd8d4ed946a5c6067edb72/i-img1080x927-1646494449nz2asf302414.jpg",52
6fb88c03-b392-45ff-8c2c-f73526d4dfa5,"ｺﾝﾎﾟｼﾞﾀｲﾄ 3D ｼｽﾃﾑ ﾌｭｰｼﾞｮﾝｷｯﾄⅡ V2","ｷﾞｬﾘｿﾝﾃﾞﾝﾀﾙ","https://auctions.c.yimg.jp/images.auctions.yahoo.co.jp/image/dr000/auc0303/users/8cbaec5f9b52cda790dd8d4ed946a5c6067edb72/i-img1080x927-1646494449nz2asf302414.jpg",52
823b1bed-56cc-429d-b008-603cace854cc,"ｺﾝﾎﾟｼﾞﾀｲﾄ 3D ﾘﾃｰﾅｰ ﾌｭｰｼﾞｮﾝ 1入 L","ｷﾞｬﾘｿﾝﾃﾞﾝﾀﾙ","https://cdndental.feed.jp/contents/common/img/goods/item/7833756/7833756_L.jpg",55
74de7ef6-c1a4-411c-93d0-5134e91acfa2,"ｺﾝﾎﾟｼﾞﾀｲﾄ 3D ﾘﾃｰﾅｰ ﾌｭｰｼﾞｮﾝ 1入 L","ｷﾞｬﾘｿﾝﾃﾞﾝﾀﾙ","https://cdndental.feed.jp/contents/common/img/goods/item/7833756/7833756_L.jpg",55
c16621f7-62f2-49b6-a0ab-b6ab3234f34d,"ｺﾝﾎﾟｼﾞﾀｲﾄ 3D ﾘﾃｰﾅｰ ﾌｭｰｼﾞｮﾝ 1入 M","ｷﾞｬﾘｿﾝﾃﾞﾝﾀﾙ","https://sp.dental-plaza.com/article/compositight_3D_system/features/img/pic_photo01.jpg",51
bf92a6dc-c24b-4f3a-89fd-a38f93bd3f99,"ｺﾝﾎﾟｼﾞﾀｲﾄ 3D ﾘﾃｰﾅｰ ﾌｭｰｼﾞｮﾝ 1入 M","ｷﾞｬﾘｿﾝﾃﾞﾝﾀﾙ","https://sp.dental-plaza.com/article/compositight_3D_system/features/img/pic_photo01.jpg",51
52f66856-baaa-4e8d-9b38-28525a40a9e0,"EX ﾄﾙｸﾚﾝﾁ 本体 BCDI 11286","ｷｮｳｾﾗﾒﾃﾞｨｶﾙ","https://image.rakuten.co.jp/odgoods/cabinet/06507655/09644621/nlbs-005b-k2.jpg",55
6c969503-6f0f-4791-b035-88d49fd5d7f2,"EX ﾄﾙｸﾚﾝﾁ 本体 BCDI 11286","ｷｮｳｾﾗﾒﾃﾞｨｶﾙ","https://image.rakuten.co.jp/odgoods/cabinet/06507655/09644621/nlbs-005b-k2.jpg",55
1aa3b3f5-9d72-45b1-943c-e0b6a56acdb6,"SPｽｸﾘｭｰEX 37-2L 2入 CDO12600","ｷｮｳｾﾗﾒﾃﾞｨｶﾙ","https://homs.co.jp/asset/img/products/region/femoral_neck06.png",47
e2139d92-0086-4222-b756-9cf05362d1a2,"SPｽｸﾘｭｰEX 37-2L 2入 CDO12600","ｷｮｳｾﾗﾒﾃﾞｨｶﾙ","https://homs.co.jp/asset/img/products/region/femoral_neck06.png",47
a83e1a0c-51e3-40d1-8214-f22104160111,"ｱﾀﾞﾌﾟﾀCH BCDI11288","ｷｮｳｾﾗﾒﾃﾞｨｶﾙ","https://img.fril.jp/img/705196696/l/2347768898.jpg?1723858268",55
79cf6fec-79b0-470c-b4da-9b68ffde8762,"ｱﾀﾞﾌﾟﾀCH BCDI11288","ｷｮｳｾﾗﾒﾃﾞｨｶﾙ","https://img.fril.jp/img/705196696/l/2347768898.jpg?1723858268",55
43220c41-3fef-416a-9f3f-8bd4fa3a7c7e,"ｱﾀﾞﾌﾟﾀDA　BCDI 11287","ｷｮｳｾﾗﾒﾃﾞｨｶﾙ","https://auctions.c.yimg.jp/images.auctions.yahoo.co.jp/image/dr000/auc0412/users/28c54b9fb478e2550aa88d0de2f48ba04b4510e7/i-img1200x900-1703569900hb8cpr258918.jpg",50
335ee010-f688-479f-8249-9e84366fa4d8,"ｱﾀﾞﾌﾟﾀDA　BCDI 11287","ｷｮｳｾﾗﾒﾃﾞｨｶﾙ","https://auctions.c.yimg.jp/images.auctions.yahoo.co.jp/image/dr000/auc0110/user/6b36f6862e3408248214757e025eb52521241f52ef3ecad0fdd289c1abcdfd42/i-img1200x1172-17610197017165lun8ur16437.jpg",55
45040430-a341-4a41-84b8-fcd7a6c54a4d,"ﾄﾞﾗｲﾊﾞｰC　CDI 03050","ｷｮｳｾﾗﾒﾃﾞｨｶﾙ","https://auctions.c.yimg.jp/images.auctions.yahoo.co.jp/image/dr000/auc0310/users/bfc9e83846c898eec8c4d553706e143cbe7f6a45/i-img600x600-1665130192ycuvro408956.jpg",55
af540539-3401-4fee-8356-b754be8d6e84,"ﾄﾞﾗｲﾊﾞｰC　CDI 03050","ｷｮｳｾﾗﾒﾃﾞｨｶﾙ","https://auctions.c.yimg.jp/images.auctions.yahoo.co.jp/image/dr000/auc0310/users/bfc9e83846c898eec8c4d553706e143cbe7f6a45/i-img600x600-1665130192ycuvro408956.jpg",55
10991d63-7057-42a6-abca-e163fdc03771,"ﾌﾚｯｸｽﾄﾞﾗｲﾊﾞｰ CH S　CDI05092","ｷｮｳｾﾗﾒﾃﾞｨｶﾙ","https://ae01.alicdn.com/kf/S4ab384d8d54e499da3929066db2f27535.jpg",55
919cbff2-4d42-4e30-a94e-0ed9842237f6,"ﾌﾚｯｸｽﾄﾞﾗｲﾊﾞｰ CH S　CDI05092","ｷｮｳｾﾗﾒﾃﾞｨｶﾙ","https://ae01.alicdn.com/kf/S4ab384d8d54e499da3929066db2f27535.jpg",55
0f97ec63-e0c0-4bce-acc1-eed147e861d9,"KS-140N 超音波洗浄器","ｷｮｳﾜｲﾘｶ","https://image.rakuten.co.jp/biccamera/cabinet/product/8878/00000012046434_a01.jpg",55
cc34b17c-ae4e-4cd7-91c4-0b7342bff7dc,"KS-140N 超音波洗浄器","ｷｮｳﾜｲﾘｶ","https://image.rakuten.co.jp/biccamera/cabinet/product/8878/00000012046434_a01.jpg",55
60bccc0c-e058-4d1f-bafb-59d6fb904651,"KS-606N 超音波洗浄器","ｷｮｳﾜｲﾘｶ","https://shizaiichiba.ocnk.net/data/shizaiichiba/product/20220708_636f91.png",55
376a57ac-d851-4bd4-8e65-74e53e4ddf03,"KS-606N 超音波洗浄器","ｷｮｳﾜｲﾘｶ","https://shizaiichiba.ocnk.net/data/shizaiichiba/product/20220708_636f91.png",55
f98149b7-a8b7-4c1d-917a-17cb2f787f91,"ﾏﾙﾁｶﾞｽﾊﾞｰﾅｰｼｭﾋﾟｰｹﾞﾙ","ｷﾝｸﾞ","https://shop.r10s.jp/iiha/cabinet/else/k1000t-min.jpg",55
0a66e147-95da-4fe9-9b2c-0dcbb81c030c,"ﾏﾙﾁｶﾞｽﾊﾞｰﾅｰｼｭﾋﾟｰｹﾞﾙ","ｷﾝｸﾞ","https://shop.r10s.jp/iiha/cabinet/else/k1000t-min.jpg",55
90e60658-c8cb-4a37-a03b-3f22075822d4,"ｱﾗｲﾅｰｼﾞｪﾈﾚｰｼｮﾝ","ｸｲﾝﾃ","https://static.mercdn.net/item/detail/orig/photos/m85823427834_1.jpg?1756431544",55
eb76cf39-b7fb-40af-abcc-39e1b2cd4c00,"ｱﾗｲﾅｰｼﾞｪﾈﾚｰｼｮﾝ","ｸｲﾝﾃ","https://static.mercdn.net/item/detail/orig/photos/m85823427834_1.jpg?1756431544",55
e20512e8-0993-48ea-a254-15dd93c68a63,"ｲﾉﾍﾞｰｼｮﾝ・ｵﾌﾞ・ﾗﾐﾈｰﾄﾍﾞﾆｱ","ｸｲﾝﾃ","https://auctions.c.yimg.jp/images.auctions.yahoo.co.jp/image/dr000/auc0105/user/138dc150762c1c6635efe3df8cccbc3710c8987d8851f2bfbf37aa688c6641c9/i-img800x600-17465088822894xgihjm34.jpg",50
74ac2c37-0763-481b-ae01-e7cb339198ea,"ｲﾉﾍﾞｰｼｮﾝ・ｵﾌﾞ・ﾗﾐﾈｰﾄﾍﾞﾆｱ","ｸｲﾝﾃ","https://auctions.c.yimg.jp/images.auctions.yahoo.co.jp/image/dr000/auc0105/user/138dc150762c1c6635efe3df8cccbc3710c8987d8851f2bfbf37aa688c6641c9/i-img800x600-17465088822894xgihjm34.jpg",50
5b7f4f6d-3cf5-4d54-92ce-d3998ecbfff2,"ｸｲﾝﾃｯｾﾝｽ別冊 PRD YEARBOOK2025(ｻﾞQ2508","ｸｲﾝﾃ","https://auctions.c.yimg.jp/images.auctions.yahoo.co.jp/image/dr000/auc0104/user/355db14c2de8cf5abac4cb84db83ff511303e527adfae7730c34e50711bd33ff/i-img1200x1200-17439358713245gpw7p934.jpg",55
bf7b079a-e55c-470a-aee8-62ba9d02f343,"ｸｲﾝﾃｯｾﾝｽ別冊 ｲﾝﾌﾟﾗﾝﾄ YEARBOOK2025(ｻﾞQ2504","ｸｲﾝﾃ","https://auctions.c.yimg.jp/images.auctions.yahoo.co.jp/image/dr000/auc0104/user/355db14c2de8cf5abac4cb84db83ff511303e527adfae7730c34e50711bd33ff/i-img1200x1200-17439358713245gpw7p934.jpg",55
dc270b80-3a6f-429e-bdb1-ae16444a51da,"ｸｲﾝﾃｯｾﾝｽ別冊 ｲﾝﾌﾟﾗﾝﾄ YEARBOOK2025(ｻﾞQ2504","ｸｲﾝﾃ","https://auctions.c.yimg.jp/images.auctions.yahoo.co.jp/image/dr000/auc0104/user/355db14c2de8cf5abac4cb84db83ff511303e527adfae7730c34e50711bd33ff/i-img1200x1200-17439358713245gpw7p934.jpg",55
0672271d-4d4b-4e2d-932d-b6431ee12a9b,"ｸｲﾝﾃｯｾﾝｽ別冊 ﾏｲｸﾛﾃﾞﾝﾃｨｽﾄﾘｰ YEARBOOK2025(ｻﾞQ2504","ｸｲﾝﾃ","https://auctions.c.yimg.jp/images.auctions.yahoo.co.jp/image/dr000/auc0104/user/355db14c2de8cf5abac4cb84db83ff511303e527adfae7730c34e50711bd33ff/i-img1200x1200-17439357387972tk1ql647372.jpg",55
a58f0a0d-5ea9-4e8d-9f07-488dad6a5021,"ｸｲﾝﾃｯｾﾝｽ別冊 ﾏｲｸﾛﾃﾞﾝﾃｨｽﾄﾘｰ YEARBOOK2025(ｻﾞQ2504","ｸｲﾝﾃ","https://auctions.c.yimg.jp/images.auctions.yahoo.co.jp/image/dr000/auc0104/user/355db14c2de8cf5abac4cb84db83ff511303e527adfae7730c34e50711bd33ff/i-img1200x1200-17439357387972tk1ql647372.jpg",55
6b33992c-cc15-4e60-83f3-63d1f49bf261,"ｸｲﾝﾃｯｾﾝｽ別冊 口腔外科 YEARBOOK2025(ｻﾞQ2507","ｸｲﾝﾃ","https://tshop.r10s.jp/book/cabinet/0544/9784781210544_1_2.jpg",70
1e01ed3f-bc34-4e45-8fd4-64b7cd905b94,"ｸｲﾝﾃｯｾﾝｽ別冊 口腔外科 YEARBOOK2025(ｻﾞQ2507","ｸｲﾝﾃ","https://tshop.r10s.jp/book/cabinet/0544/9784781210544_1_2.jpg",70
268fbb67-7dd0-44c1-94f8-ff0d63138104,"ｸｲﾝﾃｯｾﾝｽ別冊 臨床家のため矯正 YEARBOOK2025(ｻﾞQ2510","ｸｲﾝﾃ","https://m.media-amazon.com/images/I/81fNvo5yjxL._SL1500_.jpg",69
3be259ce-5c6a-4604-9b1d-54a9cab27970,"ｸｲﾝﾃｯｾﾝｽ別冊 臨床家のため矯正 YEARBOOK2025(ｻﾞQ2510","ｸｲﾝﾃ","https://m.media-amazon.com/images/I/81fNvo5yjxL._SL1500_.jpg",69
830325d5-5994-4bcb-ab36-fad41abd4bba,"ｸｲﾝﾃｯｾﾝｽ別冊YEARBOOK2025自家歯牙移植(ｻﾞQ2501","ｸｲﾝﾃ","https://m.media-amazon.com/images/I/81W+eUueYIL.jpg",70
eed98e1d-1359-4ac9-97b9-09a2193990f0,"ｸｲﾝﾃｯｾﾝｽ別冊YEARBOOK2025自家歯牙移植(ｻﾞQ2501","ｸｲﾝﾃ","https://m.media-amazon.com/images/I/81W+eUueYIL.jpg",70
baeb461e-15a2-4725-afd0-9c4cbf9d5887,"ｻﾞ.ｸｲﾝﾃｯｾﾝｽ  別冊 DIGITAL×ORTH025/26","ｸｲﾝﾃ","https://m.media-amazon.com/images/I/81fNvo5yjxL._SL1500_.jpg",69
bee0e700-0710-480a-a94d-e50c38d9f057,"ｻﾞ.ｸｲﾝﾃｯｾﾝｽ  別冊 DIGITAL×ORTH025/26","ｸｲﾝﾃ","https://m.media-amazon.com/images/I/81fNvo5yjxL._SL1500_.jpg",69
0883c2d3-f1f8-4553-acbe-302933f76d96,"ｻﾞ.ｸｲﾝﾃｯｾﾝｽ  別冊　白い歯を手に入れたい","ｸｲﾝﾃ","https://auctions.afimg.jp/n1120489087/ya/image/n1120489087.1.jpg",55
794c3c4f-ca88-4c85-9a22-f755d917f797,"ｻﾞ.ｸｲﾝﾃｯｾﾝｽ  別冊　白い歯を手に入れたい","ｸｲﾝﾃ","https://auctions.afimg.jp/n1120489087/ya/image/n1120489087.1.jpg",55
95181330-efc8-44ac-acbf-12f7f2854a99,"ｻﾞ.ｸｲﾝﾃｯｾﾝｽ  年間購読　2025年10月号","ｸｲﾝﾃ","https://www.quint-j.co.jp/rails/active_storage/representations/redirect/eyJfcmFpbHMiOnsiZGF0YSI6NzI2MiwicHVyIjoiYmxvYl9pZCJ9fQ==--200d6f1aa167f3e7ac7e800d8ee4ecd7a85833ba/eyJfcmFpbHMiOnsiZGF0YSI6eyJmb3JtYXQiOiJqcGciLCJyZXNpemVfdG9fZml0IjpbNjQwLDY0MF19LCJwdXIiOiJ2YXJpYXRpb24ifX0=--6b91ff571383b6a25f9813efc8cb0ca12e494b57/H1_2025_QDT10.jpg",51
aca34f50-67ef-45d4-8ae4-82ed2ed286c7,"ｻﾞ.ｸｲﾝﾃｯｾﾝｽ  年間購読　2025年10月号","ｸｲﾝﾃ","https://www.quint-j.co.jp/rails/active_storage/representations/redirect/eyJfcmFpbHMiOnsiZGF0YSI6NzI2MiwicHVyIjoiYmxvYl9pZCJ9fQ==--200d6f1aa167f3e7ac7e800d8ee4ecd7a85833ba/eyJfcmFpbHMiOnsiZGF0YSI6eyJmb3JtYXQiOiJqcGciLCJyZXNpemVfdG9fZml0IjpbNjQwLDY0MF19LCJwdXIiOiJ2YXJpYXRpb24ifX0=--6b91ff571383b6a25f9813efc8cb0ca12e494b57/H1_2025_QDT10.jpg",51
87932f6d-fae8-490e-94be-7e3149b9ac67,"ｻﾞ.ｸｲﾝﾃｯｾﾝｽ  年間購読　2025年11月号","ｸｲﾝﾃ","https://shop.r10s.jp/book/cabinet/0520/9784781210520_1_2.jpg",50
4f592ddd-9960-430a-a388-4b12c74716e9,"ｻﾞ.ｸｲﾝﾃｯｾﾝｽ  年間購読　2025年11月号","ｸｲﾝﾃ","https://shop.r10s.jp/book/cabinet/0520/9784781210520_1_2.jpg",50
dfbf90d9-dcc1-4733-9362-2215cde590f6,"ｻﾞ.ｸｲﾝﾃｯｾﾝｽ  年間購読　2025年12月号","ｸｲﾝﾃ","https://www.quint-j.co.jp/rails/active_storage/representations/redirect/eyJfcmFpbHMiOnsiZGF0YSI6ODA5NCwicHVyIjoiYmxvYl9pZCJ9fQ==--7f7e6954e715f7dce2c38bc496e2c4dcb8523b2f/eyJfcmFpbHMiOnsiZGF0YSI6eyJmb3JtYXQiOiJqcGciLCJyZXNpemVfdG9fZml0IjpbNjQwLDY0MF19LCJwdXIiOiJ2YXJpYXRpb24ifX0=--6b91ff571383b6a25f9813efc8cb0ca12e494b57/qdt12.jpg",51
9d49db58-1eff-4246-b9b4-e0858d8549af,"ｻﾞ.ｸｲﾝﾃｯｾﾝｽ  年間購読　2025年1月号","ｸｲﾝﾃ","https://auctions.c.yimg.jp/images.auctions.yahoo.co.jp/image/dr000/auc0201/user/fc9846c02b38d3dcf4af7799f3f0db5327f4b142095405ac7983e935684bf43b/i-img899x1200-17693038115810e0m4ys152215.jpg",50
502d0cf5-8eba-4b19-8a21-cd9a7112bfeb,"ｻﾞ.ｸｲﾝﾃｯｾﾝｽ  年間購読　2025年1月号","ｸｲﾝﾃ","https://shop.r10s.jp/book/cabinet/0520/9784781210520_1_2.jpg",50
85e4f63d-a405-4f53-9724-de69cd34dd85,"ｻﾞ.ｸｲﾝﾃｯｾﾝｽ  年間購読　2025年2月号","ｸｲﾝﾃ","https://shop.r10s.jp/book/cabinet/0520/9784781210520_1_2.jpg",50
81932f45-8060-4847-adfb-61c94568526d,"ｻﾞ.ｸｲﾝﾃｯｾﾝｽ  年間購読　2025年3月号","ｸｲﾝﾃ","https://tshop.r10s.jp/book/cabinet/0520/9784781210520_1_2.jpg",70
92ea937f-c4c6-43fb-824b-de0152e9ee86,"ｻﾞ.ｸｲﾝﾃｯｾﾝｽ  年間購読　2025年3月号","ｸｲﾝﾃ","https://tshop.r10s.jp/book/cabinet/0520/9784781210520_1_2.jpg",70
3fea929d-00a4-4c40-8428-afe23669cbd9,"ｻﾞ.ｸｲﾝﾃｯｾﾝｽ  年間購読　2025年4月号","ｸｲﾝﾃ","https://auctions.c.yimg.jp/images.auctions.yahoo.co.jp/image/dr000/auc0104/user/ef6eec075e88261a0268447f6fc86628ad0e59ebbbf3da3000e4384274eea6cf/i-img1080x1080-17456093263960pbqlkf16048.jpg",55
edd56086-e3a2-4bf8-9e90-1cce7e64c3ed,"ｻﾞ.ｸｲﾝﾃｯｾﾝｽ  年間購読　2025年4月号","ｸｲﾝﾃ","https://auctions.c.yimg.jp/images.auctions.yahoo.co.jp/image/dr000/auc0104/user/ef6eec075e88261a0268447f6fc86628ad0e59ebbbf3da3000e4384274eea6cf/i-img1080x1080-17456093263960pbqlkf16048.jpg",55
1748bf8d-160d-4164-9cf6-4388276e41a1,"ｻﾞ.ｸｲﾝﾃｯｾﾝｽ  年間購読　2025年5月号","ｸｲﾝﾃ","https://www.quint-j.co.jp/rails/active_storage/representations/redirect/eyJfcmFpbHMiOnsiZGF0YSI6NTMyMCwicHVyIjoiYmxvYl9pZCJ9fQ==--a7121c4e48a24d7bf315333db14ee1af16b230b4/eyJfcmFpbHMiOnsiZGF0YSI6eyJmb3JtYXQiOiJqcGciLCJyZXNpemVfdG9fZml0IjpbNjQwLDY0MF19LCJwdXIiOiJ2YXJpYXRpb24ifX0=--6b91ff571383b6a25f9813efc8cb0ca12e494b57/H1_QDT05.jpg",51
b39e124d-62af-419f-b2e1-593154b64a89,"ｻﾞ.ｸｲﾝﾃｯｾﾝｽ  年間購読　2025年5月号","ｸｲﾝﾃ","https://www.quint-j.co.jp/rails/active_storage/representations/redirect/eyJfcmFpbHMiOnsiZGF0YSI6NTMyMCwicHVyIjoiYmxvYl9pZCJ9fQ==--a7121c4e48a24d7bf315333db14ee1af16b230b4/eyJfcmFpbHMiOnsiZGF0YSI6eyJmb3JtYXQiOiJqcGciLCJyZXNpemVfdG9fZml0IjpbNjQwLDY0MF19LCJwdXIiOiJ2YXJpYXRpb24ifX0=--6b91ff571383b6a25f9813efc8cb0ca12e494b57/H1_QDT05.jpg",51
a70eda46-037f-467d-bab2-55c3f9c06cbd,"ｻﾞ.ｸｲﾝﾃｯｾﾝｽ  年間購読　2025年6月号","ｸｲﾝﾃ","https://static.mercdn.net/item/detail/orig/photos/m60339983700_1.jpg?1751472435",55
ea3f6b31-cfe4-4dbc-9cfe-37d4c42132c4,"ｻﾞ.ｸｲﾝﾃｯｾﾝｽ  年間購読　2025年6月号","ｸｲﾝﾃ","https://static.mercdn.net/item/detail/orig/photos/m60339983700_1.jpg?1751472435",55
9639912a-d6ee-4d3c-99a1-eb7845a46690,"ｻﾞ.ｸｲﾝﾃｯｾﾝｽ  年間購読　2025年7月号","ｸｲﾝﾃ","https://www.quint-j.co.jp/rails/active_storage/representations/redirect/eyJfcmFpbHMiOnsiZGF0YSI6NjIwNSwicHVyIjoiYmxvYl9pZCJ9fQ==--b8e6a3eed9ecc965ee5be9ae9c9bcc99046d7c3e/eyJfcmFpbHMiOnsiZGF0YSI6eyJmb3JtYXQiOiJqcGciLCJyZXNpemVfdG9fZml0IjpbNjQwLDY0MF19LCJwdXIiOiJ2YXJpYXRpb24ifX0=--6b91ff571383b6a25f9813efc8cb0ca12e494b57/H1_TQ2507.jpg",40
5e4dabb9-7e28-4b79-804e-e1ecdd92ba0e,"ｻﾞ.ｸｲﾝﾃｯｾﾝｽ  年間購読　2025年7月号","ｸｲﾝﾃ","https://www.quint-j.co.jp/rails/active_storage/representations/redirect/eyJfcmFpbHMiOnsiZGF0YSI6NjE4MCwicHVyIjoiYmxvYl9pZCJ9fQ==--70b6e8c7dcf57faaaecced23817c3599af66519e/eyJfcmFpbHMiOnsiZGF0YSI6eyJmb3JtYXQiOiJqcGciLCJyZXNpemVfdG9fZml0IjpbNjQwLDY0MF19LCJwdXIiOiJ2YXJpYXRpb24ifX0=--6b91ff571383b6a25f9813efc8cb0ca12e494b57/H1_QDT2507.jpg",51
894567b8-0b39-414c-80f3-07cafb81c597,"ｻﾞ.ｸｲﾝﾃｯｾﾝｽ  年間購読　2025年8月号","ｸｲﾝﾃ","https://auctions.c.yimg.jp/images.auctions.yahoo.co.jp/image/dr000/auc0109/user/ef6eec075e88261a0268447f6fc86628ad0e59ebbbf3da3000e4384274eea6cf/i-img1080x1080-1758371422507121yquggz30.jpg",55
6c8a4c7b-981d-401f-9ec6-57837fb4172a,"ｻﾞ.ｸｲﾝﾃｯｾﾝｽ  年間購読　2025年8月号","ｸｲﾝﾃ","https://auctions.c.yimg.jp/images.auctions.yahoo.co.jp/image/dr000/auc0109/user/ef6eec075e88261a0268447f6fc86628ad0e59ebbbf3da3000e4384274eea6cf/i-img1080x1080-1758371422507121yquggz30.jpg",55
53114742-762c-47a9-86dc-820390a35cf4,"ｻﾞ.ｸｲﾝﾃｯｾﾝｽ  年間購読　2025年9月号","ｸｲﾝﾃ","https://shop.r10s.jp/book/cabinet/0520/9784781210520_1_2.jpg",50
125abd8e-67d1-42f8-aed7-a14f80b94b23,"ｻﾞ.ｸｲﾝﾃｯｾﾝｽ  年間購読　2025年9月号","ｸｲﾝﾃ","https://shop.r10s.jp/book/cabinet/0520/9784781210520_1_2.jpg",50
9a437cef-57d1-4d8f-8e6e-0d4531fb4fc0,"別冊 子どものための機能的ﾏｳｽﾋﾟｰｽ矯正装置（ｻﾞ･Q別冊","ｸｲﾝﾃ","https://mamatokodomo-no-haishasan.com/storage/images/old_images/24877685_m.jpg",48
46778e50-2b73-43ad-887d-fc50a5e9b9c8,"別冊 歯科医療従事者のためのKEYNOTE超入門（ｻﾞQ別冊2","ｸｲﾝﾃ","https://static.mercdn.net/item/detail/orig/photos/m19589941433_1.jpg?1746357931",55
7ac5d737-bd39-43a6-a64b-a179fc3a6157,"別冊 骨補填材料メンブレン","ｸｲﾝﾃ","https://auctions.c.yimg.jp/images.auctions.yahoo.co.jp/image/dr000/auc0501/users/a4a146191f041f4f37a83d1623c7b94fb9709d44/i-img1200x1200-1704704661ftifrs505154.jpg",55
08346aaf-76c9-42f9-be23-b60a08b64e23,"別冊 骨補填材料メンブレン","ｸｲﾝﾃ","https://static.mercdn.net/item/detail/orig/photos/m39034656001_1.jpg?1719829705",55
5c671f05-c0fc-4355-a8bb-790b326eba67,"歯科衛生士  2025年10月号","ｸｲﾝﾃ","https://iratsu.com/wp-content/uploads/user2195/251114_03.jpg",55
80e42352-fffb-4def-ab53-b9638a21d050,"歯科衛生士  2025年10月号","ｸｲﾝﾃ","https://iratsu.com/wp-content/uploads/user2195/251114_03.jpg",55
cf66ea52-e165-4525-8d96-04690e359311,"歯科衛生士  2025年11月号","ｸｲﾝﾃ","https://auctions.c.yimg.jp/images.auctions.yahoo.co.jp/image/dr000/auc0409/users/26651155c042c5f5c11cff0b90ff83cf81d5b8cd/i-img1200x743-16954497096fgtux381808.jpg",47
cfe31c45-27f7-4816-ae71-68aec043e441,"歯科衛生士  2025年12月号","ｸｲﾝﾃ","https://auctions.c.yimg.jp/images.auctions.yahoo.co.jp/image/dr000/auc0409/users/26651155c042c5f5c11cff0b90ff83cf81d5b8cd/i-img1200x743-16954497096fgtux381808.jpg",47
65896fc7-986b-4055-934a-ad701c1530a8,"歯科衛生士  2025年3月号","ｸｲﾝﾃ","https://pbs.twimg.com/media/Fr9sE6BaEAATp3T.jpg",50
0aab63a0-264f-41b1-bf56-67f712a838c1,"歯科衛生士  2025年3月号","ｸｲﾝﾃ","https://auctions.c.yimg.jp/images.auctions.yahoo.co.jp/image/dr000/auc0409/users/26651155c042c5f5c11cff0b90ff83cf81d5b8cd/i-img1200x766-1695450208zpxdve371225.jpg",48
6494723d-2866-496b-9514-b26514ccb670,"歯科衛生士  2025年5月号","ｸｲﾝﾃ","https://auctions.c.yimg.jp/images.auctions.yahoo.co.jp/image/dr000/auc0409/users/26651155c042c5f5c11cff0b90ff83cf81d5b8cd/i-img1200x743-16954497096fgtux381808.jpg",47
e053cc51-ad83-4d32-b29f-df6cffd7a02a,"歯科衛生士  2025年5月号","ｸｲﾝﾃ","https://auctions.c.yimg.jp/images.auctions.yahoo.co.jp/image/dr000/auc0409/users/26651155c042c5f5c11cff0b90ff83cf81d5b8cd/i-img1200x743-16954497096fgtux381808.jpg",47
09e0ac39-c3cc-4cbf-bbe8-575fc31875a3,"歯科衛生士  2025年6月号","ｸｲﾝﾃ","https://auctions.c.yimg.jp/images.auctions.yahoo.co.jp/image/dr000/auc0409/users/26651155c042c5f5c11cff0b90ff83cf81d5b8cd/i-img1200x743-16954497096fgtux381808.jpg",47
8df1fb7d-d414-4582-8774-adfabafe51b2,"歯科衛生士  2025年6月号","ｸｲﾝﾃ","https://auctions.c.yimg.jp/images.auctions.yahoo.co.jp/image/dr000/auc0409/users/26651155c042c5f5c11cff0b90ff83cf81d5b8cd/i-img1200x886-1695450219gwatyz373429.jpg",50
2dc29cb6-a3fc-4d27-b1de-07aa7f8c43f0,"歯科衛生士  2025年7月号","ｸｲﾝﾃ","https://auctions.c.yimg.jp/images.auctions.yahoo.co.jp/image/dr000/auc0409/users/26651155c042c5f5c11cff0b90ff83cf81d5b8cd/i-img1200x766-1695450208zpxdve371225.jpg",48
47ade76b-4aa2-4161-8a52-28877c6db44d,"歯科衛生士  2025年7月号","ｸｲﾝﾃ","https://auctions.c.yimg.jp/images.auctions.yahoo.co.jp/image/dr000/auc0409/users/26651155c042c5f5c11cff0b90ff83cf81d5b8cd/i-img1200x766-1695450208zpxdve371225.jpg",48
4f3caf0e-eca0-448f-ab11-bc46ed242e91,"歯科衛生士  2025年8月号","ｸｲﾝﾃ","https://auctions.c.yimg.jp/images.auctions.yahoo.co.jp/image/dr000/auc0409/users/26651155c042c5f5c11cff0b90ff83cf81d5b8cd/i-img1200x743-16954497096fgtux381808.jpg",47
a1773bba-71ad-4bfd-b8f2-a03669c32206,"歯科衛生士  2025年8月号","ｸｲﾝﾃ","https://auctions.c.yimg.jp/images.auctions.yahoo.co.jp/image/dr000/auc0409/users/26651155c042c5f5c11cff0b90ff83cf81d5b8cd/i-img1200x743-16954497096fgtux381808.jpg",47
4c6de999-13f0-4e6b-acb8-f5888f100cc3,"歯科衛生士  2025年9月号","ｸｲﾝﾃ","https://auctions.c.yimg.jp/images.auctions.yahoo.co.jp/image/dr000/auc0409/users/26651155c042c5f5c11cff0b90ff83cf81d5b8cd/i-img1200x743-16954497096fgtux381808.jpg",47
98030fc4-df24-44e7-b350-45f9ee86103d,"歯科衛生士  2025年9月号","ｸｲﾝﾃ","https://auctions.c.yimg.jp/images.auctions.yahoo.co.jp/image/dr000/auc0409/users/26651155c042c5f5c11cff0b90ff83cf81d5b8cd/i-img1200x743-16954497096fgtux381808.jpg",47
520d100b-7cb0-413e-9015-bc300122e287,"歯科衛生士  4月号","ｸｲﾝﾃ","https://auctions.c.yimg.jp/images.auctions.yahoo.co.jp/image/dr000/auc0409/users/26651155c042c5f5c11cff0b90ff83cf81d5b8cd/i-img999x1121-1695449705p0utzu383629.jpg",53
b16c2f7d-1459-4a4a-b496-39ffc7213463,"歯科衛生士  4月号","ｸｲﾝﾃ","https://auctions.c.yimg.jp/images.auctions.yahoo.co.jp/image/dr000/auc0407/users/784b02d7efe3b76159b5455a42f4fa2d3b06e19c/i-img1200x900-1688438339i3a9d71161175.jpg",50
e96c8428-48a5-4e74-a387-3091ff49e46d,"開業医のための 歯科訪問診療算定ｶﾞｲﾄﾞ","ｸｲﾝﾃ","https://m.media-amazon.com/images/I/81T9DWtvbSL._SL1500_.jpg",69
d36dc1e7-c8c0-4bfb-a07e-3b4fcd0c97de,"開業医のための 歯科訪問診療算定ｶﾞｲﾄﾞ","ｸｲﾝﾃ","https://m.media-amazon.com/images/I/81T9DWtvbSL._SL1500_.jpg",69
bdf2f26c-3f95-4c04-b1c9-09d40877638a,"ﾋﾟｭｱ ｱﾙｷﾞﾝﾍﾗ 206MM","ｸｴｽﾄ","https://shop.dcc.dental/html/upload/save_image/2022.png",32
9b1ee02f-6ddb-4b12-8c0c-ffe5b705f9ac,"ﾋﾟｭｱ ｱﾙｷﾞﾝﾍﾗ 206MM","ｸｴｽﾄ","https://shop.dcc.dental/html/upload/save_image/2022.png",32
00da1f45-b3d7-4b7a-ad6e-f4e7ab463655,"ﾋﾟｭｱ ﾊﾟﾗﾌｨﾝﾜｯｸｽ 1kg 箱","ｸｴｽﾄ","https://shika-tonya.jp/uploads/items/00135.jpg",50
a54bece3-3b9f-49d3-adb9-6127f621c14e,"ﾋﾟｭｱ ﾊﾟﾗﾌｨﾝﾜｯｸｽ 1kg 箱","ｸｴｽﾄ","https://shika-tonya.jp/uploads/items/00135.jpg",50
25a7dc93-79de-4da7-a802-d10a4346011d,"ﾍﾞｲｼﾝｸﾞﾚｼﾞﾝⅡ ｾｯﾄ ﾋﾟﾝｸ","ｸｴｽﾄ","https://d15ihgh2blymmz.cloudfront.net/uploads/item_image/4530381600293/4530381600293_1.jpg",55
125dab3e-592b-4bfb-b671-86364fc8a13a,"ﾍﾞｲｼﾝｸﾞﾚｼﾞﾝⅡ ｾｯﾄ ﾋﾟﾝｸ","ｸｴｽﾄ","https://d15ihgh2blymmz.cloudfront.net/uploads/item_image/4530381600293/4530381600293_1.jpg",55
8e7466cd-2572-4152-8e67-de6bfd605b43,"ｼﾞｪﾗｰﾄﾋﾟｹ&ｸﾗｼｺ ｽｸﾗﾌﾞﾃｰﾊﾟｰﾄﾞﾊﾟﾝﾂ 609 ﾋﾟﾝｸﾍﾞｰｼﾞｭ L","ｸﾗｼｺ","https://shop.r10s.jp/matsuyoshi-web/cabinet/202507084/0020341503-01.jpg",55
59709965-dc67-40f3-8ef4-688f87b7ed89,"ｼﾞｪﾗｰﾄﾋﾟｹ&ｸﾗｼｺ ｽｸﾗﾌﾞﾃｰﾊﾟｰﾄﾞﾊﾟﾝﾂ 609 ﾋﾟﾝｸﾍﾞｰｼﾞｭ L","ｸﾗｼｺ","https://shop.r10s.jp/matsuyoshi-web/cabinet/202507084/0020341503-01.jpg",55
0233ab07-529e-43de-bcb9-f0a786a902d8,"ｼﾞｪﾗｰﾄﾋﾟｹ&ｸﾗｼｺ ｽｸﾗﾌﾞﾃｰﾊﾟｰﾄﾞﾊﾟﾝﾂ 609 ﾋﾟﾝｸﾍﾞｰｼﾞｭ M","ｸﾗｼｺ","https://d15ihgh2blymmz.cloudfront.net/uploads/item_image/4580532563847/4580532563847_1.jpg",55
482fea7e-80b2-4635-8dc4-282481c8a3ba,"ｼﾞｪﾗｰﾄﾋﾟｹ&ｸﾗｼｺ ｽｸﾗﾌﾞﾃｰﾊﾟｰﾄﾞﾊﾟﾝﾂ 609 ﾋﾟﾝｸﾍﾞｰｼﾞｭ M","ｸﾗｼｺ","https://www.matsuyoshi.co.jp/files/item/item-images/00203415_main.jpg",55
bc1c9432-9941-448d-b997-36b05918b63d,"ｼﾞｪﾗｰﾄﾋﾟｹ&ｸﾗｼｺ ｽｸﾗﾌﾞﾃｰﾊﾟｰﾄﾞﾊﾟﾝﾂ 609 ﾋﾟﾝｸﾍﾞｰｼﾞｭ S","ｸﾗｼｺ","https://shop.r10s.jp/matsuyoshi-web/cabinet/202507084/0020341503-01.jpg",55
0a5017b9-821f-420e-9dcb-06234e498da0,"ｼﾞｪﾗｰﾄﾋﾟｹ&ｸﾗｼｺ ｽｸﾗﾌﾞﾃｰﾊﾟｰﾄﾞﾊﾟﾝﾂ 609 ﾋﾟﾝｸﾍﾞｰｼﾞｭ S","ｸﾗｼｺ","https://shop.r10s.jp/matsuyoshi-web/cabinet/202507084/0020341503-01.jpg",55
d767b1b2-db9c-40c5-a4f0-234756eaa468,"ｼﾞｪﾗｰﾄﾋﾟｹ&ｸﾗｼｺ ｽｸﾗﾌﾞﾃｰﾊﾟｰﾄﾞﾊﾟﾝﾂ 609 ﾗｲﾄﾌﾞﾙｰ L","ｸﾗｼｺ","https://img21.shop-pro.jp/PA01482/998/product/179833456.jpg?cmsp_timestamp=20240329151021",55
fdaeadfd-d5b5-4312-a133-3e34509cae36,"ｼﾞｪﾗｰﾄﾋﾟｹ&ｸﾗｼｺ ｽｸﾗﾌﾞﾃｰﾊﾟｰﾄﾞﾊﾟﾝﾂ 609 ﾗｲﾄﾌﾞﾙｰ L","ｸﾗｼｺ","https://d15ihgh2blymmz.cloudfront.net/uploads/item_image/4580532563892/4580532563892_1.jpg",55
78a597aa-b2d9-4a93-bf74-113a0572f298,"ｼﾞｪﾗｰﾄﾋﾟｹ&ｸﾗｼｺ ｽｸﾗﾌﾞﾃｰﾊﾟｰﾄﾞﾊﾟﾝﾂ 609 ﾗｲﾄﾌﾞﾙｰ LL","ｸﾗｼｺ","https://d15ihgh2blymmz.cloudfront.net/uploads/item_image/4580532563892/4580532563892_1.jpg",55
b79abeee-e811-4d30-a223-23af29db429b,"ｼﾞｪﾗｰﾄﾋﾟｹ&ｸﾗｼｺ ｽｸﾗﾌﾞﾃｰﾊﾟｰﾄﾞﾊﾟﾝﾂ 609 ﾗｲﾄﾌﾞﾙｰ LL","ｸﾗｼｺ","https://d15ihgh2blymmz.cloudfront.net/uploads/item_image/4580532563892/4580532563892_1.jpg",55
7eb99263-f864-4c00-a0bf-931cb0694a34,"ｼﾞｪﾗｰﾄﾋﾟｹ&ｸﾗｼｺ ｽｸﾗﾌﾞﾃｰﾊﾟｰﾄﾞﾊﾟﾝﾂ 609 ﾗｲﾄﾌﾞﾙｰ M","ｸﾗｼｺ","https://d15ihgh2blymmz.cloudfront.net/uploads/item_image/4580532563892/4580532563892_1.jpg",55
4086ae07-59e9-45c5-97bc-f3ec4f89f34c,"ｼﾞｪﾗｰﾄﾋﾟｹ&ｸﾗｼｺ ｽｸﾗﾌﾞﾃｰﾊﾟｰﾄﾞﾊﾟﾝﾂ 609 ﾗｲﾄﾌﾞﾙｰ M","ｸﾗｼｺ","https://d15ihgh2blymmz.cloudfront.net/uploads/item_image/4580532563892/4580532563892_1.jpg",55
c81f3d7c-cb7d-47fb-994f-71f2b0b2d667,"ｼﾞｪﾗｰﾄﾋﾟｹ&ｸﾗｼｺ ｽｸﾗﾌﾞﾃｰﾊﾟｰﾄﾞﾊﾟﾝﾂ 609 ﾗｲﾄﾌﾞﾙｰ S","ｸﾗｼｺ","https://d15ihgh2blymmz.cloudfront.net/uploads/item_image/4580532563878/4580532563878_1.jpg",55
cfad401a-8c12-4eb9-a153-fd79a80b6cf3,"ｼﾞｪﾗｰﾄﾋﾟｹ&ｸﾗｼｺ ｽｸﾗﾌﾞﾃｰﾊﾟｰﾄﾞﾊﾟﾝﾂ 609 ﾗｲﾄﾌﾞﾙｰ S","ｸﾗｼｺ","https://d15ihgh2blymmz.cloudfront.net/uploads/item_image/4580532563878/4580532563878_1.jpg",55
3b0e5190-ab68-4f43-bbcf-2e7c82b5d3e9,"ｼﾞｪﾗｰﾄﾋﾟｹ&ｸﾗｼｺ ﾊﾟﾀｰﾝﾌﾟﾙｵｰﾊﾞｰｽｸﾗﾌﾞ650 ﾋﾟﾝｸﾍﾞｰｼﾞｭ M","ｸﾗｼｺ","https://d15ihgh2blymmz.cloudfront.net/uploads/item_image/4580532563069/4580532563069_1.jpg",55
abf548ab-9e38-49db-9ec4-b09ba8b9016a,"ｼﾞｪﾗｰﾄﾋﾟｹ&ｸﾗｼｺ ﾊﾟﾀｰﾝﾌﾟﾙｵｰﾊﾞｰｽｸﾗﾌﾞ650 ﾋﾟﾝｸﾍﾞｰｼﾞｭ M","ｸﾗｼｺ","https://d15ihgh2blymmz.cloudfront.net/uploads/item_image/4580532563069/4580532563069_1.jpg",55
63499831-43aa-4e0c-804f-088e682ee100,"ｼﾞｪﾗｰﾄﾋﾟｹ&ｸﾗｼｺ ﾊﾟﾀｰﾝﾌﾟﾙｵｰﾊﾞｰｽｸﾗﾌﾞ650 ﾋﾟﾝｸﾍﾞｰｼﾞｭ S","ｸﾗｼｺ","https://d15ihgh2blymmz.cloudfront.net/uploads/item_image/4580532563069/4580532563069_1.jpg",55
d20747b0-ce8a-4c99-924d-0cfe359e47d9,"ｼﾞｪﾗｰﾄﾋﾟｹ&ｸﾗｼｺ ﾊﾟﾀｰﾝﾌﾟﾙｵｰﾊﾞｰｽｸﾗﾌﾞ650 ﾋﾟﾝｸﾍﾞｰｼﾞｭ S","ｸﾗｼｺ","https://d15ihgh2blymmz.cloudfront.net/uploads/item_image/4580532563069/4580532563069_1.jpg",55
441811d7-7a85-4748-a5b2-8130091fca08,"ｼﾞｪﾗｰﾄﾋﾟｹ&ｸﾗｼｺ ﾊﾟﾀｰﾝﾌﾟﾙｵｰﾊﾞｰｽｸﾗﾌﾞ650 ﾗｲﾄﾌﾞﾙｰ  LL","ｸﾗｼｺ","https://d15ihgh2blymmz.cloudfront.net/uploads/item_image/4580532562956/4580532562956_1.jpg",55
9a09d8be-75a4-44a0-ba35-f005814febbd,"ｼﾞｪﾗｰﾄﾋﾟｹ&ｸﾗｼｺ ﾊﾟﾀｰﾝﾌﾟﾙｵｰﾊﾞｰｽｸﾗﾌﾞ650 ﾗｲﾄﾌﾞﾙｰ  LL","ｸﾗｼｺ","https://d15ihgh2blymmz.cloudfront.net/uploads/item_image/4580532562956/4580532562956_1.jpg",55
092d473f-08bc-41ab-b070-07ec6675b1d5,"ｼﾞｪﾗｰﾄﾋﾟｹ&ｸﾗｼｺ ﾊﾟﾀｰﾝﾌﾟﾙｵｰﾊﾞｰｽｸﾗﾌﾞ650 ﾗｲﾄﾌﾞﾙｰ L","ｸﾗｼｺ","https://www.clasic.jp/upload/save_image/04091157_6614ae89e34bb.jpg",51
6e8b699b-4bcf-415c-8046-890e2139e344,"ｼﾞｪﾗｰﾄﾋﾟｹ&ｸﾗｼｺ ﾊﾟﾀｰﾝﾌﾟﾙｵｰﾊﾞｰｽｸﾗﾌﾞ650 ﾗｲﾄﾌﾞﾙｰ L","ｸﾗｼｺ","https://www.clasic.jp/upload/save_image/04091157_6614ae89e34bb.jpg",51
fb1ac243-289e-4b61-9267-68394f173c40,"ｼﾞｪﾗｰﾄﾋﾟｹ&ｸﾗｼｺ ﾊﾟﾀｰﾝﾌﾟﾙｵｰﾊﾞｰｽｸﾗﾌﾞ650 ﾗｲﾄﾌﾞﾙｰ M","ｸﾗｼｺ","https://www.adva-shop.net/img/goods/2/2025608141_7f3f899bcd194db58d7b6cbaf6bab4a1.png",55
793dc908-c1c7-43ba-a62f-a366b1bb210b,"ｼﾞｪﾗｰﾄﾋﾟｹ&ｸﾗｼｺ ﾊﾟﾀｰﾝﾌﾟﾙｵｰﾊﾞｰｽｸﾗﾌﾞ650 ﾗｲﾄﾌﾞﾙｰ M","ｸﾗｼｺ","https://www.adva-shop.net/img/goods/2/2025608141_7f3f899bcd194db58d7b6cbaf6bab4a1.png",55
17b2702d-8a09-4499-81f1-cf33aec0fd0a,"ｼﾞｪﾗｰﾄﾋﾟｹ&ｸﾗｼｺ ﾊﾟﾀｰﾝﾌﾟﾙｵｰﾊﾞｰｽｸﾗﾌﾞ650 ﾗｲﾄﾌﾞﾙｰ S","ｸﾗｼｺ","https://d15ihgh2blymmz.cloudfront.net/uploads/item_image/4580532562956/4580532562956_1.jpg",55
85b0602a-07af-45ab-93b1-bb88349794c5,"ｼﾞｪﾗｰﾄﾋﾟｹ&ｸﾗｼｺ ﾊﾟﾀｰﾝﾌﾟﾙｵｰﾊﾞｰｽｸﾗﾌﾞ650 ﾗｲﾄﾌﾞﾙｰ S","ｸﾗｼｺ","https://d15ihgh2blymmz.cloudfront.net/uploads/item_image/4580532562956/4580532562956_1.jpg",55
6f919af2-cf9c-466c-a2b5-50e9c8a63d3f,"ｼﾞｪﾗｰﾄﾋﾟｹ&ｸﾗｼｺ ﾌﾟﾙｵｰﾊﾞｰｽｸﾗﾌﾞ 608 ﾋﾟﾝｸﾍﾞｰｼﾞｭ M","ｸﾗｼｺ","https://shop.r10s.jp/matsuyoshi-web/cabinet/202507084/0020341305-01.jpg",55
48c896bf-fddf-4ab0-8746-aebb6e76fa2d,"ｼﾞｪﾗｰﾄﾋﾟｹ&ｸﾗｼｺ ﾌﾟﾙｵｰﾊﾞｰｽｸﾗﾌﾞ 608 ﾋﾟﾝｸﾍﾞｰｼﾞｭ S","ｸﾗｼｺ","https://shop.r10s.jp/matsuyoshi-web/cabinet/202507084/0020341305-01.jpg",55
509d7787-e026-4623-b183-1ef8003f0575,"ｼﾞｪﾗｰﾄﾋﾟｹ&ｸﾗｼｺ ﾌﾟﾙｵｰﾊﾞｰｽｸﾗﾌﾞ 608 ﾋﾟﾝｸﾍﾞｰｼﾞｭ S","ｸﾗｼｺ","https://shop.r10s.jp/matsuyoshi-web/cabinet/202507084/0020341305-01.jpg",55
3674cbaa-1081-455a-b51c-018fd936eceb,"ｼﾞｪﾗｰﾄﾋﾟｹ&ｸﾗｼｺ ﾌﾟﾙｵｰﾊﾞｰｽｸﾗﾌﾞ 608 ﾗｲﾄﾌﾞﾙｰ M","ｸﾗｼｺ","https://shop.r10s.jp/matsuyoshi-web/cabinet/202507084/0020341204-01.jpg",55
97d0820a-0b7d-4919-9a3c-43da48ba36da,"ｼﾞｪﾗｰﾄﾋﾟｹ&ｸﾗｼｺ ﾌﾟﾙｵｰﾊﾞｰｽｸﾗﾌﾞ 608 ﾗｲﾄﾌﾞﾙｰ M","ｸﾗｼｺ","https://shop.r10s.jp/matsuyoshi-web/cabinet/202507084/0020341204-01.jpg",55
7ba57e0a-c65e-4e5c-b159-9618a080deb3,"ｼﾞｪﾗｰﾄﾋﾟｹ&ｸﾗｼｺ ﾌﾟﾙｵｰﾊﾞｰｽｸﾗﾌﾞ 608 ﾗｲﾄﾌﾞﾙｰ S","ｸﾗｼｺ","https://shop.r10s.jp/matsuyoshi-web/cabinet/202507084/0020341204-01.jpg",55
65e0f8e6-77a8-4215-8f9e-699d3dd1da15,"ｼﾞｪﾗｰﾄﾋﾟｹ&ｸﾗｼｺ ﾌﾟﾙｵｰﾊﾞｰｽｸﾗﾌﾞ 608 ﾗｲﾄﾌﾞﾙｰ S","ｸﾗｼｺ","https://shop.r10s.jp/matsuyoshi-web/cabinet/202507084/0020341204-01.jpg",55
ff224bac-3e08-43f7-84f1-a09c4cadaf51,"ｼﾞｪﾗｰﾄﾋﾟｹ&ｸﾗｼｺ ﾌﾟﾙｵｰﾊﾞｰｽｸﾗﾌﾞ608 ﾗｲﾄﾌﾞﾙｰ L","ｸﾗｼｺ","https://shop.r10s.jp/matsuyoshi-web/cabinet/202507084/0020341204-01.jpg",55
411e425a-5b8b-4aaf-9bb2-38e0236dc713,"ｼﾞｪﾗｰﾄﾋﾟｹ&ｸﾗｼｺ ﾌﾟﾙｵｰﾊﾞｰｽｸﾗﾌﾞ608 ﾗｲﾄﾌﾞﾙｰ L","ｸﾗｼｺ","https://shop.r10s.jp/matsuyoshi-web/cabinet/202507084/0020341204-01.jpg",55
fd060698-2a5d-4f11-b4f8-fa8edc902e0f,"ｼﾞｪﾗｰﾄﾋﾟｹ&ｸﾗｼｺ ﾌﾟﾙｵｰﾊﾞｰｽｸﾗﾌﾞ608 ﾗｲﾄﾌﾞﾙｰ LL","ｸﾗｼｺ","https://shop.r10s.jp/matsuyoshi-web/cabinet/202507084/0020341204-01.jpg",55
964cde38-52fa-4264-9db3-56cbb92c5a84,"ｼﾞｪﾗｰﾄﾋﾟｹ&ｸﾗｼｺ ﾌﾟﾙｵｰﾊﾞｰｽｸﾗﾌﾞ608 ﾗｲﾄﾌﾞﾙｰ LL","ｸﾗｼｺ","https://shop.r10s.jp/matsuyoshi-web/cabinet/202507084/0020341204-01.jpg",55
2b16743b-f107-4d6c-b57a-6a56c2f4e75c,"ﾌﾛﾝﾄｵｰﾌﾟﾝｽｸﾗﾌﾞ DECO ﾁｬｺｰﾙｸﾞﾚｰ A44 M","ｸﾗｼｺ","https://www.clasic.jp/upload/save_image/02221953_65d727bf01330.jpg",51
0d1a9c22-4cd3-4ef6-8a4e-609c845a65b2,"ﾌﾛﾝﾄｵｰﾌﾟﾝｽｸﾗﾌﾞ DECO ﾁｬｺｰﾙｸﾞﾚｰ A44 M","ｸﾗｼｺ","https://www.clasic.jp/upload/save_image/02221956_65d72878ee5fa.jpg",51
e214c131-547e-4b43-858c-a269eecda594,"ﾌﾛﾝﾄｵｰﾌﾟﾝｽｸﾗﾌﾞ LUXE ﾁｬｺｰﾙｸﾞﾚｰ A41 LX","ｸﾗｼｺ","https://www.clasic.jp/upload/save_image/12012001_6569bd27a239c.jpg",51
f5911c25-e88d-4052-a360-7818bb6532ff,"ﾌﾛﾝﾄｵｰﾌﾟﾝｽｸﾗﾌﾞ LUXE ﾁｬｺｰﾙｸﾞﾚｰ A41 LX","ｸﾗｼｺ","https://www.clasic.jp/upload/save_image/12012001_6569bd27a239c.jpg",51
6799203c-69e5-42bb-ad64-59b8532c3f5b,"ﾌﾛﾝﾄｵｰﾌﾟﾝｽｸﾗﾌﾞ LUXE ﾁｬｺｰﾙｸﾞﾚｰ A41 M","ｸﾗｼｺ","https://www.clasic.jp/upload/save_image/12012004_6569bdbc56a9f.jpg",51
eefd77c5-5b4e-4eaf-964f-4222c6f4a8e5,"ﾌﾛﾝﾄｵｰﾌﾟﾝｽｸﾗﾌﾞ LUXE ﾁｬｺｰﾙｸﾞﾚｰ A41 M","ｸﾗｼｺ","https://www.clasic.jp/upload/save_image/12012004_6569bdbc56a9f.jpg",51
d91adc6d-3f11-4a4f-81d7-232f37f138be,"ﾒﾝｽﾞ ｸﾞﾚﾝﾁｪｯｸｽｸﾗﾌﾞﾄｯﾌﾟｽ ﾌﾞﾗｳﾝ XL","ｸﾗｼｺ","https://www.clasic.jp/upload/save_image/01051837_6597cdcb5e8d8.jpg",51
cfa2cba7-18c9-40c2-9241-ef58386af31b,"ﾒﾝｽﾞ ｸﾞﾚﾝﾁｪｯｸｽｸﾗﾌﾞﾄｯﾌﾟｽ ﾌﾞﾗｳﾝ XL","ｸﾗｼｺ","https://www.clasic.jp/upload/save_image/01051837_6597cdcb5e8d8.jpg",51
9b2dafe1-0124-4921-b75c-7ad61892d54e,"ﾒﾝｽﾞ ｸﾞﾚﾝﾁｪｯｸｽｸﾗﾌﾞﾊﾟﾝﾂ ﾌﾞﾗｳﾝ XL","ｸﾗｼｺ","https://www.clasic.jp/upload/save_image/01051847_6597d044b8d10.jpg",51
74e4e04d-4e5d-4beb-8435-a55b50620a15,"ﾒﾝｽﾞ ｸﾞﾚﾝﾁｪｯｸｽｸﾗﾌﾞﾊﾟﾝﾂ ﾌﾞﾗｳﾝ XL","ｸﾗｼｺ","https://www.clasic.jp/upload/save_image/01051847_6597d044b8d10.jpg",51
a7aabd07-c6e7-4699-9ee6-e98b6cbead74,"ﾒﾝｽﾞ ｽｸﾗﾌﾞﾄｯﾌﾟｽ DECO 243　ﾁｬｺｰﾙｸﾞﾚｰ S","ｸﾗｼｺ","https://www.clasic.jp/upload/save_image/11281246_63842f30ad7bb.jpg",51
73b71ca5-bb6d-415c-8f01-d060ca340ed8,"ﾒﾝｽﾞ ｽｸﾗﾌﾞﾄｯﾌﾟｽ DECO 243　ﾁｬｺｰﾙｸﾞﾚｰ S","ｸﾗｼｺ","https://www.clasic.jp/upload/save_image/11281246_63842f30ad7bb.jpg",51
15fbae1d-0292-43f9-b625-711d8976bcdc,"ﾒﾝｽﾞ ｽｸﾗﾌﾞﾊﾟﾝﾂ DECO 244　ﾁｬｺｰﾙｸﾞﾚｰ M","ｸﾗｼｺ","https://www.clasic.jp/upload/save_image/05301926_66585462ce43b.jpg",51
117e714a-898a-40a6-994f-021d78fd9ee0,"ﾒﾝｽﾞ ｽｸﾗﾌﾞﾊﾟﾝﾂ DECO 244　ﾁｬｺｰﾙｸﾞﾚｰ M","ｸﾗｼｺ","https://www.clasic.jp/upload/save_image/05301926_66585462ce43b.jpg",51
e62376f7-e74f-4a1e-a23d-9758caa704f0,"ﾒﾝｽﾞ ﾛﾝﾊｰﾏﾝ ｽｸﾗﾌﾞﾄｯﾌﾟｽ ｶｰｷ XL","ｸﾗｼｺ","https://www.clasic.jp/upload/save_image/08201150_68a5380e1bb8f.jpg",51
c34aa4af-5171-42d7-972c-3b42afd1e4b3,"ﾒﾝｽﾞ ﾛﾝﾊｰﾏﾝ ｽｸﾗﾌﾞﾊﾟﾝﾂ ｶｰｷ L","ｸﾗｼｺ","https://www.clasic.jp/upload/save_image/07091518_686e09bcd0ee9.jpg",51
d8367c33-c63d-4994-9394-06452c7b8392,"ﾒﾝｽﾞ ﾛﾝﾊｰﾏﾝ ｽｸﾗﾌﾞﾊﾟﾝﾂ ｶｰｷ L","ｸﾗｼｺ","https://www.clasic.jp/upload/save_image/07091518_686e09bcd0ee9.jpg",51
0575ce32-d3fc-41ee-b507-a92ead96a1c3,"ﾒﾝｽﾞ：ﾃﾞｵｽﾄﾚｯﾁｽｸﾗﾌﾞﾄｯﾌﾟｽ ﾃﾞｨｰﾌﾟﾈｲﾋﾞｰM","ｸﾗｼｺ","https://www.clasic.jp/upload/save_image/06121051_6668ff1637286.jpg",51
014ffdb9-502d-4eea-8d22-3244a6002ddb,"ﾒﾝｽﾞ：ﾃﾞｵｽﾄﾚｯﾁｽｸﾗﾌﾞﾄｯﾌﾟｽ ﾃﾞｨｰﾌﾟﾈｲﾋﾞｰM","ｸﾗｼｺ","https://www.clasic.jp/upload/save_image/06121051_6668ff1637286.jpg",51
8d169dda-869f-4e29-9ce6-8d9c25a6ff1c,"ｸﾘｱﾌｨﾙｾﾗﾐｯｸﾌﾟﾗｲﾏｰﾌﾟﾗｽ#3637","クラレ","https://d15ihgh2blymmz.cloudfront.net/uploads/item_image/4571110536377/4571110536377_1.jpg",55
3a9625d9-8b1b-4ef4-b70c-7b78145adf41,"ｸﾘｱﾌｨﾙｾﾗﾐｯｸﾌﾟﾗｲﾏｰﾌﾟﾗｽ#3637","クラレ","https://d15ihgh2blymmz.cloudfront.net/uploads/item_image/4571110536377/4571110536377_1.jpg",55
e6808d93-76c2-45e7-b5fd-83f464e47c7a,"EDﾌﾟﾗｲﾏｰ2 A液","ｸﾗﾚ","https://d15ihgh2blymmz.cloudfront.net/uploads/item_image/4571110503836/4571110503836_1.jpg",55
12f45db8-c5b2-47ca-b691-bd4a35d80734,"EDﾌﾟﾗｲﾏｰ2 A液","ｸﾗﾚ","https://d15ihgh2blymmz.cloudfront.net/uploads/item_image/4571110503836/4571110503836_1.jpg",55
53c80d27-f091-4f0a-9b48-2d2176fcb924,"EDﾌﾟﾗｲﾏｰ2 B液","ｸﾗﾚ","https://d15ihgh2blymmz.cloudfront.net/uploads/item_image/4571110503843/4571110503843_1.jpg",55
32711554-9085-4f4f-8227-e83c12e67d61,"EDﾌﾟﾗｲﾏｰ2 B液","ｸﾗﾚ","https://d15ihgh2blymmz.cloudfront.net/uploads/item_image/4571110503843/4571110503843_1.jpg",55
3cb3b618-45df-4a76-b0bb-1b1fb6048974,"ｱﾛｲﾌﾟﾗｲﾏｰ 5ml","ｸﾗﾚ","https://maiplemedical.com/cdn/shop/products/04181141_5714496e7f24f_580x.jpg?v=1605247761",55
c5881132-6c29-4424-b0a7-d029b4ed9ace,"ｱﾛｲﾌﾟﾗｲﾏｰ 5ml","ｸﾗﾚ","https://d15ihgh2blymmz.cloudfront.net/uploads/item_image/4571110500644/4571110500644_1.jpg",55
49782f05-79d6-44cb-b3ee-91cba529a411,"ｵｷｼｶﾞｰﾄﾞ2(NEW) 6ml","ｸﾗﾚ","https://cdn.shopify.com/s/files/1/0508/9706/0033/products/07071109_559b34cb4db7f_580x@2x.jpg?v=1605247820",55
c7e3193e-797d-49e2-987f-9492d748b76f,"ｶﾘｴｽ ﾃﾞｨﾃﾞｸﾀｰ 4ml","ｸﾗﾚ","https://www.kuraraynoritake.jp/product/other_adhesive/images/other/img_caries.png",86
4c3ae007-c57c-47f4-9c79-f19333c695ee,"ｶﾘｴｽ ﾃﾞｨﾃﾞｸﾀｰ 4ml","ｸﾗﾚ","https://www.kuraraynoritake.jp/product/other_adhesive/images/other/img_caries.png",86
e52cfb59-6573-49fc-9ed3-7962439d78f0,"ｸﾘｱﾌｨﾙ AP-X A2","ｸﾗﾚ","https://denta-tec.com/media/3c/3a/ff/1754136078/146336-GX02979_Clearfil_ApX_A2_Spr.jpg?ts=1754136078",80
29ec1e89-89c1-4b7b-9ea7-c8f9dbf7a5a6,"ｸﾘｱﾌｨﾙ AP-X A2","ｸﾗﾚ","https://denta-tec.com/media/3c/3a/ff/1754136078/146336-GX02979_Clearfil_ApX_A2_Spr.jpg?ts=1754136078",80
d1f425e0-6025-475e-99eb-f25da4d931ce,"ｸﾘｱﾌｨﾙ ﾏｼﾞｪｽﾃｨLV A1 3.2g","ｸﾗﾚ","https://www.kuraraynoritake.jp/product/composites/images/other/img_majesty_lv.png",86
55a780b6-ac29-490c-8635-a4f31ab1ffb2,"ｸﾘｱﾌｨﾙ ﾏｼﾞｪｽﾃｨLV A1 3.2g","ｸﾗﾚ","https://www.kuraraynoritake.jp/product/composites/images/other/img_majesty_lv.png",86
6f129d05-b120-4046-a28d-2c5f74047ffa,"ｸﾘｱﾌｨﾙ ﾏｼﾞｪｽﾃｨLV A2 3.2g","ｸﾗﾚ","https://www.kuraraynoritake.jp/product/composites/images/other/img_majesty_lv.png",86
ea7b6b63-90a5-45b1-afc4-f72751b091a4,"ｸﾘｱﾌｨﾙ ﾏｼﾞｪｽﾃｨLV A2 3.2g","ｸﾗﾚ","https://www.kuraraynoritake.jp/product/composites/images/other/img_majesty_lv.png",86
ca9c38a0-7e5e-42c8-8ba1-d9ed5ec30505,"ｸﾘｱﾌｨﾙ ﾏｼﾞｪｽﾃｨLV A3 3.2g","ｸﾗﾚ","https://www.kuraraynoritake.jp/product/composites/images/other/img_majesty_lv.png",86
253e886f-c02a-48c9-9f2b-29f826cdd2e2,"ｸﾘｱﾌｨﾙ ﾏｼﾞｪｽﾃｨLV A3 3.2g","ｸﾗﾚ","https://www.kuraraynoritake.jp/product/composites/images/other/img_majesty_lv.png",86
5f6ce4ba-66b0-468b-a8ae-50662d281028,"ｸﾘｱﾌｨﾙ ﾏｼﾞｪｽﾃｨLV E 3.2g","ｸﾗﾚ","https://www.kuraraynoritake.jp/product/composites/images/other/img_majesty_lv.png",86
1b78bcfd-4302-4df7-a98b-2227679935fd,"ｸﾘｱﾌｨﾙ ﾏｼﾞｪｽﾃｨLV E 3.2g","ｸﾗﾚ","https://www.kuraraynoritake.jp/product/composites/images/other/img_majesty_lv.png",86
8aaaf3de-67a3-4171-955c-654c86fe6133,"ｸﾘｱﾌｨﾙ ﾏｼﾞｪｽﾃｨLV XL 3.2g","ｸﾗﾚ","https://www.kuraraynoritake.jp/product/composites/images/other/img_majesty_lv.png",86
6b7a8b1a-8117-412d-82e2-4e786e8c4a64,"ｸﾘｱﾌｨﾙ ﾒｶﾞﾎﾞﾝﾄﾞFAｾｯﾄ","ｸﾗﾚ","https://www.kuraraynoritake.jp/product/adhesives/pdf/megabondfa_catalog.png",89
27079157-694b-47ad-a8c5-dc6a561be632,"ｸﾘｱﾌｨﾙ ﾒｶﾞﾎﾞﾝﾄﾞFAｾｯﾄ","ｸﾗﾚ","https://www.kuraraynoritake.jp/product/adhesives/pdf/megabondfa_catalog.png",89
4316f704-9612-4581-8f1c-f4c7c15af5e7,"ｸﾘｱﾌｨﾙDCｺｱｵｰﾄﾐｯｸｽONE 3本ﾊﾟｯｸ ﾃﾞﾝﾁﾝ","ｸﾗﾚ","https://www.kuraraynoritake.jp/product/core_buildup/images/dccore_automix/sam_3pack.png",95
03dfe20a-01d0-4025-9fb7-55dc74e14561,"ｸﾘｱﾌｨﾙDCｺｱｵｰﾄﾐｯｸｽONE 3本ﾊﾟｯｸ ﾃﾞﾝﾁﾝ","ｸﾗﾚ","https://www.kuraraynoritake.jp/product/core_buildup/images/dccore_automix/sam_3pack.png",95
31a90bd9-fee9-4c1e-98b3-b3b0559edff8,"ｸﾘｱﾌｨﾙDCｺｱｵｰﾄﾐｯｸｽONE ｶﾞｲﾄﾞﾁｯﾌﾟ太","ｸﾗﾚ","https://d15ihgh2blymmz.cloudfront.net/uploads/item_image/4571110529430/4571110529430_1.jpg",55
fdfca127-632c-47f2-ba52-8e66f79bf075,"ｸﾘｱﾌｨﾙDCｺｱｵｰﾄﾐｯｸｽONE ｶﾞｲﾄﾞﾁｯﾌﾟ太","ｸﾗﾚ","https://d15ihgh2blymmz.cloudfront.net/uploads/item_image/4571110529430/4571110529430_1.jpg",55
36644158-1dc6-4f6b-96af-628061758c71,"ｸﾘｱﾌｨﾙDCｺｱｵｰﾄﾐｯｸｽONE ｶﾞｲﾄﾞﾁｯﾌﾟ細","ｸﾗﾚ","https://www.kuraraynoritake.jp/product/core_buildup/images/dccore_automix/sam_3pack.png",95
d3ae4d1f-2d09-4f5f-b2c9-4db3feca6504,"ｸﾘｱﾌｨﾙDCｺｱｵｰﾄﾐｯｸｽONE ｶﾞｲﾄﾞﾁｯﾌﾟ細","ｸﾗﾚ","https://d15ihgh2blymmz.cloudfront.net/uploads/item_image/4571110529430/4571110529430_1.jpg",55
fdbde8b0-47bf-4f0d-901f-308f1f6afbd5,"ｸﾘｱﾌｨﾙDCｺｱｵｰﾄﾐｯｸｽONE ﾐｷｼﾝｸﾞﾁｯﾌﾟ","ｸﾗﾚ","https://fordynet.fordy.jp/storage/products/20161019121148.jpg",55
312a640b-8fb6-4a04-a20a-a7523bde6e00,"ｸﾘｱﾌｨﾙDCｺｱｵｰﾄﾐｯｸｽONE ﾐｷｼﾝｸﾞﾁｯﾌﾟ","ｸﾗﾚ","https://fordynet.fordy.jp/storage/products/20161019121148.jpg",55
9a573257-f5b4-46ca-9058-f8d3994648b1,"ｸﾘｱﾌｨﾙDCｺｱｵｰﾄﾐｯｸｽONE 単品 ﾃﾞﾝﾁﾝ","ｸﾗﾚ","https://www.kuraraynoritake.jp/product/core_buildup/images/dccore_automix/main.jpg",86
4449e8ac-0f88-47f6-9bde-8d81ed82b1ee,"ｸﾘｱﾌｨﾙDCｺｱｵｰﾄﾐｯｸｽONE 単品 ﾃﾞﾝﾁﾝ","ｸﾗﾚ","https://www.kuraraynoritake.jp/product/core_buildup/images/dccore_automix/main.jpg",86
f8ff64a0-926c-45b2-88dc-63e549dbb58b,"ﾊﾟﾅﾋﾞｱ F2.0 Aﾍﾟｰｽﾄ  2.3ML 5.0G","ｸﾗﾚ","https://shop.r10s.jp/genki-sokai/cabinet/m_y050000-y054999/s_3000/y053086-000-000.jpg",55
2050330a-840d-4a21-a72f-a22af99f56c1,"ﾊﾟﾅﾋﾞｱ F2.0 Aﾍﾟｰｽﾄ  2.3ML 5.0G","ｸﾗﾚ","https://shop.r10s.jp/genki-sokai/cabinet/m_y050000-y054999/s_3000/y053086-000-000.jpg",55
58dd76c7-b3da-447b-918b-74c3d11ccaf5,"ﾊﾟﾅﾋﾞｱF2.0 Bﾍﾟｰｽﾄ ﾌﾞﾗｳﾝ #494","ｸﾗﾚ","https://d15ihgh2blymmz.cloudfront.net/uploads/item_image/4571110504949/4571110504949_1.jpg",55
bf204b3c-05cd-4f8b-9e00-22a431cbcfbb,"ﾊﾟﾅﾋﾞｱF2.0 Bﾍﾟｰｽﾄ ﾌﾞﾗｳﾝ #494","ｸﾗﾚ","https://d15ihgh2blymmz.cloudfront.net/uploads/item_image/4571110504949/4571110504949_1.jpg",55
0953fc0f-5af9-40bf-a556-3386120c4606,"ﾊﾟﾅﾋﾞｱF2.0 Bﾍﾟｰｽﾄ ﾗｲﾄ #497","ｸﾗﾚ","https://d15ihgh2blymmz.cloudfront.net/uploads/item_image/4571110504970/4571110504970_1.jpg",55
b8e8d15e-9f11-472e-83ac-a2d9a385d44f,"ﾊﾟﾅﾋﾞｱF2.0ﾍﾟｰｽﾄ A 2.3ML 5.0G","ｸﾗﾚ","https://shop.r10s.jp/genki-sokai/cabinet/m_y050000-y054999/s_3000/y053086-000-000.jpg",55
7001514e-fdb8-452d-bcdd-ff7bdcff8610,"ﾊﾟﾅﾋﾞｱF2.0ﾍﾟｰｽﾄ A 2.3ML 5.0G","ｸﾗﾚ","https://shop.r10s.jp/genki-sokai/cabinet/m_y050000-y054999/s_3000/y053086-000-000.jpg",55
bbe84049-eb29-4d5f-9d2d-327c36111775,"K-ｴｯﾁｬﾝﾄ ｼﾘﾝｼﾞ","ｸﾗﾚﾉﾘﾀｹﾃﾞﾝﾀﾙ","https://www.kuraraynoritake.jp/feature/corebuildupguide/common/img/product/img_product_11.jpg",96
cc53b28f-062f-440d-8286-b5232c00967a,"K-ｴｯﾁｬﾝﾄ ｼﾘﾝｼﾞ","ｸﾗﾚﾉﾘﾀｹﾃﾞﾝﾀﾙ","https://www.kuraraynoritake.jp/feature/corebuildupguide/common/img/product/img_product_11.jpg",96
f52172db-2d7b-4baa-8255-dc251d990e20,"ｶﾀﾅｸﾘｰﾅｰ単品 4mL #3970","ｸﾗﾚﾉﾘﾀｹﾃﾞﾝﾀﾙ","https://www.kuraraynoritake.jp/product/other_adhesive/pdf/katana_cleaner_pamph.png",89
c5bd9878-fc90-4563-95c8-b5500b24fbfa,"ｶﾀﾅｸﾘｰﾅｰ単品 4mL #3970","ｸﾗﾚﾉﾘﾀｹﾃﾞﾝﾀﾙ","https://www.kuraraynoritake.jp/product/other_adhesive/images/k_cleaner/sam_01.png",95
14732d5d-af1e-4f31-85c5-e1694f961209,"ｸﾘｱﾌｨﾙ ﾏｼﾞｪｽﾃｨ ES ﾌﾛｰ High ﾕﾆﾊﾞｰｻﾙ","ｸﾗﾚﾉﾘﾀｹﾃﾞﾝﾀﾙ","https://www.kuraraynoritake.jp/product/composites/images/majesty_esflow_u/sam_3p.png",95
bc2da8aa-e04d-426f-8389-a8fe30c8c653,"ｸﾘｱﾌｨﾙ ﾏｼﾞｪｽﾃｨ ES ﾌﾛｰ High ﾕﾆﾊﾞｰｻﾙ","ｸﾗﾚﾉﾘﾀｹﾃﾞﾝﾀﾙ","https://www.kuraraynoritake.jp/product/composites/images/majesty_esflow_u/sam_3p.png",95
64f08d29-7c23-45d6-9edd-a4cce1ec2675,"ｸﾘｱﾌｨﾙ ﾏｼﾞｪｽﾃｨ ES ﾌﾛｰ Low U","ｸﾗﾚﾉﾘﾀｹﾃﾞﾝﾀﾙ","https://www.kuraraynoritake.jp/product/composites/images/majesty_esflow_u/sam_low.png",95
670b2a60-1e70-4ca6-a72f-3f780e1b3574,"ｸﾘｱﾌｨﾙ ﾏｼﾞｪｽﾃｨ ES ﾌﾛｰ Low U","ｸﾗﾚﾉﾘﾀｹﾃﾞﾝﾀﾙ","https://www.kuraraynoritake.jp/product/composites/images/majesty_esflow_u/sam_low.png",95
48e476f4-9e8d-4c9c-873c-3c8226d302d3,"ｸﾘｱﾌｨﾙ ﾏｼﾞｪｽﾃｨ ES-2 A2 2mL(3.6g)","ｸﾗﾚﾉﾘﾀｹﾃﾞﾝﾀﾙ","https://www.kuraraynoritake.jp/product/composites/images/majesty_es2/sam_02.png",95
b6b6f295-92da-4a08-bef0-bcbad97005ff,"ｸﾘｱﾌｨﾙ ﾏｼﾞｪｽﾃｨ ES-2 A2 2mL(3.6g)","ｸﾗﾚﾉﾘﾀｹﾃﾞﾝﾀﾙ","https://www.kuraraynoritake.jp/product/composites/images/majesty_es2/sam_03.png",95
620c5309-1915-4455-b2e3-6140a80ab202,"ｸﾘｱﾌｨﾙ ﾏｼﾞｪｽﾃｨ ES-2 A3 2mL(3.6g)","ｸﾗﾚﾉﾘﾀｹﾃﾞﾝﾀﾙ","https://www.kuraraynoritake.jp/product/composites/images/majesty_es2_pre/sam_02.png",95
88004a66-5444-4388-81ca-7ae8e4a8680a,"ｸﾘｱﾌｨﾙ ﾏｼﾞｪｽﾃｨ ES-2 A3 2mL(3.6g)","ｸﾗﾚﾉﾘﾀｹﾃﾞﾝﾀﾙ","https://www.kuraraynoritake.jp/product/composites/images/majesty_es2/sam_02.png",95
7f26ba8b-df7b-45b1-b9b0-6347aea08358,"ｸﾘｱﾌｨﾙ ﾏｼﾞｪｽﾃｨ ES-2 A3.5 2mL","ｸﾗﾚﾉﾘﾀｹﾃﾞﾝﾀﾙ","https://www.kuraraynoritake.jp/product/composites/images/majesty_es2/sam_01.png",95
be3c9889-deed-4d78-85bc-ff0fffda443a,"ｸﾘｱﾌｨﾙ ﾏｼﾞｪｽﾃｨ ES-2 A3.5 2mL","ｸﾗﾚﾉﾘﾀｹﾃﾞﾝﾀﾙ","https://www.kuraraynoritake.jp/product/composites/images/majesty_es2/sam_01.png",95
8689776f-efe1-4f99-a6e8-d90fae3b11b0,"ｸﾘｱﾌｨﾙ ﾏｼﾞｪｽﾃｨ ESﾌﾛｰ Low U","ｸﾗﾚﾉﾘﾀｹﾃﾞﾝﾀﾙ","https://www.kuraraynoritake.jp/product/composites/images/majesty_esflow_u/sam_low.png",95
c9d0cc07-8ea5-450c-8e54-4a51dfe9ad67,"ｸﾘｱﾌｨﾙ ﾏｼﾞｪｽﾃｨ ESﾌﾛｰ LOW UOP","ｸﾗﾚﾉﾘﾀｹﾃﾞﾝﾀﾙ","https://www.kuraraynoritake.jp/product/composites/images/majesty_esflow/sam_02.png",95
a05a24fa-54b6-4d65-8e54-4faf548d4eb1,"ｸﾘｱﾌｨﾙ ﾏｼﾞｪｽﾃｨES ﾌﾛｰ SuperLow A3","ｸﾗﾚﾉﾘﾀｹﾃﾞﾝﾀﾙ","https://www.kuraraynoritake.jp/product/composites/images/majesty_esflow/sam_02.png",95
8a902ea3-eefe-46a3-b0c1-2f8887c07be0,"ｸﾘｱﾌｨﾙ ﾏｼﾞｪｽﾃｨES ﾌﾛｰ SuperLow A3","ｸﾗﾚﾉﾘﾀｹﾃﾞﾝﾀﾙ","https://www.kuraraynoritake.jp/product/composites/images/majesty_esflow/sam_02.png",95
55be4c8a-f886-4a02-b075-ba76d2ba1176,"ｸﾘｱﾌｨﾙ ﾒｶﾞﾎﾞﾝﾄﾞ2ｷｯﾄ #3270","ｸﾗﾚﾉﾘﾀｹﾃﾞﾝﾀﾙ","https://www.kuraraynoritake.jp/product/other_adhesive/images/clearfil_dc/sam_02.png",95
2fde01a3-a110-4b6e-90dd-06bf413d5a86,"ｸﾘｱﾌｨﾙ ﾒｶﾞﾎﾞﾝﾄﾞ2ｷｯﾄ #3270","ｸﾗﾚﾉﾘﾀｹﾃﾞﾝﾀﾙ","https://www.kuraraynoritake.jp/product/other_adhesive/images/clearfil_dc/sam_02.png",95
31365f91-6122-4d85-8480-94c6b17c4bce,"ｸﾘｱﾌｨﾙ ﾕﾆﾊﾞｰｻﾙﾎﾞﾝﾄﾞQuick 2　4042","ｸﾗﾚﾉﾘﾀｹﾃﾞﾝﾀﾙ","https://www.kuraraynoritake.jp/images/top/sln/sln_ubq2.jpg",96
23f16720-7778-43ea-9d7d-a68cfdbf2d05,"ｸﾘｱﾌｨﾙ ﾕﾆﾊﾞｰｻﾙﾎﾞﾝﾄﾞQuick 2　4042","ｸﾗﾚﾉﾘﾀｹﾃﾞﾝﾀﾙ","https://www.kuraraynoritake.jp/images/top/sln/sln_ubq2.jpg",96
af844d4b-41bd-4d1d-be69-97f0cd52af3b,"ｸﾘｱﾌｨﾙ ﾕﾆﾊﾞｰｻﾙﾎﾞﾝﾄﾞQuick 2 Wﾊﾟｯｸ","ｸﾗﾚﾉﾘﾀｹﾃﾞﾝﾀﾙ","https://www.kuraraynoritake.jp/product/adhesives/images/clearfil_bond_quick2/sam_02.png",95
70ebfc9d-1b2c-4b18-a488-e183c04b8678,"ｸﾘｱﾌｨﾙ ﾕﾆﾊﾞｰｻﾙﾎﾞﾝﾄﾞQuick 2 Wﾊﾟｯｸ","ｸﾗﾚﾉﾘﾀｹﾃﾞﾝﾀﾙ","https://www.kuraraynoritake.jp/product/adhesives/images/clearfil_bond_quick2/sam_02.png",95
fe356808-8adc-42b6-9032-f1f28e01bee3,"ｸﾘｱﾌｨﾙ ﾕﾆﾊﾞｰｻﾙﾎﾞﾝﾄﾞQuick ER Wﾊﾟｯｸ","ｸﾗﾚﾉﾘﾀｹﾃﾞﾝﾀﾙ","https://www.kuraraynoritake.jp/product/adhesives/images/clearfil_bond_quick2/sam_02.png",95
85b71a98-990b-4368-b058-bc5963e2f5e5,"ｸﾘｱﾌｨﾙ ﾕﾆﾊﾞｰｻﾙﾎﾞﾝﾄﾞQuick ER Wﾊﾟｯｸ","ｸﾗﾚﾉﾘﾀｹﾃﾞﾝﾀﾙ","https://www.kuraraynoritake.jp/product/adhesives/images/clearfil_bond_quick2/sam_02.png",95
2f8ed98a-548b-4426-89d4-7cfc5457304b,"ﾃｨｰｽﾒｲﾄAPﾍﾟｰｽﾄ","ｸﾗﾚﾉﾘﾀｹﾃﾞﾝﾀﾙ","https://www.kuraraynoritake.jp/product/other_chairside/images/ap_paste/ap_main.png",100
375073c7-8ccc-4f74-8d34-5d2983d47b23,"ﾃｨｰｽﾒｲﾄAPﾍﾟｰｽﾄ","ｸﾗﾚﾉﾘﾀｹﾃﾞﾝﾀﾙ","https://www.kuraraynoritake.jp/product/other_chairside/images/ap_paste/ap_main.png",100
3746b723-92bf-496a-9d14-217c40f01503,"ﾊﾟﾅﾋﾞｱ ﾍﾞﾆｱLC ｽﾀｰﾀｰｷｯﾄ","ｸﾗﾚﾉﾘﾀｹﾃﾞﾝﾀﾙ","https://www.kuraraynoritake.jp/product/cements/images/panav5/sam_02.png",65
276ef355-13e3-48f9-ba81-bc502814e24b,"ﾊﾟﾅﾋﾞｱ ﾍﾞﾆｱLC ｽﾀｰﾀｰｷｯﾄ","ｸﾗﾚﾉﾘﾀｹﾃﾞﾝﾀﾙ","https://www.kuraraynoritake.jp/product/cements/images/panav5/sam_02.png",65
e9b6afc7-22aa-44f5-ab40-966fbcfa9eb9,"ﾊﾟﾅﾋﾞｱ ﾍﾞﾆｱLC ﾍﾟｰｽﾄ ﾌﾞﾘｰﾁ","ｸﾗﾚﾉﾘﾀｹﾃﾞﾝﾀﾙ","https://www.kuraraynoritake.jp/product/cements/images/index/sam_pana_lc.png",95
d19527c4-fb8b-465f-97eb-fd809672d666,"ﾊﾟﾅﾋﾞｱ ﾍﾞﾆｱLC ﾍﾟｰｽﾄ ﾌﾞﾘｰﾁ","ｸﾗﾚﾉﾘﾀｹﾃﾞﾝﾀﾙ","https://www.kuraraynoritake.jp/product/cements/images/index/sam_pana_lc.png",95
13b7dd60-e46d-4538-94ec-3476094363ac,"ﾊﾟﾅﾋﾞｱ ﾍﾞﾆｱLC ﾍﾟｰｽﾄ ﾕﾆﾊﾞｰｻﾙ","ｸﾗﾚﾉﾘﾀｹﾃﾞﾝﾀﾙ","https://www.kuraraynoritake.jp/product/cements/images/index/sam_pana_lc.png",95
67aa630c-9972-425a-bf4a-d25856353983,"ﾊﾟﾅﾋﾞｱ ﾍﾞﾆｱLC ﾍﾟｰｽﾄ ﾕﾆﾊﾞｰｻﾙ","ｸﾗﾚﾉﾘﾀｹﾃﾞﾝﾀﾙ","https://www.kuraraynoritake.jp/product/cements/images/index/sam_pana_lc.png",95
3e482b16-e3f3-46ac-84ea-1044e9c3410b,"ﾊﾟﾅﾋﾞｱ ﾍﾞﾆｱLC ﾕﾆﾊﾞｰｻﾙ","ｸﾗﾚﾉﾘﾀｹﾃﾞﾝﾀﾙ","https://www.kuraraynoritake.jp/product/cements/images/pana_lc/sam_lc.png",95
9939bd28-ee8a-4151-9108-46688c4f3ab1,"ﾊﾟﾅﾋﾞｱ ﾍﾞﾆｱLC ﾕﾆﾊﾞｰｻﾙ","ｸﾗﾚﾉﾘﾀｹﾃﾞﾝﾀﾙ","https://www.kuraraynoritake.jp/product/cements/images/pana_lc/sam_lc.png",95
899a5aa8-54d5-4c72-ade0-f101c729d6d1,"ﾊﾟﾅﾋﾞｱV5ｽﾀｰﾀｰｷｯﾄ(ﾕﾆﾊﾞｰｻﾙ)","ｸﾗﾚﾉﾘﾀｹﾃﾞﾝﾀﾙ","https://www.kuraraynoritake.jp/product/cements/images/panav5/sam_02.png",65
4db278e7-ee07-4070-98f0-4f7d56449991,"ﾊﾟﾅﾋﾞｱV5ﾄｩｰｽ ﾌﾟﾗｲﾏｰ","ｸﾗﾚﾉﾘﾀｹﾃﾞﾝﾀﾙ","https://www.kuraraynoritake.jp/product/cements/images/panav5/sam_06.png",65
ef4038cb-271d-4146-9a9f-4b8546592cff,"ﾊﾟﾅﾋﾞｱV5ﾄｩｰｽ ﾌﾟﾗｲﾏｰ","ｸﾗﾚﾉﾘﾀｹﾃﾞﾝﾀﾙ","https://www.kuraraynoritake.jp/product/cements/images/panav5/sam_06.png",65
1126bd7a-885d-4a1d-adac-64f573dbd3f0,"ﾊﾟﾅﾋﾞｱV5ﾍﾟｰｽﾄ(ﾕﾆﾊﾞｰｻﾙ)","ｸﾗﾚﾉﾘﾀｹﾃﾞﾝﾀﾙ","https://www.kuraraynoritake.jp/product/cements/images/panav5/sam_05.png",65
6a2466b0-d2b3-4855-9b9b-d14c9c5307e7,"ﾊﾟﾅﾋﾞｱV5ﾍﾟｰｽﾄ(ﾕﾆﾊﾞｰｻﾙ)","ｸﾗﾚﾉﾘﾀｹﾃﾞﾝﾀﾙ","https://www.kuraraynoritake.jp/product/cements/images/panav5/sam_05.png",65
910688a3-83e4-4a2d-859e-0b975a7676fc,"無痛ﾊﾞｷｭｰﾑﾁｯﾌﾟ2 ﾊﾞﾘｭｰﾊﾟｯｸ 21ｹ入","ｸﾛｰﾊﾞｰ","https://service.yoshida-dental.co.jp/s3images/ca/series/10747/images/10747_5801387807.jpg",101
90e1ba50-f97d-4f89-b3c4-7919d35fa609,"ﾁｯｶﾊﾞｲﾄ #4","ｹｰﾃﾞｨｴｽ","https://baseec-img-mng.akamaized.net/images/item/origin/06d5ed57787237df26feb65bc2c7ee07.jpg?imformat=generic&q=90&im=Resize,width=1200,type=normal",55
14056c93-6eeb-4f0d-b1da-aedb49c0f709,"ﾁｯｶﾊﾞｲﾄ #4","ｹｰﾃﾞｨｴｽ","https://baseec-img-mng.akamaized.net/images/item/origin/06d5ed57787237df26feb65bc2c7ee07.jpg?imformat=generic&q=90&im=Resize,width=1200,type=normal",55
9a493df2-4f85-4ddf-84ce-4e76ad3bfaef,"ｲﾝﾄﾗｵｰﾗﾙﾁｯﾌﾟ ﾄﾗﾝｽﾍﾟｱﾚﾝﾄ 0.6㎜ ﾚｯﾄﾞ用 中","ｹｯﾃﾝﾊﾞｯﾊ","https://www.shofu.co.jp/product/core_sys/images/contents/00001909/base/sn_001.jpg?1659474762",74
7493707e-7cf9-4d1a-be4c-dccdbe4edcf8,"ﾊﾟﾅｼﾞﾙ ｲﾆｼｬﾙｺﾝﾀｸﾄ Xﾗｲﾄ 3ｶｰﾄﾘｯｼﾞﾘﾌｨﾙ","ｹｯﾃﾝﾊﾞｯﾊ","https://d15ihgh2blymmz.cloudfront.net/uploads/item_image/4548188119856/4548188119856_1.jpg",55
9954d5d8-2e12-4520-b55b-7766f8fc7a25,"ﾊﾟﾅｼﾞﾙ ｲﾆｼｬﾙｺﾝﾀｸﾄ Xﾗｲﾄ 3ｶｰﾄﾘｯｼﾞﾘﾌｨﾙ","ｹｯﾃﾝﾊﾞｯﾊ","https://d15ihgh2blymmz.cloudfront.net/uploads/item_image/4548188119856/4548188119856_1.jpg",55
ed4c5375-f32c-4237-b164-ffdf18c0e3f3,"ﾊﾟﾅｼﾞﾙ ﾄﾚｰｿﾌﾄ 4ｶｰﾄﾘｯｼﾞﾘﾌｨﾙ 50mLX4","ｹｯﾃﾝﾊﾞｯﾊ","https://d15ihgh2blymmz.cloudfront.net/uploads/item_image/4548188119863/4548188119863_1.jpg",55
3ae25b55-30f9-419f-a73b-dd5f4a17ef1a,"ﾊﾟﾅｼﾞﾙ ﾄﾚｰｿﾌﾄ 4ｶｰﾄﾘｯｼﾞﾘﾌｨﾙ 50mLX4","ｹｯﾃﾝﾊﾞｯﾊ","https://d15ihgh2blymmz.cloudfront.net/uploads/item_image/4548188119863/4548188119863_1.jpg",55
4ec8c312-88be-49a9-ac56-5cbd90e2b046,"ﾊﾟﾅｼﾞﾙ ﾐｷｼﾝｸﾞﾁｯﾌﾟ φ4.0mm ﾚｯﾄﾞ 中 100ｹ","ｹｯﾃﾝﾊﾞｯﾊ","https://www.tokuyama-dental.co.jp/products/items/mixingchips.png",91
2698e374-0108-4fc4-a30b-cd0960d88ebe,"ﾊﾟﾅｼﾞﾙ ﾐｷｼﾝｸﾞﾁｯﾌﾟ φ4.0mm ﾚｯﾄﾞ 中 100ｹ","ｹｯﾃﾝﾊﾞｯﾊ","https://www.tokuyama-dental.co.jp/products/items/mixingchips.png",91
2c3e6c1f-3aad-458b-85ed-544cdfe39c4a,"ﾊﾟﾅｼﾞﾙ ﾐｷｼﾝｸﾞﾁｯﾌﾟ φ6.0mm ﾀﾞｰｸﾌﾞﾙｰ 大 100ｹ","ｹｯﾃﾝﾊﾞｯﾊ","https://www.tokuyama-dental.co.jp/products/items/mixingchips.png",91
c7fa5067-24e6-4846-86c2-69674905aa71,"ﾊﾟﾅｼﾞﾙ ﾐｷｼﾝｸﾞﾁｯﾌﾟ φ6.0mm ﾀﾞｰｸﾌﾞﾙｰ 大 100ｹ","ｹｯﾃﾝﾊﾞｯﾊ","https://www.tokuyama-dental.co.jp/products/items/mixingchips.png",91
c2bd7ffc-a43c-4402-a41d-de65a95c452f,"ｺｰﾊﾟｯｸ ﾊｰﾄﾞ&ﾌｧｰｽﾄ","ｺｰ","https://service.yoshida-dental.co.jp/s3images/ca/products/1869/images/%E3%82%B3%E3%83%BC%E3%83%91%E3%83%83%E3%82%AF_%E3%83%8F%E3%83%BC%E3%83%89%EF%BC%86%E3%83%95%E3%82%A1%E3%83%BC%E3%82%B9%E3%83%88%E3%82%BB%E3%83%83%E3%83%88_.jpg",96
97f838ca-b4a6-4ee0-bec2-b6391d06ef10,"ｺｰﾊﾟｯｸ ﾊｰﾄﾞ&ﾌｧｰｽﾄ","ｺｰ","https://service.yoshida-dental.co.jp/s3images/ca/products/1869/images/%E3%82%B3%E3%83%BC%E3%83%91%E3%83%83%E3%82%AF_%E3%83%8F%E3%83%BC%E3%83%89%EF%BC%86%E3%83%95%E3%82%A1%E3%83%BC%E3%82%B9%E3%83%88%E3%82%BB%E3%83%83%E3%83%88_.jpg",96
6df1bb2f-8f3d-47f7-ad28-ced25eee8ee7,"5341 ｾﾊﾟﾚｰﾃｨﾝｸﾞﾌｫｰｾｯﾌﾟｽ　7732674","ｺｰﾗｰ","https://d15ihgh2blymmz.cloudfront.net/uploads/item_image/4589898131301/4589898131301_1.jpg",55
d72546ef-5211-4c61-a522-aebc0022a628,"5341 ｾﾊﾟﾚｰﾃｨﾝｸﾞﾌｫｰｾｯﾌﾟｽ　7732674","ｺｰﾗｰ","https://d15ihgh2blymmz.cloudfront.net/uploads/item_image/4589898131301/4589898131301_1.jpg",55
77a2778c-a3c3-4942-b32e-6e8fad5f321c,"7129 ｴﾚﾍﾞｰﾀｰ 曲 3mm　7735784","ｺｰﾗｰ","https://d15ihgh2blymmz.cloudfront.net/uploads/item_image/2000000190297/2000000190297_1.jpg",55
0f50b766-95b6-4fc6-b441-4d5a5af47b90,"7129 ｴﾚﾍﾞｰﾀｰ 曲 3mm　7735784","ｺｰﾗｰ","https://papasalada.net/var/files/1/products_img/kohler/k-7129_d.jpg",55
83454216-1bec-45f4-b330-ec71c39ccdcb,"7131 ｴﾚﾍﾞｰﾀｰ 曲 5mm　7739391","ｺｰﾗｰ","https://www.itx.co.jp/files/products/dental_usa/201-00010.jpg",55
2c89af1e-779b-4515-8a1c-1fbfece072b5,"7131 ｴﾚﾍﾞｰﾀｰ 曲 5mm　7739391","ｺｰﾗｰ","https://auctions.c.yimg.jp/images.auctions.yahoo.co.jp/image/dr000/auc0109/user/ae4a2bc3097d290f3aac24cd8335a881d724bec21f8eaf53aae79c5c93fd973b/i-img1200x1200-17568826990651but0ed1596.jpg",55
97521f44-61ca-4f75-80c5-784f12f9b6ed,"ｺﾝﾎﾟｼﾞｯﾄ充填器 4831 ｺﾞｰﾙﾄﾞｽﾀｲﾝ3","ｺｰﾗｰ","https://d15ihgh2blymmz.cloudfront.net/uploads/item_image/4580532538883/4580532538883_1.jpg",55
c9e3ec77-8b8d-4578-887e-e647478dc4d0,"ｺﾝﾎﾟｼﾞｯﾄ充填器 4831 ｺﾞｰﾙﾄﾞｽﾀｲﾝ3","ｺｰﾗｰ","https://d15ihgh2blymmz.cloudfront.net/uploads/item_image/4580532538883/4580532538883_1.jpg",55
ba161e8c-27c7-437b-b859-e49f2ba9c919,"ETｶｰﾊﾞｲﾄﾊﾞｰ Q･ET6 1本入","ｺﾒｯﾄ","https://www.momose-dm.co.jp/wp-content/uploads/2016/04/QSeries.jpg",49
2248cb89-05db-41d7-bfd7-7036832aaeb6,"ETｶｰﾊﾞｲﾄﾊﾞｰ Q･ET6 1本入","ｺﾒｯﾄ","https://www.momose-dm.co.jp/wp-content/uploads/2016/04/QSeries.jpg",49
ae711e25-10f5-4a7e-a615-75847389d6ca,"MIｾﾗﾊﾞｰ K1SM CAﾛﾝｸﾞﾌﾟﾗｽﾁｯｸｹｰｽ入 ｷｯﾄ","ｺﾒｯﾄ","https://www.momose-dm.co.jp/wp-content/uploads/2023/07/K1SM_CP2023_ura.jpg",49
3ead9b23-759d-468b-86c1-3a400c50e33f,"MIｾﾗﾊﾞｰ K1SM CAﾛﾝｸﾞﾌﾟﾗｽﾁｯｸｹｰｽ入 ｷｯﾄ","ｺﾒｯﾄ","https://www.momose-dm.co.jp/wp-content/uploads/2023/07/K1SM_CP2023_ura.jpg",49
8caffb55-0ad0-4cdc-9cb0-51e99865cdc2,"ｶｰﾊﾞｲﾄﾊﾞｰ FGﾛﾝｸﾞ 5本入 #6","ｺﾒｯﾄ","https://shop.pdr.co.jp/g_images/series-10690/series-10690_01.jpg",80
ba055065-145d-41eb-b2ba-163077211123,"ｶｰﾊﾞｲﾄﾊﾞｰ FGﾛﾝｸﾞ 5本入 #6","ｺﾒｯﾄ","https://shop.pdr.co.jp/g_images/series-10596/series-10596_03.jpg",80
acf3aa14-de21-466e-a632-dbc49ee32804,"ｸﾗｳﾝｶｯﾀｰ H34-012 5本","ｺﾒｯﾄ","https://service.yoshida-dental.co.jp/s3images/ca/series/10032/images/861010_1a_.jpg",67
3f87f1c3-d7b7-4ffe-8ffb-0a26f4aaef4e,"ｸﾗｳﾝｶｯﾀｰ H34-012 5本","ｺﾒｯﾄ","https://service.yoshida-dental.co.jp/s3images/ca/series/10032/images/861010_1a_.jpg",67
0c633e12-95bf-4bea-a406-f9ba67ab9afb,"ｸﾗｳﾝｶｯﾀｰ H34-012 5本 ｶｰﾊﾞｲﾄﾞﾊﾞｰ","ｺﾒｯﾄ","https://service.yoshida-dental.co.jp/s3images/ca/series/10032/images/861010_1a_.jpg",67
ab1de9ce-99ee-442a-acc9-eacff69ca125,"ﾀﾞｲﾔﾊﾞｰFG LD2499 ｽﾃﾝﾚｽｹｰｽ 24入","ｺﾒｯﾄ","https://www.momose-dm.co.jp/wp-content/uploads/2024/02/diao_cp2024_compressed_page-0001-768x1077.jpg",49
417981c5-f7e5-456f-9f8b-a39a53c251aa,"ﾀﾞｲﾔﾊﾞｰFG LD2499 ｽﾃﾝﾚｽｹｰｽ 24入","ｺﾒｯﾄ","https://www.momose-dm.co.jp/wp-content/uploads/2024/02/diao_cp2024_compressed_page-0001.jpg",49
11cbf993-6ebb-492c-99c7-9a9d294aeb0b,"ﾏｲｸﾛﾌﾟﾚﾊﾟﾚｰｼｮﾝﾊﾞｰ(1本入)830M/012","ｺﾒｯﾄ","https://www.gc.dental/japan/sites/japan.gc.dental/files/styles/related_products/public/japan-migration/hmKUqZ0RKekp.jpg.webp?itok=QzAU1vAL",102
79c97309-d256-4b42-8374-0a2212062503,"ﾏｲｸﾛﾌﾟﾚﾊﾟﾚｰｼｮﾝﾊﾞｰ(1本入)830M/012","ｺﾒｯﾄ","https://www.gc.dental/japan/sites/japan.gc.dental/files/styles/related_products/public/japan-migration/hmKUqZ0RKekp.jpg.webp?itok=QzAU1vAL",102
d2fdb8a9-497a-4802-8550-66815fde28cc,"ﾒｯｼｭﾀﾞｲﾔﾓﾝﾄﾞｼﾞｽｸ HP #934-220 1本入","ｺﾒｯﾄ","https://www.ink.qa/public/uploads/all/zxyZW1IG6yvI3NvceXTPHxONvcGOdrOICkYr1Anu.jpg",55
a04dfe69-0bba-41de-bd0f-92adc98eea42,"ﾒｯｼｭﾀﾞｲﾔﾓﾝﾄﾞｼﾞｽｸ HP #934-220 1本入","ｺﾒｯﾄ","https://www.ink.qa/public/uploads/all/zxyZW1IG6yvI3NvceXTPHxONvcGOdrOICkYr1Anu.jpg",55
642ecb7f-2b97-4341-b6c1-a0e8d0a6995c,"ﾛﾝｸﾞｶｰﾊﾞｲﾄﾊﾞｰ CA #6 6本入","ｺﾒｯﾄ","https://d15ihgh2blymmz.cloudfront.net/uploads/item_image/4580532471692/4580532471692_1.jpg",55
4e4ceda0-1d4b-4775-86f5-ff26b868a08d,"ﾛﾝｸﾞｶｰﾊﾞｲﾄﾊﾞｰ CA #6 6本入","ｺﾒｯﾄ","https://d15ihgh2blymmz.cloudfront.net/uploads/item_image/4580532471692/4580532471692_1.jpg",55
7d1648fc-3a58-4502-ba32-e6d9a938be7a,"ﾛﾝｸﾞｶｰﾊﾞｲﾄﾊﾞｰ CA #8 5本入","ｺﾒｯﾄ","https://d15ihgh2blymmz.cloudfront.net/uploads/item_image/4580532471692/4580532471692_1.jpg",55
e955ff88-92d5-46ec-b700-9fb57b5ecb23,"ﾛﾝｸﾞｶｰﾊﾞｲﾄﾊﾞｰ CA #8 5本入","ｺﾒｯﾄ","https://d15ihgh2blymmz.cloudfront.net/uploads/item_image/4580532471692/4580532471692_1.jpg",55
8f64cc03-9066-41de-9e73-0d94b2a7c682,"ｵｰﾗﾙﾊﾞｲﾄ･ｽﾘﾑ 5本入","ｻﾞｲｺｱｲﾝﾀｰﾅｼｮﾅﾙ","https://m.media-amazon.com/images/I/4196inhafNL._AC_SS450_.jpg",65
aecc6e19-76d9-43f0-b7df-7d916901a14f,"ｵｰﾗﾙﾊﾞｲﾄ･ｽﾘﾑ 5本入","ｻﾞｲｺｱｲﾝﾀｰﾅｼｮﾅﾙ","https://m.media-amazon.com/images/I/4196inhafNL._AC_SS450_.jpg",65
2b2f2332-737c-4e33-b08e-939af7fb4128,"ｵｰﾗﾙﾊﾞｲﾄ･ﾜｲﾄﾞ 5本入","ｻﾞｲｺｱｲﾝﾀｰﾅｼｮﾅﾙ","https://www.matsuyoshi.co.jp/files/item/item-images/00046408_main.jpg",55
7c59d826-5d61-488c-bafd-f72aa2e09386,"ｵｰﾗﾙﾊﾞｲﾄ･ﾜｲﾄﾞ 5本入","ｻﾞｲｺｱｲﾝﾀｰﾅｼｮﾅﾙ","https://www.matsuyoshi.co.jp/files/item/item-images/00046408_main.jpg",55
cc694dca-c905-46c0-b433-1ad8583c8670,"ﾊﾞｷｭｰﾑﾁｯﾌﾟ VC-1S10 ﾌﾞﾙｰ","ｻｶｾ","https://shop.pdr.co.jp/g_images/series-11710/series-11710_02.jpg",80
fce31b15-71d5-4438-b2cf-05142b2cab2e,"ﾊﾞｷｭｰﾑﾁｯﾌﾟ VC-1S10 ﾌﾞﾙｰ","ｻｶｾ","https://shop.pdr.co.jp/g_images/series-11710/series-11710_02.jpg",80
d3d9668b-3668-4d99-8bf8-ac36eb7c5275,"ﾊﾞｷｭｰﾑﾁｯﾌﾟ VC-1S10 透明","ｻｶｾ","https://shop.pdr.co.jp/g_images/series-11710/series-11710_02.jpg",80
ffa27010-c16e-4074-91f0-398bb54cf899,"ﾊﾞｷｭｰﾑﾁｯﾌﾟ VC-1S10 透明","ｻｶｾ","https://shop.pdr.co.jp/g_images/series-11710/series-11710_02.jpg",80
8fb27d39-512c-4836-a527-0cd37e79e19a,"BDRﾁｯﾌﾟ TK1-1S 1本","ｻﾃﾚｯｸ","https://www.hakusui-trading.co.jp/wp-content/uploads/2020/05/824244-06.jpg",55
0bced0fc-1802-4e08-8a4f-3955b57866b9,"BDRﾁｯﾌﾟ TK1-1S 1本","ｻﾃﾚｯｸ","https://www.hakusui-trading.co.jp/wp-content/uploads/2020/05/824244-06.jpg",55
178da5b2-6951-4afa-8e98-d9471490d488,"URMﾍﾟﾘｵﾊｰﾄﾞﾁｯﾌﾟ H3 3本ﾊﾟｯｸ","ｻﾃﾚｯｸ","https://cdndental.feed.jp/contents/common/img/goods/item/5022206/5022206_L.jpg",55
1818dbeb-704b-4f0b-8ddf-0655119aabcb,"URMﾍﾟﾘｵﾊｰﾄﾞﾁｯﾌﾟ H3 3本ﾊﾟｯｸ","ｻﾃﾚｯｸ","https://cdndental.feed.jp/contents/common/img/goods/item/5022206/5022206_L.jpg",55
341d3bb7-dd6c-453e-a2d7-b8db07cd995a,"ｴﾝﾄﾞｻｸｾｽ ET-18D ﾁｯﾌﾟ","ｻﾃﾚｯｸ","https://www.hakusui-trading.co.jp/wp-content/uploads/2023/03/92328184-02.jpg",55
2e429d40-66f2-4b96-9877-d04ed4447e2e,"ｴﾝﾄﾞｻｸｾｽ ET-18D ﾁｯﾌﾟ","ｻﾃﾚｯｸ","https://www.hakusui-trading.co.jp/wp-content/uploads/2023/03/92328184-02.jpg",55
11ef6768-1130-4ec8-b26c-b67c714cd481,"ｴﾝﾄﾞｻｸｾｽ ｷｯﾄ","ｻﾃﾚｯｸ","https://www.hakusui-trading.co.jp/wp-content/uploads/2023/03/92328184-02.jpg",55
f6d0418c-7ef4-4497-b451-300c07d23493,"ｴﾝﾄﾞｻｸｾｽ ｷｯﾄ","ｻﾃﾚｯｸ","https://www.hakusui-trading.co.jp/wp-content/uploads/2023/03/92328184-02.jpg",55
8adc9726-af6e-451b-a7b6-8a9d74558a3f,"ｽﾌﾟﾗｿﾝP-MAX2 ﾗｲﾄ無 ﾀﾝｸ式注水ｼｽﾃﾑ付ｾｯﾄ","ｻﾃﾚｯｸ","https://www.hakusui-trading.co.jp/wp-content/uploads/2020/06/00822311_01.jpg",55
5f38fc93-294a-45e6-a860-ed133293066b,"ｽﾌﾟﾗｿﾝP-MAX2 ﾗｲﾄ無 ﾀﾝｸ式注水ｼｽﾃﾑ付ｾｯﾄ","ｻﾃﾚｯｸ","https://www.hakusui-trading.co.jp/wp-content/uploads/2020/06/00822311_01.jpg",55
f8014afd-2647-4e26-b500-00fe88bcfedc,"ｽﾌﾟﾗｿﾝﾁｯﾌﾟ #1","ｻﾃﾚｯｸ","https://auctions.c.yimg.jp/images.auctions.yahoo.co.jp/image/dr000/auc0311/users/0b74fdf14ed956032bae053be2cb74a54b6f85ad/i-img1200x1200-1669431571kyunfh228180.jpg",55
f5865d6e-4d0d-4612-a34e-19d5a785f78c,"ｽﾌﾟﾗｿﾝﾁｯﾌﾟ #1","ｻﾃﾚｯｸ","https://auctions.c.yimg.jp/images.auctions.yahoo.co.jp/image/dr000/auc0311/users/0b74fdf14ed956032bae053be2cb74a54b6f85ad/i-img1200x1200-1669431571kyunfh228180.jpg",55
d8ec7c99-1df4-4d2c-ab84-14c8eda4b12c,"ｽﾌﾟﾗｿﾝﾁｯﾌﾟ #10","ｻﾃﾚｯｸ","https://auctions.c.yimg.jp/images.auctions.yahoo.co.jp/image/dr000/auc0311/users/0b74fdf14ed956032bae053be2cb74a54b6f85ad/i-img1200x1200-1669431571kyunfh228180.jpg",55
010f7955-d096-40cf-85d1-1fc9ad6454f6,"ｽﾌﾟﾗｿﾝﾁｯﾌﾟ #10","ｻﾃﾚｯｸ","https://auctions.c.yimg.jp/images.auctions.yahoo.co.jp/image/dr000/auc0311/users/0b74fdf14ed956032bae053be2cb74a54b6f85ad/i-img1200x1200-1669431571kyunfh228180.jpg",55
ce5d156d-97bb-41d8-a37f-365ea968c711,"ｽﾌﾟﾗｿﾝﾁｯﾌﾟ #1S","ｻﾃﾚｯｸ","https://auctions.c.yimg.jp/images.auctions.yahoo.co.jp/image/dr000/auc0311/users/0b74fdf14ed956032bae053be2cb74a54b6f85ad/i-img1200x1200-1669431571kyunfh228180.jpg",55
acdd6f52-478e-479d-9c19-bf374fcb2286,"ﾁｯﾌﾟﾌﾟﾛﾃｸﾀｰ F81281","ｻﾃﾚｯｸ","https://auctions.afimg.jp/d1073492034/ya/image/d1073492034.1.jpg",55
0d9e011f-8975-4619-9033-20312065ab7a,"ﾁｯﾌﾟﾌﾟﾛﾃｸﾀｰ F81281","ｻﾃﾚｯｸ","https://d15ihgh2blymmz.cloudfront.net/uploads/item_image/4548188031714/4548188031714_1.jpg",55
09039f64-cb7d-4018-9032-89e98a26710c,"ﾊﾟｰﾌｪｸﾄﾏｰｼﾞﾝﾁｯﾌﾟ ｳﾙﾄﾗ PMU1","ｻﾃﾚｯｸ","https://www.hakusui-trading.co.jp/wp-content/uploads/2020/05/823681-05.jpg",55
c6e6d019-e592-4a18-87a7-6319ccd897d4,"ﾊﾟｰﾌｪｸﾄﾏｰｼﾞﾝﾁｯﾌﾟ ｳﾙﾄﾗ PMU1","ｻﾃﾚｯｸ","https://www.hakusui-trading.co.jp/wp-content/uploads/2020/05/823681-05.jpg",55
d1909690-2ac7-4751-a1c0-4c222fc9f9a4,"ﾍﾟﾘｵｿﾌﾄﾁｯﾌﾟ PH1","ｻﾃﾚｯｸ","https://auctions.c.yimg.jp/images.auctions.yahoo.co.jp/image/dr000/auc0404/users/e3dc79a02a9a12398ebd7d04ca20e97a51d7a7d4/i-img1200x1200-16805690113vvdtr292292.jpg",55
324e83bb-944c-4bfd-adec-12082a993099,"ﾍﾟﾘｵｿﾌﾄﾁｯﾌﾟ PH1","ｻﾃﾚｯｸ","https://auctions.c.yimg.jp/images.auctions.yahoo.co.jp/image/dr000/auc0404/users/e3dc79a02a9a12398ebd7d04ca20e97a51d7a7d4/i-img1200x1200-16805690113vvdtr292292.jpg",55
e100969f-a862-412a-8b9a-d5810ddae0c1,"ﾃﾞﾝﾃｨﾛﾜｲﾌﾟｽ容器のみ","ｻﾄｳｼｻﾞｲ","http://genki-sokai.net/html/upload/save_image_y010000-y014999/y012353-000-000.jpg",55
4cc6e3ad-9bcb-4af7-b849-bea419344b89,"ﾃﾞﾝﾃｨﾛﾜｲﾌﾟｽ容器のみ","ｻﾄｳｼｻﾞｲ","http://genki-sokai.net/html/upload/save_image_y010000-y014999/y012353-000-000.jpg",55
d9bb91cc-73f4-4fc2-b335-3ce29615c1d5,"いればこ君ｱｸｱ L ﾎﾜｲﾄ","ｻﾎﾟｰﾄ社","https://d15ihgh2blymmz.cloudfront.net/uploads/item_image/2000000922546/2000000922546_1.jpg",55
acf8b8e3-a6b6-4df4-8d90-8de6ff2f201f,"いればこ君ｱｸｱ L ﾎﾜｲﾄ","ｻﾎﾟｰﾄ社","https://d15ihgh2blymmz.cloudfront.net/uploads/item_image/2000000922546/2000000922546_1.jpg",55
08946c62-0d83-46ac-b4f5-1d99ea7f3d8e,"ｻﾝｺｰｼﾙｷｰﾌｨｯﾄPF 7.0 /10双　05559","ｻﾝｺｳｶｶﾞｸ","https://d15ihgh2blymmz.cloudfront.net/uploads/item_image/4901835025557/4901835025557_1.jpg",55
e6e43130-7478-4eef-931b-0d9f803d1698,"ｻﾝｺｰｼﾙｷｰﾌｨｯﾄPF 7.0 /10双　05559","ｻﾝｺｳｶｶﾞｸ","https://d15ihgh2blymmz.cloudfront.net/uploads/item_image/4901835025557/4901835025557_1.jpg",55
51c1e72e-820a-4f4c-af7b-53ca7ae7ec79,"ﾊﾞﾄﾗｰ ｲｰｼﾞｰｽﾚｯﾄﾞﾌﾛｽ","ｻﾝｽﾀｰ","https://m.media-amazon.com/images/I/61ZRBIUVAHL._AC_SL1500_.jpg",67
0ef17f93-bcae-4c20-8acb-a0adf50478ea,"ﾊﾞﾄﾗｰ ｲｰｼﾞｰｽﾚｯﾄﾞﾌﾛｽ","ｻﾝｽﾀｰ","https://d15ihgh2blymmz.cloudfront.net/uploads/item_image/4901616502284/4901616502284_1.jpg",55
48d5449b-2ed2-4f66-a713-70cb338e6737,"ﾊﾞﾄﾗｰ ｲｰｼﾞｰｽﾚｯﾄﾞﾌﾛｽ ｱﾝﾜｯｸｽ","ｻﾝｽﾀｰ","https://m.media-amazon.com/images/I/61ZRBIUVAHL._AC_SL1500_.jpg",67
cc3b9407-013a-429d-884f-abd1b38e96d8,"ﾊﾞﾄﾗｰ ｲｰｼﾞｰｽﾚｯﾄﾞﾌﾛｽ ｱﾝﾜｯｸｽ","ｻﾝｽﾀｰ","https://m.media-amazon.com/images/I/61ZRBIUVAHL._AC_SL1500_.jpg",67
942f7fa6-a313-440c-a08a-dc536406ba49,"ﾊﾞﾄﾗｰ ﾌﾛｰﾃﾞﾝﾌｫｰﾑA酸性2%","ｻﾝｽﾀｰ","https://cdn.shopify.com/s/files/1/0508/9706/0033/products/02160919_58a4f01be87c7_580x.jpg?v=1605253047",55
206b9871-32f1-4525-950a-bd74e5290aa6,"EVE ﾀﾞｲﾔｺﾑﾌﾟﾗｽﾂｲｽﾄ DT-DCP14f 1入","ｻﾝﾃﾞﾝﾀﾙ","https://shop.pdr.co.jp/g_images/series-11935/series-11935_03.jpg",80
3209f5e9-40df-4034-a89d-3a7ea59b9a26,"EVE ﾀﾞｲﾔｺﾑﾌﾟﾗｽﾂｲｽﾄ DT-DCP14f 1入　33094","ｻﾝﾃﾞﾝﾀﾙ","https://shop.pdr.co.jp/g_images/series-11935/series-11935_03.jpg",80
e6ae5120-a326-4c74-a22e-4b2d81697197,"EVE ﾀﾞｲﾔｺﾑﾌﾟﾗｽﾂｲｽﾄ DT-DCP14f 1入　33094","ｻﾝﾃﾞﾝﾀﾙ","https://shop.pdr.co.jp/g_images/series-11935/series-11935_03.jpg",80
6b384744-980f-445b-b2a1-efaaf5c162ef,"EVE ﾀﾞｲﾔｺﾑﾌﾟﾗｽﾂｲｽﾄ DT-DCP14m 1入","ｻﾝﾃﾞﾝﾀﾙ","https://uniomed.hu/image/cache/catalog/praxis/115464-600x600.jpg",55
c07edf57-722f-492b-98ed-f56fa416c763,"EVE ﾀﾞｲﾔｺﾑﾌﾟﾗｽﾂｲｽﾄ DT-DCP14m 1入　33093","ｻﾝﾃﾞﾝﾀﾙ","https://shop.pdr.co.jp/g_images/series-11935/series-11935_03.jpg",80
ead6f204-e796-466a-b881-216b03bdc579,"EVE ﾀﾞｲﾔｺﾑﾌﾟﾗｽﾂｲｽﾄ DT-DCP14m 1入　33093","ｻﾝﾃﾞﾝﾀﾙ","https://shop.pdr.co.jp/g_images/series-11935/series-11935_03.jpg",80
fd03ab0d-ad92-4b93-b963-55b8c2c1ec8e,"SD精製水 18L","ｻﾝﾃﾞﾝﾀﾙ","https://fordynet.fordy.jp/storage/products/product3504-20240417110507main_image.jpg",55
7ca0e246-7f2c-46a1-8f44-8a0f0fe36ccf,"SD精製水 18L","ｻﾝﾃﾞﾝﾀﾙ","https://fordynet.fordy.jp/storage/products/product3504-20240417110507main_image.jpg",55
b174f721-3051-4e97-9b21-d3c92a4ea4fe,"ｲﾝﾅｰｸﾞﾛｰﾌﾞ･ｼﾞｪﾙ 45g","ｻﾝﾃﾞﾝﾀﾙ","https://cdndental.feed.jp/contents/common/img/goods/item/6470629/6470629_L.jpg",55
da66921e-5150-4594-801f-35b8e89f9a1d,"ｲﾝﾅｰｸﾞﾛｰﾌﾞ･ｼﾞｪﾙ 45g","ｻﾝﾃﾞﾝﾀﾙ","https://cdndental.feed.jp/contents/common/img/goods/item/6470629/6470629_L.jpg",55
dd014e95-7a15-405b-a534-2b8de485bab1,"ｻﾑﾌﾚﾝﾄﾞ Neoﾐﾗｰのくもりどめ","ｻﾝﾃﾞﾝﾀﾙ","https://ic4-a.wowma.net/mi/gr/135/imgu-a.wowma.net/exu9/cb/5/24251013/1/mb/207547361_1.jpeg",55
3189f398-7b21-4c51-b881-7b15e05f2ee8,"ｻﾑﾌﾚﾝﾄﾞ Neoﾐﾗｰのくもりどめ","ｻﾝﾃﾞﾝﾀﾙ","https://ic4-a.wowma.net/mi/gr/135/imgu-a.wowma.net/exu9/cb/5/24251013/1/mb/207547361_1.jpeg",55
6fa3c6b7-d02c-4d9d-9284-a9e1ba92db57,"ｻﾑﾌﾚﾝﾄﾞﾊﾌﾞﾗｼ #21 BASIC MEDIUM　30本入","ｻﾝﾃﾞﾝﾀﾙ","https://d1wdpa3etmuwz6.cloudfront.net/media/catalog/product/cache/1/image/1800x/040ec09b1e35df139433887a97daa66f/2/0/204310031001_002.png",55
b8efdbfa-1ec7-4a1a-b61c-e775dbcf8fc1,"ｻﾑﾌﾚﾝﾄﾞﾊﾌﾞﾗｼ #21 BASIC MEDIUM　30本入","ｻﾝﾃﾞﾝﾀﾙ","https://d1wdpa3etmuwz6.cloudfront.net/media/catalog/product/cache/1/image/1800x/040ec09b1e35df139433887a97daa66f/2/0/204310031001_002.png",55
5ba0a71c-42a2-403e-98e7-4397697eaba8,"ﾌﾟﾛｷｼｿﾌﾄ 3in1 ﾌﾛｽ 100入","ｻﾝﾃﾞﾝﾀﾙ","https://tshop.r10s.jp/emon-otodoke/cabinet/00728702/09023517/imgrc0089259120.jpg?fitin=720:720",75
21cbf915-3f8e-4ce1-9602-219168e41607,"ﾗﾊﾞﾗｯｸﾑｰｽ 家庭用 200mL","ｻﾝﾃﾞﾝﾀﾙ","https://cdn.askul.co.jp/img/product/3L1/RA18064_3L1.jpg",55
cfb7e4c6-add8-484b-af25-b05d4b095a18,"ﾗﾊﾞﾗｯｸﾑｰｽ 家庭用 200mL","ｻﾝﾃﾞﾝﾀﾙ","https://cdn.askul.co.jp/img/product/3L1/RA18064_3L1.jpg",55
d7e23d9c-4600-4475-ba9c-bb1b7c87d0b5,"湯器ちゃん","ｻﾝﾃﾞﾝﾀﾙ","https://d15ihgh2blymmz.cloudfront.net/uploads/item_image/4582341320123/4582341320123_1.jpg",55
d3643afb-43c8-41b8-9cb7-d899493db0ab,"湯器ちゃん","ｻﾝﾃﾞﾝﾀﾙ","https://d15ihgh2blymmz.cloudfront.net/uploads/item_image/4582341320123/4582341320123_1.jpg",55
cf5ce7ae-0840-4503-a8f3-ae43f4baed97,"M&Cﾌﾟﾗｲﾏｰ ｾｯﾄ","ｻﾝﾒﾃﾞｨｶﾙ","https://d15ihgh2blymmz.cloudfront.net/uploads/item_image/4560227802024/4560227802024_1.jpg",55
dcf2b138-b002-488f-b460-26597960a8b4,"MSｺｰﾄ Hysﾌﾞﾛｯｸｼﾞｪﾙ","ｻﾝﾒﾃﾞｨｶﾙ","https://d15ihgh2blymmz.cloudfront.net/uploads/item_image/4560227802277/4560227802277_1.jpg",55
a033d18d-17d4-4cac-9dfc-6ea24cac2fc8,"MSｺｰﾄ Hysﾌﾞﾛｯｸｼﾞｪﾙ","ｻﾝﾒﾃﾞｨｶﾙ","https://d15ihgh2blymmz.cloudfront.net/uploads/item_image/4560227802277/4560227802277_1.jpg",55
5a722e18-26a1-4c30-b229-2aa079a26c8e,"ｳｫｯｼｬﾌﾞﾙ ｾｯﾌﾟ 10mL","ｻﾝﾒﾃﾞｨｶﾙ","https://d15ihgh2blymmz.cloudfront.net/uploads/item_image/4560227798600/4560227798600_1.jpg",55
4084009c-2af5-4243-91c9-3083a4782854,"ｳｫｯｼｬﾌﾞﾙ ｾｯﾌﾟ 10mL","ｻﾝﾒﾃﾞｨｶﾙ","https://d15ihgh2blymmz.cloudfront.net/uploads/item_image/4560227798600/4560227798600_1.jpg",55
831a9f9c-cf3e-42a9-bb3b-01b460c490cc,"ｽｰﾊﾟｰﾎﾞﾝﾄﾞ EXﾎﾟﾘﾏｰ粉末 EXﾃｨｰｽｶﾗｰ3g","ｻﾝﾒﾃﾞｨｶﾙ","https://cdndental.feed.jp/contents/common/img/goods/item/2243462/2243462_L.jpg",55
7e2323a7-ef4c-457f-b388-14f30270ecab,"ｽｰﾊﾟｰﾎﾞﾝﾄﾞ EXﾎﾟﾘﾏｰ粉末 EXﾃｨｰｽｶﾗｰ3g","ｻﾝﾒﾃﾞｨｶﾙ","https://maiplemedical.com/cdn/shop/products/03111224_56e23a64e85ae_580x.jpg?v=1605259625",55
95f0f46b-3fdb-4771-ab7a-af61558badea,"ｽｰﾊﾟｰﾎﾞﾝﾄﾞ ｷｬﾀﾘｽﾄV","ｻﾝﾒﾃﾞｨｶﾙ","https://auctions.c.yimg.jp/images.auctions.yahoo.co.jp/image/dr000/auc0411/users/b87057fdd58de0c64fdaa22a87b21108bc48a28c/i-img1198x898-1699357842tkxwnz254736.jpg",50
f282bbd3-ea6c-4bf6-8dad-1a3dcd76fc80,"ｽｰﾊﾟｰﾎﾞﾝﾄﾞ ｷｬﾀﾘｽﾄV","ｻﾝﾒﾃﾞｨｶﾙ","https://auctions.c.yimg.jp/images.auctions.yahoo.co.jp/image/dr000/auc0411/users/b87057fdd58de0c64fdaa22a87b21108bc48a28c/i-img1198x898-1699357842tkxwnz254736.jpg",50
3013a209-cb57-49b5-ad5d-5378e68cf4b3,"ｽｰﾊﾟｰﾎﾞﾝﾄﾞ ｽﾎﾟﾝｼﾞ","ｻﾝﾒﾃﾞｨｶﾙ","https://www.sunmedical.co.jp/product/superbondex/ex/img/keyvisual_index_001_sp.jpg",49
931970f3-5583-4067-99f4-f9f17bfb8156,"ｽｰﾊﾟｰﾎﾞﾝﾄﾞ ｽﾎﾟﾝｼﾞ","ｻﾝﾒﾃﾞｨｶﾙ","https://www.sunmedical.co.jp/product/superbondex/ex/img/keyvisual_index_001_sp.jpg",49
1722e1de-6989-43e0-8522-4192c046e11c,"ｽｰﾊﾟｰﾎﾞﾝﾄﾞ ｽﾎﾟﾝｼﾞ（L・S）","ｻﾝﾒﾃﾞｨｶﾙ","https://www.sunmedical.co.jp/product/superbondex/ex/img/keyvisual_index_001_sp.jpg",49
cc091dc2-ffa3-4e06-be86-63d137bffecf,"ｽｰﾊﾟｰﾎﾞﾝﾄﾞ ｽﾎﾟﾝｼﾞ（L・S）","ｻﾝﾒﾃﾞｨｶﾙ","https://www.sunmedical.co.jp/product/superbondex/ex/img/keyvisual_index_001_sp.jpg",49
a43025f6-b747-4a1e-8bb5-5b8aeb2d7bae,"ｽｰﾊﾟｰﾎﾞﾝﾄﾞ ﾃﾞｨｽﾎﾟﾀﾞｯﾍﾟﾝｶｯﾌﾟ 40枚","ｻﾝﾒﾃﾞｨｶﾙ","https://d1wdpa3etmuwz6.cloudfront.net/media/catalog/product/cache/1/image/9df78eab33525d08d6e5fb8d27136e95/2/0/204496135001_001.png",55
9bf7caf7-cfc7-4bfd-a6d2-3a3d963f2e9e,"ｽｰﾊﾟｰﾎﾞﾝﾄﾞ ﾎﾟﾘﾏｰ粉末 3g 筆積ｸﾘｱ","ｻﾝﾒﾃﾞｨｶﾙ","https://maiplemedical.com/cdn/shop/products/12011028_565cf7b7ecf7b_1024x1024@2x.jpg?v=1605260364",55
cc26392d-bbc0-424a-844e-99c17508c265,"ｽｰﾊﾟｰﾎﾞﾝﾄﾞ ﾎﾟﾘﾏｰ粉末 3g 筆積ｸﾘｱ","ｻﾝﾒﾃﾞｨｶﾙ","https://maiplemedical.com/cdn/shop/products/12011028_565cf7b7ecf7b_1024x1024@2x.jpg?v=1605260364",55
f3846136-c4ea-4a63-ba8f-9234bcb1bc12,"ｽｰﾊﾟｰﾎﾞﾝﾄﾞ ﾓﾉﾏｰ液 10mL","ｻﾝﾒﾃﾞｨｶﾙ","https://shop.r10s.jp/genki-sokai/cabinet/m_y040000-y044999/s_3600/y043611-000-000.jpg",55
741f61d5-8c95-4749-bca9-dd2d9176ead1,"ｽｰﾊﾟｰﾎﾞﾝﾄﾞ ﾓﾉﾏｰ液 10mL","ｻﾝﾒﾃﾞｨｶﾙ","https://shop.r10s.jp/genki-sokai/cabinet/m_y040000-y044999/s_3600/y043611-000-000.jpg",55
64ce3d73-8dca-45f7-b5db-9e7a42b5e153,"ｽｰﾊﾟｰﾎﾞﾝﾄﾞ 筆積ｾｯﾄ","ｻﾝﾒﾃﾞｨｶﾙ","https://maiplemedical.com/cdn/shop/products/03150947_56e75bac62b16_580x.jpg?v=1605250364",55
bab0c244-14de-4119-94b2-97d4d72333eb,"ｽｰﾊﾟｰﾎﾞﾝﾄﾞ 筆積ｾｯﾄ","ｻﾝﾒﾃﾞｨｶﾙ","https://maiplemedical.com/cdn/shop/products/03150947_56e75bac62b16_580x.jpg?v=1605250364",55
fffb78e4-ab3e-4645-95ef-75024cfc66a2,"ｽｰﾊﾟｰﾎﾞﾝﾄﾞ 筆積混和SEｾｯﾄ","ｻﾝﾒﾃﾞｨｶﾙ","https://maiplemedical.com/cdn/shop/products/03150947_56e75bac62b16_580x.jpg?v=1605250364",55
1b67d300-5942-484e-a988-22ac0aaaeb95,"ｽｰﾊﾟｰﾎﾞﾝﾄﾞ 筆積混和SEｾｯﾄ","ｻﾝﾒﾃﾞｨｶﾙ","https://maiplemedical.com/cdn/shop/products/03150947_56e75bac62b16_580x.jpg?v=1605250364",55
708d921e-f1bb-48b6-811c-5789d5ca234d,"ｽｰﾊﾟｰﾎﾞﾝﾄﾞ 計量ｽﾌﾟｰﾝｽﾀﾝﾀﾞｰﾄﾞ","ｻﾝﾒﾃﾞｨｶﾙ","https://shop.r10s.jp/genki-sokai/cabinet/m_y040000-y044999/s_3600/y043615-000-000.jpg",55
6815932f-1a30-4de9-94d6-c36fadb39afc,"ｽｰﾊﾟｰﾎﾞﾝﾄﾞ 計量ｽﾌﾟｰﾝｽﾀﾝﾀﾞｰﾄﾞ","ｻﾝﾒﾃﾞｨｶﾙ","https://shop.r10s.jp/genki-sokai/cabinet/m_y040000-y044999/s_3600/y043615-000-000.jpg",55
d3891d8f-d229-43e5-8d07-36bf89c95a6f,"ｽｰﾊﾟｰﾎﾞﾝﾄﾞC&Bﾎﾟﾘﾏｰ粉末 3G ｸﾘｱ","ｻﾝﾒﾃﾞｨｶﾙ","https://maiplemedical.com/cdn/shop/products/12011028_565cf7b7ecf7b_1024x1024@2x.jpg?v=1605260364",55
8815b79d-aaa0-4331-91b4-824507f3fed1,"ｽｰﾊﾟｰﾎﾞﾝﾄﾞC&Bﾎﾟﾘﾏｰ粉末 3G ｸﾘｱ","ｻﾝﾒﾃﾞｨｶﾙ","https://maiplemedical.com/cdn/shop/products/12011028_565cf7b7ecf7b_1024x1024@2x.jpg?v=1605260364",55
570acc8c-c242-4098-aced-d8e695b2bfaf,"ｽｰﾊﾟｰﾎﾞﾝﾄﾞEX ﾎﾟﾘﾏｰ粉末 EXｸﾘｱ 3g","ｻﾝﾒﾃﾞｨｶﾙ","https://maiplemedical.com/cdn/shop/products/12011028_565cf7b7ecf7b_1024x1024@2x.jpg?v=1605260364",55
957b4281-70d5-479d-aeab-6684bf2d31cd,"ｽｰﾊﾟｰﾎﾞﾝﾄﾞEX ﾎﾟﾘﾏｰ粉末 EXｸﾘｱ 3g","ｻﾝﾒﾃﾞｨｶﾙ","https://maiplemedical.com/cdn/shop/products/12011028_565cf7b7ecf7b_1024x1024@2x.jpg?v=1605260364",55
0a64b7ae-5a69-4652-b1f1-d9bc48cc8f5e,"ｽｰﾊﾟｰﾎﾞﾝﾄﾞEXﾎﾟﾘﾏｰ粉末EXﾃｨｰｽｶﾗｰ3g","ｻﾝﾒﾃﾞｨｶﾙ","https://maiplemedical.com/cdn/shop/products/03111224_56e23a64e85ae_580x.jpg?v=1605259625",55
69afba99-549c-4fc6-99f5-61a27fef9412,"ｽｰﾊﾟｰﾎﾞﾝﾄﾞｸｲｯｸ ﾓﾉﾏｰ液 10ml","ｻﾝﾒﾃﾞｨｶﾙ","https://shop.r10s.jp/genki-sokai/cabinet/m_y040000-y044999/s_3600/y043611-000-000.jpg",55
27e53b44-a492-40c6-8aec-49c0472a2203,"ｽｰﾊﾟｰﾎﾞﾝﾄﾞｸｲｯｸ ﾓﾉﾏｰ液 10ml","ｻﾝﾒﾃﾞｨｶﾙ","https://shop.r10s.jp/genki-sokai/cabinet/m_y040000-y044999/s_3600/y043611-000-000.jpg",55
2e552f05-15fb-4b74-98c0-9614aef9197f,"ｽｰﾊﾟｰﾎﾞﾝﾄﾞ表面処理剤高粘度Rｼﾘﾝｼﾞ","ｻﾝﾒﾃﾞｨｶﾙ","https://maiplemedical.com/cdn/shop/products/03110958_56e2183714a3e_580x.jpg?v=1605255651",55
37f45809-35e2-4e4d-ac92-12e091cf74c7,"ｽｰﾊﾟｰﾎﾞﾝﾄﾞ表面処理剤高粘度Rｼﾘﾝｼﾞ","ｻﾝﾒﾃﾞｨｶﾙ","https://maiplemedical.com/cdn/shop/products/03110958_56e2183714a3e_580x.jpg?v=1605255651",55
ba34fdbd-76d4-43a9-a6c3-8e2b47bf386f,"ｽｰﾊﾟｰﾎﾞﾝﾄﾞ表面処理材ｸﾞﾘｰﾝ 5ML","ｻﾝﾒﾃﾞｨｶﾙ","https://shop.r10s.jp/genki-sokai/cabinet/m_y040000-y044999/s_3600/y043612-000-000.jpg",55
6a6d3d87-f446-4128-920b-5e6a3a495186,"ｽｰﾊﾟｰﾎﾞﾝﾄﾞ表面処理材ｸﾞﾘｰﾝ 5ML","ｻﾝﾒﾃﾞｨｶﾙ","https://shop.r10s.jp/genki-sokai/cabinet/m_y040000-y044999/s_3600/y043612-000-000.jpg",55
7afbe69d-9f01-42c4-b7f0-a603d12ab3fb,"ｽｰﾊﾟｰﾎﾞﾝﾄﾞ表面処理材ﾚｯﾄﾞ 5ML","ｻﾝﾒﾃﾞｨｶﾙ","https://shop.r10s.jp/genki-sokai/cabinet/m_y040000-y044999/s_3600/y043613-000-000.jpg",55
29031c2e-d417-45d7-9cb3-b5feb9f41175,"ｽｰﾊﾟｰﾎﾞﾝﾄﾞ表面処理材ﾚｯﾄﾞ 5ML","ｻﾝﾒﾃﾞｨｶﾙ","https://shop.r10s.jp/genki-sokai/cabinet/m_y040000-y044999/s_3600/y043613-000-000.jpg",55
c6217474-dec1-4f1a-844f-2962a786301c,"ﾃｨｰｽﾌﾟﾗｲﾏｰ 3mL","ｻﾝﾒﾃﾞｨｶﾙ","https://d15ihgh2blymmz.cloudfront.net/uploads/item_image/4560227796484/4560227796484_1.jpg",55
5298b080-35a0-4b00-99db-f36f49998766,"ﾃｨｰｽﾌﾟﾗｲﾏｰ 3mL","ｻﾝﾒﾃﾞｨｶﾙ","https://d15ihgh2blymmz.cloudfront.net/uploads/item_image/4560227796484/4560227796484_1.jpg",55
50f54925-a24b-4a40-b19d-98164da65caa,"ﾃﾞｨｽﾎﾟﾁｯﾌﾟ 筆積3L(ｵﾚﾝｼﾞ)","ｻﾝﾒﾃﾞｨｶﾙ","https://d1wdpa3etmuwz6.cloudfront.net/media/catalog/product/cache/1/image/9df78eab33525d08d6e5fb8d27136e95/2/0/204479513001_001.png",55
89482cbc-eda7-4130-a784-6e7b423100c7,"ﾃﾞｨｽﾎﾟﾁｯﾌﾟ混和(青)10入","ｻﾝﾒﾃﾞｨｶﾙ","https://d1wdpa3etmuwz6.cloudfront.net/media/catalog/product/cache/1/image/9df78eab33525d08d6e5fb8d27136e95/2/0/204479511001_001.png",55
9dd0b82b-1c4b-4aea-8fe2-8b72018042fd,"ﾃﾞｨｽﾎﾟﾁｯﾌﾟ筆積L(ﾋﾟﾝｸ)10入","ｻﾝﾒﾃﾞｨｶﾙ","https://d1wdpa3etmuwz6.cloudfront.net/media/catalog/product/cache/1/image/9df78eab33525d08d6e5fb8d27136e95/2/0/204479513001_001.png",55
0b143888-281b-4f51-b647-74b3c03b0815,"ﾃﾞｨｽﾎﾟﾁｯﾌﾟ筆積L(ﾋﾟﾝｸ)10入","ｻﾝﾒﾃﾞｨｶﾙ","https://d1wdpa3etmuwz6.cloudfront.net/media/catalog/product/cache/1/image/9df78eab33525d08d6e5fb8d27136e95/2/0/204479513001_001.png",55
3cce3a96-4c02-477a-a57b-9db9971e2ef4,"ﾃﾞｨｽﾎﾟﾁｯﾌﾟ筆積LL(紫)10入","ｻﾝﾒﾃﾞｨｶﾙ","https://d1wdpa3etmuwz6.cloudfront.net/media/catalog/product/cache/1/image/9df78eab33525d08d6e5fb8d27136e95/2/0/204479513001_001.png",55
0e34c327-772d-4cbf-af60-b08182052762,"ﾃﾞｨｽﾎﾟﾁｯﾌﾟ筆積LL(紫)10入","ｻﾝﾒﾃﾞｨｶﾙ","https://d1wdpa3etmuwz6.cloudfront.net/media/catalog/product/cache/1/image/9df78eab33525d08d6e5fb8d27136e95/2/0/204479513001_001.png",55
e2a3b783-24ec-43bf-ba84-ebc6cfad2e24,"ﾊｲﾌﾞﾘｯﾄﾞｺｰﾄⅡ ﾘｷｯﾄﾞ 5mL","ｻﾝﾒﾃﾞｨｶﾙ","https://maiplemedical.com/cdn/shop/products/03141012_56e60fedf04e7_580x.jpg?v=1605255666",55
50d1c51e-a91c-4ef6-a4ef-a6485cb30566,"ﾊｲﾌﾞﾘｯﾄﾞｺｰﾄⅡ ﾘｷｯﾄﾞ 5mL","ｻﾝﾒﾃﾞｨｶﾙ","https://www.sunmedical.co.jp/product/desensitizer/hybrid_coat2/img/keyvisual_index_001_sp.jpg",49
13af09f3-d268-4aaa-97a9-2abcfe220ebf,"ﾎﾞﾝﾄﾞﾌｨﾙSB Ⅱ 液材 8mL","ｻﾝﾒﾃﾞｨｶﾙ","https://maiplemedical.com/cdn/shop/products/03111108_56e22893356af_580x.jpg?v=1605260045",55
17162260-0b91-4dbf-8d5b-37a19bcaa464,"ﾎﾞﾝﾄﾞﾌｨﾙSB Ⅱ 液材 8mL","ｻﾝﾒﾃﾞｨｶﾙ","https://maiplemedical.com/cdn/shop/products/03111108_56e22893356af_580x.jpg?v=1605260045",55
70510864-f617-470b-9123-d9d8674ae96d,"ﾎﾞﾝﾄﾞﾌｨﾙSB Ⅱ 粉材ﾏﾙﾁ3g","ｻﾝﾒﾃﾞｨｶﾙ","https://maiplemedical.com/cdn/shop/products/03111134_56e22e9db292a_1024x1024@2x.jpg?v=1605260393",55
6444c019-e2bd-4354-a9f0-644ea7f52f5c,"AMﾌｧｲﾙ 21mm #15 4本入","ｻﾝﾚｯｸ","https://www.hakusui-trading.co.jp/wp-content/uploads/2025/12/92328271-01.jpg",55
ce319613-9089-4e17-af7d-e5a046ac39f0,"AMﾌｧｲﾙ 21mm #15 4本入","ｻﾝﾚｯｸ","https://www.hakusui-trading.co.jp/wp-content/uploads/2025/12/92328271-01.jpg",55
a8e6e347-5b95-4e9f-a118-d269148b2788,"AMﾌｧｲﾙ 21mm #25 4本入","ｻﾝﾚｯｸ","https://www.hakusui-trading.co.jp/wp-content/uploads/2025/12/92328271-01.jpg",55
b3b3ae3c-2bd9-4596-915b-ec6289fd6413,"AMﾌｧｲﾙ 21mm #25 4本入","ｻﾝﾚｯｸ","https://www.dentganga.com/public/storage/images/product/main_image/k-file-21mm-251654080285.jpg",55
5d9a7bab-d663-4c89-97db-80b92be0ed60,"AMﾌｧｲﾙ 25mm #15 4本入","ｻﾝﾚｯｸ","https://d15ihgh2blymmz.cloudfront.net/uploads/item_image/4548188031745/4548188031745_1.jpg",55
2ace6cc4-4795-4644-bca9-a4b5148439ad,"AMﾌｧｲﾙ 25mm #15 4本入","ｻﾝﾚｯｸ","https://d15ihgh2blymmz.cloudfront.net/uploads/item_image/4580532550984/4580532550984_1.jpg",55
55f2c764-f0d4-4bc5-9d07-f07ccf05eaff,"ｽﾌﾟﾗｿﾝﾁｯﾌﾟ#3","ｻﾝﾚｯｸ","https://www.hakusui-trading.co.jp/wp-content/uploads/2020/05/444101-04-1024x1024.jpg",55
3c0b6102-cc6d-46d9-8927-d43141fcfd0e,"ｽﾌﾟﾗｿﾝﾁｯﾌﾟ#3","ｻﾝﾚｯｸ","https://www.hakusui-trading.co.jp/wp-content/uploads/2020/05/444101-04-1024x1024.jpg",55
fc086e08-f7a5-4b7e-840c-84e2f4b35e83,"ﾓﾆﾀｰｱｰﾑ CR-LA354","ｻﾝﾜｻﾌﾟﾗｲ","https://auctions.c.yimg.jp/images.auctions.yahoo.co.jp/image/dr000/auc0403/users/7cc358250a42eb0f536129ba54a4b588c0835aa1/i-img1200x1200-1677724911xumjnj458117.jpg",55
33ce8e5e-905d-4967-b582-971586c5ba81,"ﾓﾆﾀｰｱｰﾑ CR-LA354","ｻﾝﾜｻﾌﾟﾗｲ","https://auctions.c.yimg.jp/images.auctions.yahoo.co.jp/image/dr000/auc0403/users/7cc358250a42eb0f536129ba54a4b588c0835aa1/i-img1200x1200-1677724911xumjnj458117.jpg",55
b7086e5a-6a82-44f7-b8fe-5a5c7a5eca13,"8010320　CI32 ふつう1箱（100本/ｱｿｰﾄ）","ｼｰｱｲ","https://shop.r10s.jp/d-fit/cabinet/2025_1210_100b/kirikae3/oooo77.jpg",55
e722e34c-6cb4-4156-9b95-c93c3c96c965,"8010320　CI32 ふつう1箱（100本/ｱｿｰﾄ）","ｼｰｱｲ","https://shop.r10s.jp/d-fit/cabinet/2025_1210_100b/kirikae3/oooo77.jpg",55
ef27ae0e-01e2-4239-bde1-f78e397740e7,"BIZ ﾔﾝｸﾞﾌﾟﾗｲﾔｰ 7248","ｼｰｱｲ","https://d15ihgh2blymmz.cloudfront.net/uploads/item_image/4571259063581/4571259063581_1.jpg",55
b7a9110b-c18f-4939-8f20-c42a5b51c361,"BIZ ﾔﾝｸﾞﾌﾟﾗｲﾔｰ 7248","ｼｰｱｲ","https://d15ihgh2blymmz.cloudfront.net/uploads/item_image/4571259063581/4571259063581_1.jpg",55
147f5035-9f5d-4045-9b43-9c402ac2854c,"BIZ ﾘﾑﾛｯｸﾄﾚｰ 上顎前歯用 1個　10267","ｼｰｱｲ","https://shop.pdr.co.jp/g_images/series-11507/series-11507_03.jpg",80
4949b94f-55de-4ea2-9b6f-045dd9ef2467,"BIZ ﾘﾑﾛｯｸﾄﾚｰ 上顎前歯用 1個　10267","ｼｰｱｲ","https://shop.pdr.co.jp/g_images/series-11507/series-11507_03.jpg",80
f2539eea-ebd8-4c35-acc3-457b77c059de,"BIZ ﾘﾑﾛｯｸﾄﾚｰ 下顎前歯用 1個　10266","ｼｰｱｲ","https://d15ihgh2blymmz.cloudfront.net/uploads/item_image/4562324640905/4562324640905_1.jpg",55
6e0a7acd-1845-4c3c-b112-7b6acc4e1105,"BIZ ﾘﾑﾛｯｸﾄﾚｰ 下顎前歯用 1個　10266","ｼｰｱｲ","https://d15ihgh2blymmz.cloudfront.net/uploads/item_image/4571259060764/4571259060764_1.jpg",55
2a94ca30-4bea-4db1-b4c9-0ca80ed585b8,"BND ﾘﾄﾗｸﾀｰ 両頭ﾘｯﾌﾟﾘﾄﾗｸﾀｰ ｽﾀﾝﾀﾞｰﾄﾞ　112052","ｼｰｱｲ","https://d15ihgh2blymmz.cloudfront.net/uploads/item_image/4580532548660/4580532548660_1.jpg",55
7ac86c9d-7cef-49d4-a222-cb42919950f7,"CI SMSﾄﾞﾚｰﾌﾟ穴なし60×60 107750","ｼｰｱｲ","https://d15ihgh2blymmz.cloudfront.net/uploads/item_image/4589898158032/4589898158032_2.jpg",55
b996e05c-2db6-4800-a926-72412d740abe,"CI SMSﾄﾞﾚｰﾌﾟ穴なし60×60 107750","ｼｰｱｲ","https://d15ihgh2blymmz.cloudfront.net/uploads/item_image/4589898158032/4589898158032_2.jpg",55
b9935827-3cd2-48e9-aa27-309c4dea5d96,"CI ｺｯﾄﾝﾎﾞｰﾙ No.1.5 3.5mm 10箱　8007","ｼｰｱｲ","https://d15ihgh2blymmz.cloudfront.net/uploads/item_image/2000000006222/2000000006222_1.jpg",55
37401cfc-fff0-41a0-b1d8-4b41a5730282,"CI ｺｯﾄﾝﾎﾞｰﾙ No.1.5 3.5mm 10箱　8007","ｼｰｱｲ","https://d15ihgh2blymmz.cloudfront.net/uploads/item_image/2000000006222/2000000006222_1.jpg",55
42787785-4553-447e-8bfe-b8edd7fc1ad7,"CI ｺｯﾄﾝﾎﾞｰﾙ NO.3 5mm 10箱","ｼｰｱｲ","https://d15ihgh2blymmz.cloudfront.net/uploads/item_image/2000000006215/2000000006215_1.jpg",55
dbc80bba-d2cf-4e7d-8012-2c8373c339bf,"CI ｺｯﾄﾝﾎﾞｰﾙ NO.3 5mm 10箱","ｼｰｱｲ","https://d15ihgh2blymmz.cloudfront.net/uploads/item_image/2000000006215/2000000006215_1.jpg",55
5041a79a-3e93-4f51-b901-cd78b1acac67,"CI ｺｯﾄﾝﾎﾞｰﾙ NO.3 5mm 1袋　8018","ｼｰｱｲ","https://d15ihgh2blymmz.cloudfront.net/uploads/item_image/2000000006215/2000000006215_1.jpg",55
e629b6c4-a45f-4876-b2d2-d418ab9ccdc1,"CI ｺｯﾄﾝﾎﾞｰﾙ NO.3 5mm 1袋　8018","ｼｰｱｲ","https://d15ihgh2blymmz.cloudfront.net/uploads/item_image/2000000006215/2000000006215_1.jpg",55
e8b0136f-e995-4033-b628-3bdde76339ae,"CI ﾃﾞﾝﾁｬｰﾌﾞﾗｼ AD ｵﾚﾝｼﾞ 1本","ｼｰｱｲ","https://d15ihgh2blymmz.cloudfront.net/uploads/item_image/4580532543610/4580532543610_1.jpg",55
25789954-d6bd-4780-bae7-6fbf8f3536ee,"CI ﾃﾞﾝﾁｬｰﾌﾞﾗｼ AD ｵﾚﾝｼﾞ 1本","ｼｰｱｲ","https://d15ihgh2blymmz.cloudfront.net/uploads/item_image/4580532543610/4580532543610_1.jpg",55
4bcfc312-01f6-45ae-9894-cad83235b22a,"CI ﾃﾞﾝﾁｬｰﾌﾞﾗｼ AD ｵﾚﾝｼﾞ 1本　17564","ｼｰｱｲ","https://askul.c.yimg.jp/img/product/3L2/4670276_3L2.jpg",55
65fa809e-c618-411e-98bc-386e9734e46a,"CI ﾃﾞﾝﾁｬｰﾌﾞﾗｼ AD ｵﾚﾝｼﾞ 1本　17564","ｼｰｱｲ","https://askul.c.yimg.jp/img/product/3L2/4670276_3L2.jpg",55
0e0c13ae-69db-4a99-8c81-10dd22cf0311,"CI ﾃﾞﾝﾁｬｰﾌﾞﾗｼ AD ﾀﾞｰｸﾌﾞﾙｰ 1本　17562","ｼｰｱｲ","https://askul.c.yimg.jp/img/product/3L2/4670258_3L2.jpg",55
cb61e5e3-ba07-4eea-8a6a-9393f6274e6a,"CI ﾃﾞﾝﾁｬｰﾌﾞﾗｼ AD ﾀﾞｰｸﾌﾞﾙｰ 1本　17562","ｼｰｱｲ","https://cdn.askul.co.jp/img/product/3L1/4670258_3L1.jpg",55
7a9cf996-cee9-4c73-9805-5324b22458f1,"CI ﾃﾞﾝﾁｬｰﾌﾞﾗｼ AD ﾊﾟｰﾌﾟﾙ 1本　17563","ｼｰｱｲ","https://d15ihgh2blymmz.cloudfront.net/uploads/item_image/4571195655864/4571195655864_1.jpg",55
64b9d631-744f-4074-b50e-72e13a73d886,"CI ﾃﾞﾝﾁｬｰﾌﾞﾗｼ AD ﾊﾟｰﾌﾟﾙ 1本　17563","ｼｰｱｲ","https://d15ihgh2blymmz.cloudfront.net/uploads/item_image/4571195655864/4571195655864_1.jpg",55
e6f5a31c-8d67-414e-b44c-14f88e0742a7,"CI ﾌﾟﾗｰｸﾁｪｯｶｰ ﾏﾙﾁｼﾞｪﾙ ｸﾞﾚｰﾌﾟ104966","ｼｰｱｲ","https://shop.r10s.jp/d-fit/cabinet/shohin_setumei2/104966.jpg",55
cdf623ad-aae3-46f3-bf79-d8092beda39a,"CI ﾌﾟﾗｰｸﾁｪｯｶｰ ﾏﾙﾁｼﾞｪﾙ ｸﾞﾚｰﾌﾟ104966","ｼｰｱｲ","https://tshop.r10s.jp/d-fit/cabinet/lpimg/6432_6431_6430_lp.jpg",75
58b1eb15-c21b-45c7-b60b-7bae2bc1c1cf,"CI ﾌﾟﾗｰｸﾁｪｯｶｰﾀﾞﾌﾞﾙ ｸﾞﾚｰﾌﾟﾌﾚｰﾊﾞｰ 6432","ｼｰｱｲ","https://tshop.r10s.jp/d-fit/cabinet/lpimg/6432_6431_6430_lp.jpg",75
cac38ef0-6801-4a25-9b5a-12647246ed80,"CI ﾌﾟﾗｰｸﾁｪｯｶｰﾀﾞﾌﾞﾙ ｸﾞﾚｰﾌﾟﾌﾚｰﾊﾞｰ 6432","ｼｰｱｲ","https://tshop.r10s.jp/d-fit/cabinet/lpimg/6432_6431_6430_lp.jpg",75
2d6c7d38-3422-4744-a088-5a2c7fc2e64b,"CI 義歯ﾌﾞﾗｼ ﾋﾟﾝｸ　3115","ｼｰｱｲ","https://makeshop-multi-images.akamaized.net/dentalfit/itemimages/000000004354_T4frkvF.jpg",55
70ed14d8-bd9f-4178-9bb5-c4ac0fac97af,"CI 義歯ﾌﾞﾗｼ ﾋﾟﾝｸ　3115","ｼｰｱｲ","https://makeshop-multi-images.akamaized.net/dentalfit/itemimages/000000004354_T4frkvF.jpg",55
eda3b4df-f7bd-400a-8d62-9ae2585320b5,"CI 義歯ﾌﾞﾗｼ ﾌﾞﾙｰ　3102","ｼｰｱｲ","https://d15ihgh2blymmz.cloudfront.net/uploads/item_image/4560191821854/4560191821854_2.jpg",55
6ac869c9-4c5d-413c-b1ce-c3ae451afe12,"CI 義歯ﾌﾞﾗｼ ﾌﾞﾙｰ　3102","ｼｰｱｲ","https://d15ihgh2blymmz.cloudfront.net/uploads/item_image/4560191821854/4560191821854_2.jpg",55
085af8ee-9fd5-4935-b306-b8ed16c79451,"CI 義歯ﾌﾞﾗｼ ﾎﾜｲﾄ　3103","ｼｰｱｲ","https://d15ihgh2blymmz.cloudfront.net/uploads/item_image/4560191821847/4560191821847_2.jpg",55
8833e6c7-10dc-4de5-9184-39dabdf5f612,"CI 義歯ﾌﾞﾗｼ ﾎﾜｲﾄ　3103","ｼｰｱｲ","https://d15ihgh2blymmz.cloudfront.net/uploads/item_image/2000000068879/2000000068879_1.jpg",55
8335ba56-1ddc-48c8-830d-0898d38a1c26,"CI23 MS やややわらかめ 0230","ｼｰｱｲ","https://shop.r10s.jp/cosline/cabinet/09634130/imgrc0098112884.jpg",55
9ddc80ce-bc8c-41aa-97ae-c9b170be2c1f,"CI23 MS やややわらかめ 0230","ｼｰｱｲ","https://shop.r10s.jp/cosline/cabinet/09634130/imgrc0098112884.jpg",55
c1d5be96-f76b-47c2-b7b8-751e92bb06d3,"Ci26 SS 超やわらかめ 100本入 0260","ｼｰｱｲ","https://m.media-amazon.com/images/I/514abDFKxyL._AC_SL1001_.jpg",71
d73bdb75-cf0f-4280-bd3c-b0b6429a412d,"Ci26 SS 超やわらかめ 100本入 0260","ｼｰｱｲ","https://m.media-amazon.com/images/I/514abDFKxyL._AC_SL1001_.jpg",71
70234f64-1ac0-4a10-a99a-af8b34309ed9,"CI503 S やわらかめ 1箱（50本）4446","ｼｰｱｲ","https://tshop.r10s.jp/cosline/cabinet/09634130/imgrc0091631602.jpg?e9t5ix1yhj2&3jqwihsn2gkbr9l",75
ce60004b-3942-422d-aa4b-ec775ba79736,"CI503 S やわらかめ 1箱（50本）4446","ｼｰｱｲ","https://shop.r10s.jp/cosline/cabinet/09634130/imgrc0098112992.jpg",55
e61cf0d3-62cb-467e-b9d1-58a18c5315cc,"CI702 ふつう1箱（50本）ｷｬｯﾌﾟ無し","ｼｰｱｲ","https://askul.c.yimg.jp/img/product/3L1/AR61990_3L1.jpg",55
ad803d0d-6e0f-408c-9cae-b9f01e15bc15,"CI702 ふつう1箱（50本）ｷｬｯﾌﾟ無し","ｼｰｱｲ","https://askul.c.yimg.jp/img/product/3L1/AR61990_3L1.jpg",55
68547b4c-17ed-4380-b375-ea94d5a9480b,"CI702 ふつう1箱（50本）ｷｬｯﾌﾟ無し　0702","ｼｰｱｲ","https://d15ihgh2blymmz.cloudfront.net/uploads/item_image/4562189965274/8010701.jpg",55
360a267a-f8d8-4841-9833-57f7ddaafb16,"CI702 ふつう1箱（50本）ｷｬｯﾌﾟ無し　0702","ｼｰｱｲ","https://d15ihgh2blymmz.cloudfront.net/uploads/item_image/4562189965274/8010701.jpg",55
9170f524-bb61-4b06-98d5-91cc8ef3be8a,"CIｺｯﾄﾝﾛｰﾙ滅菌済 M/30×10mm 200個×6 17734","ｼｰｱｲ","https://d15ihgh2blymmz.cloudfront.net/uploads/item_image/4589898128646/4589898128646_1.jpg",55
7a18ea17-cad5-45ed-97b3-b9a664fa37c8,"CIｺｯﾄﾝﾛｰﾙ滅菌済 M/30×10mm 200個×6 17734","ｼｰｱｲ","https://d15ihgh2blymmz.cloudfront.net/uploads/item_image/4589898128646/4589898128646_1.jpg",55
47f39044-99ef-4e59-935d-7d225f0dac65,"CIﾆﾄﾘﾙ ﾌｨｯﾃｨ 300 M (300枚)　106058","ｼｰｱｲ","https://image.rakuten.co.jp/d-fit/cabinet/lpimg/ppp863_lp1.jpg",55
3b9617b5-0cab-4236-be57-0f461dd5c398,"CIﾆﾄﾘﾙ ﾌｨｯﾃｨ 300 M (300枚)　106058","ｼｰｱｲ","https://image.rakuten.co.jp/d-fit/cabinet/lpimg/ppp863_lp1.jpg",55
9762ace5-8b0b-401b-9f20-b53bdb4a270a,"Ciﾆﾄﾘﾙｸﾞﾛｰﾌﾞ FT(PF)L　35996","ｼｰｱｲ","https://m.media-amazon.com/images/I/41NnL6vc1BL._SY445_SX342_QL70_ML2_.jpg",65
523ca24a-be5b-42b2-a842-791bb530ed74,"Ciﾆﾄﾘﾙｸﾞﾛｰﾌﾞ FT(PF)L　35996","ｼｰｱｲ","https://m.media-amazon.com/images/I/41NnL6vc1BL._SY445_SX342_QL70_ML2_.jpg",65
8cd65586-9a3e-4215-9b5c-dbe64bc2832c,"Ciﾆﾄﾘﾙｸﾞﾛｰﾌﾞ FT(PF)M　35995","ｼｰｱｲ","https://m.media-amazon.com/images/I/41NnL6vc1BL._SY445_SX342_QL70_ML2_.jpg",65
bf937aed-06e5-4273-b489-f8cfee36297a,"Ciﾆﾄﾘﾙｸﾞﾛｰﾌﾞ FT(PF)M　35995","ｼｰｱｲ","https://m.media-amazon.com/images/I/41NnL6vc1BL._SY445_SX342_QL70_ML2_.jpg",65
2ef1d921-0323-4bf3-8509-760f066aa1d3,"Ciﾆﾄﾘﾙｸﾞﾛｰﾌﾞ FT(PF)S 35994","ｼｰｱｲ","https://shop.r10s.jp/bouro/cabinet/r_2025091234/20250917023526_223_1.jpg",55
279d2f60-2f87-4ee9-bab6-b93704bbb2c6,"Ciﾆﾄﾘﾙｸﾞﾛｰﾌﾞ FT(PF)S 35994","ｼｰｱｲ","https://shop.r10s.jp/bouro/cabinet/r_2025091234/20250917023526_223_1.jpg",55
77d81e8e-e4de-43f8-b144-f95ebe7d80b5,"Ciﾆﾄﾘﾙｸﾞﾛｰﾌﾞ FT(PF)SS 35993","ｼｰｱｲ","https://m.media-amazon.com/images/I/51oKrjKQ71L.jpg",62
b452a4f5-3820-4285-b205-9e6a9fc3d9dd,"Ciﾆﾄﾘﾙｸﾞﾛｰﾌﾞ FT(PF)SS 35993","ｼｰｱｲ","https://m.media-amazon.com/images/I/51oKrjKQ71L.jpg",62
6941d05b-8df7-43a6-904d-7f45267a1a29,"Ciﾌﾛｽ PTFEﾃｰﾌﾟﾀｲﾌﾟ ﾉﾝﾜｯｸｽ ﾉﾝﾌﾚｰﾊﾞｰ 109297","ｼｰｱｲ","https://makeshop-multi-images.akamaized.net/dentalfit/shopimages/80/66/1_000000006680.jpg?1678209904",55
d70d7492-f387-4231-b880-c4aa8fe13b4d,"Ciﾌﾛｽ PTFEﾃｰﾌﾟﾀｲﾌﾟ ﾉﾝﾜｯｸｽ ﾉﾝﾌﾚｰﾊﾞｰ 109297","ｼｰｱｲ","https://makeshop-multi-images.akamaized.net/dentalfit/shopimages/80/66/1_000000006680.jpg?1678209904",55
3f66f270-7bd9-4447-bfc7-70dd567c98e8,"CIﾍﾞｰｼｯｸ M ｲｴﾛｰ 20本　11192","ｼｰｱｲ","https://cdn.askul.co.jp/img/product/3L1/4670374_3L1.jpg",55
15554bc4-a0d5-460f-b0c3-fce90abd835f,"CIﾍﾞｰｼｯｸ M ｲｴﾛｰ 20本　11192","ｼｰｱｲ","https://cdn.askul.co.jp/img/product/3L1/4670374_3L1.jpg",55
7a057919-4663-4d62-9426-2c4526a768ab,"Ciﾍﾟｰﾊﾟｰﾎﾟｲﾝﾄ #30（200本）","ｼｰｱｲ","https://www.gc.dental/japan/sites/japan.gc.dental/files/styles/image_608x342/public/japan-migration/ZNyN0Gi3wjud.jpg.webp?itok=Z_UP4lhS",97
dc558b65-f4a6-4658-b7e7-c626782439df,"Ciﾍﾟｰﾊﾟｰﾎﾟｲﾝﾄ #30（200本）","ｼｰｱｲ","https://www.gc.dental/japan/sites/japan.gc.dental/files/styles/image_608x342/public/japan-migration/ZNyN0Gi3wjud.jpg.webp?itok=Z_UP4lhS",97
a6d9784b-63a0-4c44-8e88-983cde852e78,"Ciﾍﾟｰﾊﾟｰﾎﾟｲﾝﾄ #40（200本）13599","ｼｰｱｲ","https://www.gc.dental/japan/sites/japan.gc.dental/files/styles/image_608x342/public/japan-migration/ZNyN0Gi3wjud.jpg.webp?itok=Z_UP4lhS",97
63bead36-3810-4237-82f3-f5e1bd391066,"Ciﾍﾟｰﾊﾟｰﾎﾟｲﾝﾄ #40（200本）13599","ｼｰｱｲ","https://www.gc.dental/japan/sites/japan.gc.dental/files/styles/image_608x342/public/japan-migration/ZNyN0Gi3wjud.jpg.webp?itok=Z_UP4lhS",97
08dbfb37-caaf-48b5-9345-03f323188080,"CIﾗﾃｯｸｽｸﾞﾛｰﾌﾞﾎﾟﾘﾏｰ加工PF(N)L　13358","ｼｰｱｲ","https://makeshop-multi-images.akamaized.net/dentalfit/itemimages/000000004695_5iKRl4f.jpg",55
34d1385c-7eb2-400b-8eaa-18c22ab71610,"CIﾗﾃｯｸｽｸﾞﾛｰﾌﾞﾎﾟﾘﾏｰ加工PF(N)L　13358","ｼｰｱｲ","https://makeshop-multi-images.akamaized.net/dentalfit/itemimages/000000004695_5iKRl4f.jpg",55
c2bdf6f8-b300-45d7-8fc1-8def3046f871,"CIﾗﾃｯｸｽｸﾞﾛｰﾌﾞﾎﾟﾘﾏｰ加工PF(N)S　13356","ｼｰｱｲ","https://makeshop-multi-images.akamaized.net/dentalfit/itemimages/0000000064622_6RIIkEQ.jpg",55
6f9b630a-10e8-41dd-a3cf-91ae2c450cb0,"CIﾗﾃｯｸｽｸﾞﾛｰﾌﾞﾎﾟﾘﾏｰ加工PF(N)S　13356","ｼｰｱｲ","https://makeshop-multi-images.akamaized.net/dentalfit/itemimages/0000000064622_6RIIkEQ.jpg",55
a0c5f30a-49ce-4437-b849-ec82e004de0d,"CIﾗﾃｯｸｽｸﾞﾛｰﾌﾞﾎﾟﾘﾏｰ加工PF(N)SS　13355","ｼｰｱｲ","https://makeshop-multi-images.akamaized.net/dentalfit/itemimages/000000004695_5iKRl4f.jpg",55
2d60925c-7ad9-4721-b55f-f2be6605122a,"CIﾗﾃｯｸｽｸﾞﾛｰﾌﾞﾎﾟﾘﾏｰ加工PF(N)SS　13355","ｼｰｱｲ","https://makeshop-multi-images.akamaized.net/dentalfit/itemimages/000000004695_5iKRl4f.jpg",55
7d087006-04a0-4c38-adab-d7088baba477,"CIﾗﾊﾞｰ歯間ﾌﾞﾗｼ ｶｰﾌﾞ SS-M 110816","ｼｰｱｲ","https://d15ihgh2blymmz.cloudfront.net/uploads/item_image/4580532545683/4580532545683_1.jpg",55
70a2f58d-f1e8-4fc3-87e7-77099cc30b8e,"CIﾗﾊﾞｰ歯間ﾌﾞﾗｼ ｶｰﾌﾞ SS-M 110816","ｼｰｱｲ","https://d15ihgh2blymmz.cloudfront.net/uploads/item_image/4580532545683/4580532545683_1.jpg",55
7932b2a8-147f-42b5-aea6-85b8347424b7,"Ci口腔ｹｱｳｪｯﾄｼｰﾄ","ｼｰｱｲ","https://d15ihgh2blymmz.cloudfront.net/uploads/item_image/2000000539409/2000000539409_1.jpg",55
171ed52e-19f2-4e48-9260-6f33f93b639c,"Ci口腔ｹｱｳｪｯﾄｼｰﾄ","ｼｰｱｲ","https://d15ihgh2blymmz.cloudfront.net/uploads/item_image/2000000539409/2000000539409_1.jpg",55
2a04f436-1cf5-41c6-984d-4c60ae5f8a35,"Ci口腔ｹｱｳｪｯﾄｼｰﾄ　34545","ｼｰｱｲ","https://d15ihgh2blymmz.cloudfront.net/uploads/item_image/2000000539409/2000000539409_1.jpg",55
7184eaf3-6bca-41fd-9078-1aafca61c7ad,"Ci口腔ｹｱｳｪｯﾄｼｰﾄ　34545","ｼｰｱｲ","https://d15ihgh2blymmz.cloudfront.net/uploads/item_image/2000000539409/2000000539409_1.jpg",55
139ffb74-b16a-454c-a74c-366935bb496c,"CI咬合紙赤 1箱（12枚綴×10冊）","ｼｰｱｲ","https://shop.r10s.jp/d-fit/cabinet/itemimg01/18709_sam.jpg",55
a2c0779c-afcf-493b-932d-94767ba41dbb,"CI咬合紙赤 1箱（12枚綴×10冊）","ｼｰｱｲ","https://shop.r10s.jp/d-fit/cabinet/itemimg01/18709_sam.jpg",55
3e38788a-d8d5-4915-bd52-330c87b31c2d,"Ci滅菌ﾊﾞｯｸ HP 42597","ｼｰｱｲ","https://d15ihgh2blymmz.cloudfront.net/uploads/item_image/4580532472576/4580532472576_1.jpg",55
3de961a1-d8d8-439d-8923-4ffee67f4cd4,"Ci滅菌ﾊﾞｯｸ HP 42597","ｼｰｱｲ","https://d15ihgh2blymmz.cloudfront.net/uploads/item_image/4580532472576/4580532472576_1.jpg",55
f60f3526-f163-4bae-8cfc-c7a0a9f40501,"CI滅菌ﾊﾞｯｸ（ｼｰﾙﾀｲﾌﾟ）L 1箱（200枚）15880","ｼｰｱｲ","https://shop.pdr.co.jp/g_images/series-10916/series-10916_02.jpg",80
0925137d-b26d-4f0e-aa76-3e322556f19b,"CI滅菌ﾊﾞｯｸ（ｼｰﾙﾀｲﾌﾟ）L 1箱（200枚）15880","ｼｰｱｲ","https://shop.pdr.co.jp/g_images/series-10916/series-10916_02.jpg",80
10e1af6c-3fcb-42b8-a158-4681e57e9235,"CI滅菌ﾊﾞｯｸ（ｼｰﾙﾀｲﾌﾟ）LLL 1箱（200枚）15882","ｼｰｱｲ","https://d15ihgh2blymmz.cloudfront.net/uploads/item_image/2000000548890/2000000548890_1.jpg",55
6b5f8b48-d9c5-4948-9349-78013786edd8,"CI滅菌ﾊﾞｯｸ（ｼｰﾙﾀｲﾌﾟ）LLL 1箱（200枚）15882","ｼｰｱｲ","https://d15ihgh2blymmz.cloudfront.net/uploads/item_image/2000000548890/2000000548890_1.jpg",55
92287c18-b5c5-4968-b92f-884e7be9ceec,"CI滅菌ﾊﾞｯｸ（ｼｰﾙﾀｲﾌﾟ）M 1箱（200枚）15879","ｼｰｱｲ","https://d15ihgh2blymmz.cloudfront.net/uploads/item_image/4573607576170/4573607576170_1.jpg",55
0f456e6e-4fc1-4415-8634-8b03215d8d65,"CI滅菌ﾊﾞｯｸ（ｼｰﾙﾀｲﾌﾟ）M 1箱（200枚）15879","ｼｰｱｲ","https://d15ihgh2blymmz.cloudfront.net/uploads/item_image/4573607576170/4573607576170_1.jpg",55
8ecddd79-094d-4944-9826-f9d42a65b6d9,"CI滅菌ﾊﾞｯｸ（ｼｰﾙﾀｲﾌﾟ）MS 1箱（200枚）15878","ｼｰｱｲ","https://shop.pdr.co.jp/g_images/series-10916/series-10916_02.jpg",80
8018e745-0cb4-47cb-93ac-b50d05afebc5,"CI滅菌ﾊﾞｯｸ（ｼｰﾙﾀｲﾌﾟ）S 1箱（200枚）15877","ｼｰｱｲ","https://shop.pdr.co.jp/g_images/series-10916/series-10916_02.jpg",80
19facf44-b272-4be8-8f05-5c6fa26f91a0,"CI滅菌ﾊﾞｯｸ（ｼｰﾙﾀｲﾌﾟ）S 1箱（200枚）15877","ｼｰｱｲ","https://shop.pdr.co.jp/g_images/series-10916/series-10916_02.jpg",80
f4c3372e-fef6-4c77-81fb-387e8bd6311d,"DEEP ﾏﾄﾘｯｸｽ 0.050㎜　112477","ｼｰｱｲ","https://d15ihgh2blymmz.cloudfront.net/uploads/item_image/4580532551295/4580532551295_2.jpg",55
a59226ff-a778-42f9-a9b1-6a7b00316481,"DEEP ﾏﾄﾘｯｸｽ 0.050㎜　112477","ｼｰｱｲ","https://d15ihgh2blymmz.cloudfront.net/uploads/item_image/4580532551295/4580532551295_2.jpg",55
a4dc9171-4aac-49e8-ba14-de9876d1740c,"DENU ﾀﾞﾑ　108728","ｼｰｱｲ","https://d15ihgh2blymmz.cloudfront.net/uploads/item_image/4580532529317/4580532529317_1.jpg",55
5122ae27-69e4-4479-8ddb-027b94f3473e,"DENU ﾀﾞﾑ　108728","ｼｰｱｲ","https://d15ihgh2blymmz.cloudfront.net/uploads/item_image/4580532529317/4580532529317_1.jpg",55
afc74b05-c426-4222-91a2-98da04ff9c34,"Denｶｰﾊﾞｲﾄﾊﾞｰ 257CS-040 golden　8897","ｼｰｱｲ","https://d15ihgh2blymmz.cloudfront.net/uploads/item_image/4589898115004/4589898115004_1.jpg",55
df041288-68d4-4f29-a749-7caf76d1ba52,"DENｶｰﾊﾞｲﾄﾊﾞｰ ｸﾛｽｶｯﾄ ｽﾀﾝﾀﾞｰﾄﾞ 079 CS 040　32730","ｼｰｱｲ","https://d15ihgh2blymmz.cloudfront.net/uploads/item_image/4562324639657/4562324639657_1.jpg",55
bcc1b734-4b8f-4d42-9341-643f491462df,"DENｶｰﾊﾞｲﾄﾊﾞｰ ｸﾛｽｶｯﾄ ｽﾀﾝﾀﾞｰﾄﾞ 079 CS 060　32731","ｼｰｱｲ","https://d15ihgh2blymmz.cloudfront.net/uploads/item_image/4562324639657/4562324639657_1.jpg",55
b0591932-7a86-43e7-99c9-147bda6a11b3,"DENｶｰﾊﾞｲﾄﾊﾞｰ ｸﾛｽｶｯﾄ ｽﾀﾝﾀﾞｰﾄﾞ 079 CS 060　32731","ｼｰｱｲ","https://d15ihgh2blymmz.cloudfront.net/uploads/item_image/4562324639657/4562324639657_1.jpg",55
fa5b3421-d912-4658-a69e-d71d6459ae44,"DENｶｰﾊﾞｲﾄﾊﾞｰ ｸﾛｽｶｯﾄ ｽﾀﾝﾀﾞｰﾄﾞ 257 CS 060　32734","ｼｰｱｲ","https://d15ihgh2blymmz.cloudfront.net/uploads/item_image/4562324639695/4562324639695_1.jpg",55
0dbee614-5813-460b-b601-317bb1281bef,"DENｶｰﾊﾞｲﾄﾊﾞｰ ｸﾛｽｶｯﾄ ｽﾀﾝﾀﾞｰﾄﾞ 257 CS 060　32734","ｼｰｱｲ","https://d15ihgh2blymmz.cloudfront.net/uploads/item_image/4562324639695/4562324639695_1.jpg",55
2633d782-4b13-4819-89e6-dc62b8386aad,"DENｶｰﾊﾞｲﾄﾊﾞｰ ｸﾛｽｶｯﾄ ﾌｧｲﾝ 251 CF 060　32724","ｼｰｱｲ","https://d15ihgh2blymmz.cloudfront.net/uploads/item_image/4562324639688/4562324639688_1.jpg",55
08251e2b-6897-473e-a372-61e91c58c83c,"DENｶｰﾊﾞｲﾄﾊﾞｰ ｸﾛｽｶｯﾄ ﾌｧｲﾝ 251 CF 060　32724","ｼｰｱｲ","https://d15ihgh2blymmz.cloudfront.net/uploads/item_image/4562324639688/4562324639688_1.jpg",55
3f7d331a-5dad-4930-aaa5-da04de137f8c,"EASYｶｰﾊﾞｲﾄﾊﾞｰ(FG用) US:No.701 0387","ｼｰｱｲ","https://shop.pdr.co.jp/g_images/series-10690/series-10690_01.jpg",80
bf5cc48d-e83d-4ab7-aca8-697f0d24a108,"EASYｶｰﾊﾞｲﾄﾊﾞｰ(FG用) US:No.701 0387","ｼｰｱｲ","https://shop.pdr.co.jp/g_images/series-10690/series-10690_01.jpg",80
fa503035-c276-4103-842b-60a3802542bc,"EASYｶｰﾊﾞｲﾄﾊﾞｰ(HP用) US:No.702L  123735","ｼｰｱｲ","https://shop.pdr.co.jp/g_images/series-1126/series-1126_01.jpg",80
8bfa7c9a-d181-4c91-8996-6087324febf4,"EASYｶｰﾊﾞｲﾄﾊﾞｰ(HP用) US:No.702L  123735","ｼｰｱｲ","https://shop.pdr.co.jp/g_images/series-1126/series-1126_01.jpg",80
f17e6698-3f23-4961-86bb-c85929313ca5,"EASYｶｰﾊﾞｲﾄﾊﾞｰ(HP用) US:No.703 123736","ｼｰｱｲ","https://shop.pdr.co.jp/g_images/series-1126/series-1126_01.jpg",80
053b285c-b22f-4348-98c6-c3cf24ccf318,"EASYｶｰﾊﾞｲﾄﾊﾞｰ(HP用) US:No.703 123736","ｼｰｱｲ","https://shop.pdr.co.jp/g_images/series-1126/series-1126_01.jpg",80
1cf78265-6703-44c0-aeaf-468767296724,"EASYｾﾞｯｸﾘｱﾊﾞｰ25mm　119235","ｼｰｱｲ","https://d15ihgh2blymmz.cloudfront.net/uploads/item_image/4580532568217/4580532568217_1.jpg",55
e51a469b-47e2-4b10-80c4-c096b70681d6,"EASYﾀﾞｲﾔﾊﾞｰ3 ﾚｷﾞｭﾗｰｼｬﾝｸ BR-31　05314","ｼｰｱｲ","https://d15ihgh2blymmz.cloudfront.net/uploads/item_image/4589898161186/4589898161186_1.jpg",55
4655e037-5744-4c6a-93fb-d8cd3da51307,"EASYﾀﾞｲﾔﾊﾞｰ3 ﾚｷﾞｭﾗｰｼｬﾝｸ BR-31　05314","ｼｰｱｲ","https://d15ihgh2blymmz.cloudfront.net/uploads/item_image/4589898161186/4589898161186_1.jpg",55
3ba4fb41-06cb-47ee-bf0d-29926adfb60d,"EASYﾀﾞｲﾔﾊﾞｰ3 ﾚｷﾞｭﾗｰｼｬﾝｸ BR-45　05317","ｼｰｱｲ","https://d15ihgh2blymmz.cloudfront.net/uploads/item_image/4589898161216/4589898161216_1.jpg",55
4e2ed18b-5319-44bb-97ad-7a5f0c2e65be,"EASYﾀﾞｲﾔﾊﾞｰ3 ﾚｷﾞｭﾗｰｼｬﾝｸ BR-45　05317","ｼｰｱｲ","https://d15ihgh2blymmz.cloudfront.net/uploads/item_image/4589898161216/4589898161216_1.jpg",55
5507cbc0-d447-425d-b2dc-7bbbaa7ae3e8,"EASYﾀﾞｲﾔﾊﾞｰ3 ﾚｷﾞｭﾗｰｼｬﾝｸ EX-26　05326","ｼｰｱｲ","https://d15ihgh2blymmz.cloudfront.net/uploads/item_image/4589898161506/4589898161506_1.jpg",55
3e5fac65-3d58-4d2f-8d3a-a61a61009fb8,"EASYﾀﾞｲﾔﾊﾞｰ3 ﾚｷﾞｭﾗｰｼｬﾝｸ TC-11EF　05402","ｼｰｱｲ","https://d15ihgh2blymmz.cloudfront.net/uploads/item_image/4589898162060/4589898162060_1.jpg",55
f33bfaf0-a5a8-4bff-821a-1a61db8c69c3,"EASYﾀﾞｲﾔﾊﾞｰ3 ﾚｷﾞｭﾗｰｼｬﾝｸ TC-11EF　05402","ｼｰｱｲ","https://d15ihgh2blymmz.cloudfront.net/uploads/item_image/4589898162060/4589898162060_1.jpg",55
05699947-21db-4f5a-a44e-537853186054,"EASYﾀﾞｲﾔﾊﾞｰ3 ﾚｷﾞｭﾗｰｼｬﾝｸ TF-22　05353","ｼｰｱｲ","https://d15ihgh2blymmz.cloudfront.net/uploads/item_image/4589898161575/4589898161575_1.jpg",55
ff05ab0d-af85-46a5-8f92-8fbd0419bc29,"EASYﾀﾞｲﾔﾊﾞｰ3 ﾚｷﾞｭﾗｰｼｬﾝｸ TF-22　05353","ｼｰｱｲ","https://d15ihgh2blymmz.cloudfront.net/uploads/item_image/4589898161575/4589898161575_1.jpg",55
ccb2fe32-adad-4221-9036-8def8a5315bd,"EASYﾀﾞｲﾔﾊﾞｰ3 ﾚｷﾞｭﾗｰｼｬﾝｸ TF-23　05354","ｼｰｱｲ","https://d15ihgh2blymmz.cloudfront.net/uploads/item_image/4589898161582/4589898161582_1.jpg",55
340e9d61-0689-4234-8087-f36be973d274,"EASYﾀﾞｲﾔﾊﾞｰ3 ﾚｷﾞｭﾗｰｼｬﾝｸ TF-23　05354","ｼｰｱｲ","https://d15ihgh2blymmz.cloudfront.net/uploads/item_image/4589898161582/4589898161582_1.jpg",55
2274266e-917b-4cd4-ad38-524d630f2b19,"EASYﾀﾞｲﾔﾊﾞｰ3 ﾚｷﾞｭﾗｰｼｬﾝｸ TR-12　05359","ｼｰｱｲ","https://d15ihgh2blymmz.cloudfront.net/uploads/item_image/4589898161636/4589898161636_1.jpg",55
3e2154b9-2bce-4b66-b540-6a6a9aa73ee5,"EASYﾀﾞｲﾔﾊﾞｰ3 ﾚｷﾞｭﾗｰｼｬﾝｸ TR-12　05359","ｼｰｱｲ","https://d15ihgh2blymmz.cloudfront.net/uploads/item_image/4589898161636/4589898161636_1.jpg",55
b03320e0-c240-47ed-9781-aa7391bbd171,"EDTA17% ﾘｷｯﾄﾞ 500mL　4265","ｼｰｱｲ","https://www.gama.se/storage/19933A4CCB8E8EDCE18B650C8A651C695D7E12B4F9A44B3D89F33F2699AEAC6B/693d7b759b42464385f6ddc25f6309e4/png/media/fc020a613f9e4e8191328821608ca745/228667.png",49
6ba05818-90b1-4b0f-85c8-65113967e86b,"EDTA17% ﾘｷｯﾄﾞ 500mL　4265","ｼｰｱｲ","https://shizaiichiba.ocnk.net/data/shizaiichiba/product/20240515_7efff8.png",53
41d5f0ed-ea86-41f2-9d0a-794bc90a426e,"GOOD CHOICE 不織布ｶﾞｰｾﾞ 1ﾊﾟｯｸ（200枚）15338","ｼｰｱｲ","https://d15ihgh2blymmz.cloudfront.net/uploads/item_image/4562189967896/4562189967896_1.jpg",55
b47dc9b1-6da8-4402-999e-d1bf463e8575,"GOOD CHOICE 不織布ｶﾞｰｾﾞ 1ﾊﾟｯｸ（200枚）15338","ｼｰｱｲ","https://d15ihgh2blymmz.cloudfront.net/uploads/item_image/4562189967896/4562189967896_1.jpg",55
0c84f2b6-9652-4d0a-8179-9cfd9a3c2997,"Gｾﾗｸﾞﾛｽ 単品 ﾌｧｲﾝ LS9877F 101344","ｼｰｱｲ","https://d15ihgh2blymmz.cloudfront.net/uploads/item_image/4580532496626/4580532496626_1.jpg",55
bfde943c-873e-45f5-ba03-4987a1ae4762,"Gｾﾗｸﾞﾛｽ 単品 ﾌｧｲﾝ LS9877F 101344","ｼｰｱｲ","https://d15ihgh2blymmz.cloudfront.net/uploads/item_image/4580532496626/4580532496626_1.jpg",55
a9efdf97-9f38-45e0-afe2-4e04a7571360,"Gｾﾗｸﾞﾛｽ 単品 ﾐﾃﾞｨｱﾑ LS9877M 101343","ｼｰｱｲ","https://d15ihgh2blymmz.cloudfront.net/uploads/item_image/4580532496619/4580532496619_1.jpg",55
17cae320-920f-4a0f-8c24-4fd2e2b7949d,"Gｾﾗｸﾞﾛｽ 単品 ﾐﾃﾞｨｱﾑ LS9877M 101343","ｼｰｱｲ","https://d15ihgh2blymmz.cloudfront.net/uploads/item_image/4580532496619/4580532496619_1.jpg",55
9fe20547-a4ee-4424-9e13-d29ed3e6fc4d,"K・ｶｰﾌﾞﾜｯｸｽﾊﾞｲﾄﾌﾞﾛｯｸ 50入　07536","ｼｰｱｲ","https://shop.pdr.co.jp/g_images/series-1669/series-1669_02.jpg",80
c7cb3793-7ba2-465d-80a2-2c8d4f4599e5,"K・ｶｰﾌﾞﾜｯｸｽﾊﾞｲﾄﾌﾞﾛｯｸ 50入　07536","ｼｰｱｲ","https://shop.pdr.co.jp/resize/p1x2/g_images/series-1321/series-1321_01.jpg",70
1150befa-c10c-4d89-8917-3e40e5793c94,"NEW ﾘｾﾗ ﾛｰﾙ状滅菌ﾊﾞｯｸ ﾏﾁなし L　17146","ｼｰｱｲ","https://d15ihgh2blymmz.cloudfront.net/uploads/item_image/4571195652788/4571195652788_1.jpg",55
bf4507a2-5e74-42cd-a590-d60faa1fec13,"NEW ﾘｾﾗ ﾛｰﾙ状滅菌ﾊﾞｯｸ ﾏﾁなし L　17146","ｼｰｱｲ","https://d15ihgh2blymmz.cloudfront.net/uploads/item_image/4589898160646/4589898160646_1.jpg",55
f36e75f9-49dd-4332-a4b6-b44f42421927,"NEW ﾘｾﾗ ﾛｰﾙ状滅菌ﾊﾞｯｸ ﾏﾁなし LL 17147","ｼｰｱｲ","https://d15ihgh2blymmz.cloudfront.net/uploads/item_image/4589898160646/4589898160646_1.jpg",55
c4fadb88-4820-4780-b32b-ba52fc6776be,"NEW ﾘｾﾗ ﾛｰﾙ状滅菌ﾊﾞｯｸ ﾏﾁなし LL 17147","ｼｰｱｲ","https://d15ihgh2blymmz.cloudfront.net/uploads/item_image/4571195652788/4571195652788_1.jpg",55
1934f88c-3e73-44e5-a4c3-7feb091ca30d,"NEW ﾘｾﾗ ﾛｰﾙ状滅菌ﾊﾞｯｸ ﾏﾁなし M　17145","ｼｰｱｲ","https://d15ihgh2blymmz.cloudfront.net/uploads/item_image/4571195652757/4571195652757_1.jpg",55
f1de2226-4883-4ff4-9cd8-6c9492677ec1,"NEW ﾘｾﾗ ﾛｰﾙ状滅菌ﾊﾞｯｸ ﾏﾁなし S　17144","ｼｰｱｲ","https://d15ihgh2blymmz.cloudfront.net/uploads/item_image/4571195652788/4571195652788_1.jpg",55
41c0a916-cc87-4545-b079-9994de5fd52d,"NEW ﾘｾﾗ ﾛｰﾙ状滅菌ﾊﾞｯｸ ﾏﾁなし S　17144","ｼｰｱｲ","https://d15ihgh2blymmz.cloudfront.net/uploads/item_image/4571195652788/4571195652788_1.jpg",55
b12e1077-500b-49fc-8ff9-ad5ecb32896a,"New回転 ﾄﾚｰ局部用・大1ﾊﾟｯｸ（2個組）37596","ｼｰｱｲ","https://shop.pdr.co.jp/g_images/series-345/series-345_01.jpg",80
615b0bfe-089f-4c48-8b24-8a7ec52f135d,"New回転 ﾄﾚｰ局部用・大1ﾊﾟｯｸ（2個組）37596","ｼｰｱｲ","https://shop.pdr.co.jp/g_images/series-345/series-345_01.jpg",80
f42aa66c-ea31-44fe-903c-6888ab9e68b1,"New回転 ﾄﾚｰ局部用・小1ﾊﾟｯｸ（2個組）29731","ｼｰｱｲ","https://service.yoshida-dental.co.jp/s3images/ca/series/10214/images/677205_.jpg",99
585fc682-ed86-4674-8e78-314335f439d0,"New回転 ﾄﾚｰ局部用・小1ﾊﾟｯｸ（2個組）29731","ｼｰｱｲ","https://service.yoshida-dental.co.jp/s3images/ca/series/10214/images/677205_.jpg",99
dec44928-9916-487b-8bea-91654cefafb1,"SMSﾄﾞﾚｰﾌﾟ丸穴9cm 60×60 ﾃｰﾌﾟ付1枚　107740","ｼｰｱｲ","https://d15ihgh2blymmz.cloudfront.net/uploads/item_image/4589898158100/4589898158100_2.jpg",55
85de2cb6-7992-4536-930f-44c5b473fcd6,"SMSﾄﾞﾚｰﾌﾟ丸穴9cm 60×60 ﾃｰﾌﾟ付1枚　107740","ｼｰｱｲ","https://d15ihgh2blymmz.cloudfront.net/uploads/item_image/4589898158100/4589898158100_2.jpg",55
a7a07c3f-08ed-487e-a728-f48085bf3fa2,"TPCｱﾌﾟﾘｹｰﾀｰﾌﾞﾗｼ ﾌｧｲﾝ 1ｹｰｽ（100本）80126891","ｼｰｱｲ","https://m.media-amazon.com/images/I/31m-2PNXqAL._AC_.jpg",64
545a7108-2c53-4379-b49b-df39bf4e9825,"TPCｱﾌﾟﾘｹｰﾀｰﾌﾞﾗｼ ﾌｧｲﾝ 1ｹｰｽ（100本）80126891","ｼｰｱｲ","https://d15ihgh2blymmz.cloudfront.net/uploads/item_image/4582311860802/4582311860802_1.jpg",55
9f25d62a-ff90-4a43-b4f3-f668fba40c19,"TR3ﾏｽｸ ﾎﾜｲﾄ　M　6180","ｼｰｱｲ","https://d15ihgh2blymmz.cloudfront.net/uploads/item_image/2000000399881/2000000399881_1.jpg",55
906683ab-a44e-46ea-bd7f-3ec93c8f0b48,"TR3ﾏｽｸ ﾎﾜｲﾄ　M　6180","ｼｰｱｲ","https://d15ihgh2blymmz.cloudfront.net/uploads/item_image/2000000399881/2000000399881_1.jpg",55
4717815c-1215-4343-b980-94ec0eec6893,"X-rayﾘｾﾗｾﾝｻｰｶﾊﾞｰ 35*205㎜　80105941","ｼｰｱｲ","https://www.komeri.com/images/goods/024/205/60/2420560.jpg",55
fcdcb3c6-aabe-4b0a-860c-ab3cda8cdc9a,"X-rayﾘｾﾗｾﾝｻｰｶﾊﾞｰ 35*205㎜　80105941","ｼｰｱｲ","https://shop.r10s.jp/hitotsunagi/cabinet/12338190/33184085_0.jpg",55
e38ecda0-c87a-45c0-b6c1-f044c1082082,"X-rayﾘｾﾗｾﾝｻｰｶﾊﾞｰ 40*220㎜ 05942","ｼｰｱｲ","https://www.garson.jp/img_system/img_pc/p_6254_1707111672_pc1.jpg",55
88e19b27-3ddd-4c69-bee8-483bd3720d03,"X-rayﾘｾﾗｾﾝｻｰｶﾊﾞｰ 40*220㎜ 05942","ｼｰｱｲ","https://makeshop-multi-images.akamaized.net/nxstage2022/shopimages/01/00/3_000000000001.jpg?1711777978",55
21bfa440-85d6-4445-b96d-140203a6e863,"X線防護用 ﾈｯｸｶﾞｰﾄﾞ ﾏｼﾞｶﾙﾗｲﾄﾌﾞﾙｰ  ブルー","ｼｰｱｲ","https://d15ihgh2blymmz.cloudfront.net/uploads/item_image/4580471460733/4580471460733_1.jpg",55
c0103659-ad1a-421b-b0c4-9bf7c1af79ec,"X線防護用 ﾈｯｸｶﾞｰﾄﾞ ﾏｼﾞｶﾙﾗｲﾄﾌﾞﾙｰ  ブルー","ｼｰｱｲ","https://d15ihgh2blymmz.cloudfront.net/uploads/item_image/4580471460733/4580471460733_1.jpg",55
e05fcb5a-74ab-4e04-b74f-6eaae84a211a,"ZIRｸﾞﾛｽ 単品 ﾌｧｲﾝ ZIR9867F 101351","ｼｰｱｲ","https://d15ihgh2blymmz.cloudfront.net/uploads/item_image/4580532496695/4580532496695_1.jpg",55
0e2bd833-55ea-47c7-a86f-bf932d26993f,"ZIRｸﾞﾛｽ 単品 ﾌｧｲﾝ ZIR9867F 101351","ｼｰｱｲ","https://d15ihgh2blymmz.cloudfront.net/uploads/item_image/4580532496695/4580532496695_1.jpg",55
f559273b-53f6-4eaa-889a-01ef8cb2d96d,"ZIRｸﾞﾛｽ 単品 ﾐﾃﾞｨｱﾑ ZIR9867M 101350","ｼｰｱｲ","https://d15ihgh2blymmz.cloudfront.net/uploads/item_image/4580532496688/4580532496688_1.jpg",55
311153ca-f325-4d54-9850-99667ee35b77,"ZIRｸﾞﾛｽ 単品 ﾐﾃﾞｨｱﾑ ZIR9867M 101350","ｼｰｱｲ","https://d15ihgh2blymmz.cloudfront.net/uploads/item_image/4580532496688/4580532496688_1.jpg",55
02f1c0e6-4177-49a4-b8c9-18d3f500d08f,"ｱﾗｲﾅｰﾌﾟﾗｲﾔｰAA ﾘﾃﾝｼｮﾝﾌｫｰﾐﾝｸﾞ　44512","ｼｰｱｲ","https://d15ihgh2blymmz.cloudfront.net/uploads/item_image/4589898112492/4589898112492_1.jpg",55
cba856de-0d73-49e3-88a1-aab9fbe00a61,"ｱﾗｲﾅｰﾘﾑｰﾊﾞｰ ﾎﾜｲﾄ 09375","ｼｰｱｲ","https://item-shopping.c.yimg.jp/i/n/sakurashoji_yahoo20250821-b0cj97pg54_1_d_20250821230145",65
6ff7580a-26be-4fcc-92f7-6fe08b631b07,"ｱﾙｺﾌﾚｰﾑ（ﾌｫｰﾙﾃﾞｨﾝｸﾞ）　21494","ｼｰｱｲ","https://auctions.c.yimg.jp/images.auctions.yahoo.co.jp/image/dr000/auc0105/users/e7738c992fce238e32d672f3afd0c4428c9b2d75/i-img1200x1200-1747305593kqewwh35.jpg",55
b3888f08-644b-485d-8452-6c384878731f,"ｱﾙｺﾌﾚｰﾑ（ﾌｫｰﾙﾃﾞｨﾝｸﾞ）　21494","ｼｰｱｲ","https://m.media-amazon.com/images/I/71jVkCQz94L._AC_SL1500_.jpg",68
fe6eaad3-32c3-47a5-b5e1-1319245c9580,"ｲﾒｰｼﾞｶｯﾄ ﾀﾞｲﾔﾓﾝﾄﾞﾊﾞｰ ｼｮｰﾄｼｬﾝｸ 1201R　14161","ｼｰｱｲ","https://d15ihgh2blymmz.cloudfront.net/uploads/item_image/4580282189496/4580282189496_1.jpg",55
bc95f3ed-afca-4d0c-9658-b36b7da0a0f1,"ｲﾒｰｼﾞｶｯﾄ ﾀﾞｲﾔﾓﾝﾄﾞﾊﾞｰ ｼｮｰﾄｼｬﾝｸ 1201R　14161","ｼｰｱｲ","https://d15ihgh2blymmz.cloudfront.net/uploads/item_image/4580282189496/4580282189496_1.jpg",55
8816eb91-5783-4d81-bb7a-c82cdc37dd22,"ｲﾒｰｼﾞｶｯﾄ ﾀﾞｲﾔﾓﾝﾄﾞﾊﾞｰ ｼｮｰﾄｼｬﾝｸ 1301　14160","ｼｰｱｲ","https://d15ihgh2blymmz.cloudfront.net/uploads/item_image/4580282189496/4580282189496_1.jpg",55
b982cf47-80f4-4c62-b561-37e908322627,"ｲﾒｰｼﾞｶｯﾄ ﾀﾞｲﾔﾓﾝﾄﾞﾊﾞｰ ｼｮｰﾄｼｬﾝｸ 1301　14160","ｼｰｱｲ","https://d15ihgh2blymmz.cloudfront.net/uploads/item_image/4580282189496/4580282189496_1.jpg",55
9f2f0be3-341f-4d38-b664-925e37b00b3a,"ｲﾒｰｼﾞｶｯﾄ ﾀﾞｲﾔﾓﾝﾄﾞﾊﾞｰ ｼｮｰﾄｼｬﾝｸ 1440　14162","ｼｰｱｲ","https://makeshop-multi-images.akamaized.net/demiline/itemimages/000000028521_Cpo0XcL.jpg",45
34e196f5-c761-46da-8409-0eb8a5b08a0e,"ｲﾒｰｼﾞｶｯﾄ ﾀﾞｲﾔﾓﾝﾄﾞﾊﾞｰ ｼｮｰﾄｼｬﾝｸ 1440　14162","ｼｰｱｲ","https://d15ihgh2blymmz.cloudfront.net/uploads/item_image/4580282189496/4580282189496_1.jpg",55
536da1a4-b48c-4ffa-856a-3a56ebc84875,"ｲﾒｰｼﾞｶｯﾄ ﾀﾞｲﾔﾓﾝﾄﾞﾊﾞｰ ｼｮｰﾄｼｬﾝｸ TFS22　42196","ｼｰｱｲ","https://d15ihgh2blymmz.cloudfront.net/uploads/item_image/4580282189052/4580282189052_1.jpg",55
83c9c54c-26d0-4a2c-b2b8-46ec92b592ff,"ｲﾒｰｼﾞｶｯﾄ ﾀﾞｲﾔﾓﾝﾄﾞﾊﾞｰ ｼｮｰﾄｼｬﾝｸ TFS22　42196","ｼｰｱｲ","https://d15ihgh2blymmz.cloudfront.net/uploads/item_image/4580282189052/4580282189052_1.jpg",55
7ab2c2d4-d9df-42f4-9775-41e54ada40f0,"ｲﾒｰｼﾞｶｯﾄ ﾀﾞｲﾔﾓﾝﾄﾞﾊﾞｰ ﾍﾞｱｰ EX21EF 5本","ｼｰｱｲ","https://d15ihgh2blymmz.cloudfront.net/uploads/item_image/4580282191727/4580282191727_1.jpg",55
d170306f-e90e-4ace-8138-8935efccd768,"ｲﾒｰｼﾞｶｯﾄ ﾀﾞｲﾔﾓﾝﾄﾞﾊﾞｰ ﾗｳﾝﾄﾞｴﾝﾄﾞTR11EF 5本","ｼｰｱｲ","https://d15ihgh2blymmz.cloudfront.net/uploads/item_image/4580282191925/4580282191925_1.jpg",55
472eb261-452e-420c-bdbb-9c800185c836,"ｲﾒｰｼﾞｶｯﾄ ﾀﾞｲﾔﾓﾝﾄﾞﾊﾞｰ ﾗｳﾝﾄﾞｴﾝﾄﾞTR13EF 5本","ｼｰｱｲ","https://d15ihgh2blymmz.cloudfront.net/uploads/item_image/4580282191888/4580282191888_1.jpg",55
bb3c24be-f06e-4e35-a5f5-df6c5ee8e50e,"ｲﾝｽﾙｶｾｯﾃ DEN(Slim) 11本用 ｸﾞﾘｰﾝ 33690","ｼｰｱｲ","https://d15ihgh2blymmz.cloudfront.net/uploads/item_image/4562324647737/4562324647737_1.jpg",55
3f858566-9658-4871-baba-236af578885c,"ｲﾝｽﾙｶｾｯﾃ DEN(Slim) 11本用 ｸﾞﾘｰﾝ 33690","ｼｰｱｲ","https://d15ihgh2blymmz.cloudfront.net/uploads/item_image/4562324647737/4562324647737_1.jpg",55
aae45bad-4510-4d33-8c66-df9e50b806a0,"ｲﾝｽﾙｶｾｯﾃ DEN(Slim) 11本用 ﾌﾞﾙｰ 33689","ｼｰｱｲ","https://d15ihgh2blymmz.cloudfront.net/uploads/item_image/4562324647720/4562324647720_1.jpg",55
111e7a9b-f01b-45e0-90b5-a285ef9b716c,"ｲﾝｽﾙｶｾｯﾃ DEN(Slim) 11本用 ﾌﾞﾙｰ 33689","ｼｰｱｲ","https://d15ihgh2blymmz.cloudfront.net/uploads/item_image/4562324647720/4562324647720_1.jpg",55
57e303fa-5d9b-4ab4-86f9-6a63985763c8,"ｲﾝﾌﾟﾗﾝﾄ用ｷｬﾘﾊﾟｰ　6644","ｼｰｱｲ","https://www.dentalshop.jp/images/upload/Image/Implant-Gauge-Scale-3.jpg",55
3860ecbd-5709-4c51-9595-3e2d0fbc9d91,"ｲﾝﾌﾟﾗﾝﾄ用ｷｬﾘﾊﾟｰ　6644","ｼｰｱｲ","https://www.dentalshop.jp/images/upload/Image/Implant-Gauge-Scale-3.jpg",55
9fc09418-29e5-44ef-8914-0c2479502802,"ｳｪｯｼﾞ 木製ﾀｲﾌﾟ ｱｿｰﾄ 4種×50個入","ｼｰｱｲ","https://m.media-amazon.com/images/I/612ftRf-oLL._AC_SL1500_.jpg",70
25db35b7-c4d1-4709-af58-0e04b845c688,"ｳｪｯｼﾞ 木製ﾀｲﾌﾟ ｱｿｰﾄ 4種×50個入","ｼｰｱｲ","https://m.media-amazon.com/images/I/612ftRf-oLL._AC_SL1500_.jpg",70
0f4b1964-ba29-467b-9074-68ba75d3e5d5,"ｳｪｯｼﾞ 木製ﾀｲﾌﾟ ﾎﾜｲﾄ（薄・ｼｮｰﾄ）100入","ｼｰｱｲ","https://image.rakuten.co.jp/cocomauve-online/cabinet/photo/239/u-239_9.jpg",55
315a2539-5921-4f04-aad2-d7acbd021b27,"ｳｪｯｼﾞ 木製ﾀｲﾌﾟ ﾎﾜｲﾄ（薄・ｼｮｰﾄ）100入","ｼｰｱｲ","https://image.rakuten.co.jp/cocomauve-online/cabinet/photo/239/u-239_9.jpg",55
0071c177-19eb-4835-b308-2749bbd51d5b,"ｴｺﾄﾚｰ 上顎L（10個）","ｼｰｱｲ","https://d15ihgh2blymmz.cloudfront.net/uploads/item_image/4589898132247/4589898132247_1.jpg",55
036e4049-40e9-4bcf-aedf-b65078102e36,"ｴｺﾄﾚｰ 上顎L（10個）","ｼｰｱｲ","https://d15ihgh2blymmz.cloudfront.net/uploads/item_image/4562324631927/4562324631927_1.jpg",55
14599543-1da7-41f3-8c34-493a27e96869,"ｴｺﾄﾚｰ 上顎L（10個）30249","ｼｰｱｲ","https://d15ihgh2blymmz.cloudfront.net/uploads/item_image/4562324631927/4562324631927_1.jpg",55
3402c586-a32d-42e3-9494-dff2bc0cec1e,"ｴｺﾄﾚｰ 上顎L（10個）30249","ｼｰｱｲ","https://d15ihgh2blymmz.cloudfront.net/uploads/item_image/4562324631927/4562324631927_1.jpg",55
c73f1520-295d-476a-9057-aba7046c8969,"ｴｺﾄﾚｰ 上顎M（10個）30251","ｼｰｱｲ","https://aimg.as-1.co.jp/c/66/0004/70/66000470.jpg?v=46368e09261fe1dc3f174d407336bebe26a4c693",55
a427bb36-d4fa-48db-9167-3f89656a9e3b,"ｴｺﾄﾚｰ 上顎M（10個）30251","ｼｰｱｲ","https://d15ihgh2blymmz.cloudfront.net/uploads/item_image/4562324632009/4562324632009_1.jpg",55
6851ae4e-30fe-4fcd-bb3d-73867a25da7e,"ｴｺﾄﾚｰ 上顎S（10個）30253","ｼｰｱｲ","https://d15ihgh2blymmz.cloudfront.net/uploads/item_image/4562324631965/4562324631965_1.jpg",55
16681722-683a-4ecb-9f08-154713f2cb5f,"ｴｺﾄﾚｰ 上顎S（10個）30253","ｼｰｱｲ","https://d15ihgh2blymmz.cloudfront.net/uploads/item_image/4562324631965/4562324631965_1.jpg",55
ac39566a-3d15-40b9-a291-367a8a83a825,"ｴｺﾄﾚｰ 下顎L（10個）30250","ｼｰｱｲ","https://d15ihgh2blymmz.cloudfront.net/uploads/item_image/4562324631934/4562324631934_1.jpg",55
6d0c8147-bc2e-4aac-8fd5-0539d485becb,"ｴｺﾄﾚｰ 下顎L（10個）30250","ｼｰｱｲ","https://d15ihgh2blymmz.cloudfront.net/uploads/item_image/4562324631934/4562324631934_1.jpg",55
45ff36d8-e3d1-4c9c-8a4d-180396ab540e,"ｴｺﾄﾚｰ 下顎M（10個）30252","ｼｰｱｲ","https://d15ihgh2blymmz.cloudfront.net/uploads/item_image/4562324631958/thumb_4562324631958_1.jpg",30
4ec8134e-8239-420f-84ae-0ecd2350a5a5,"ｴｺﾄﾚｰ 下顎M（10個）30252","ｼｰｱｲ","https://www.kaunet.com/kaunet/images/goods/main/extra/4736982A.jpg",55
e93b7dbe-9d35-404d-a323-b63699be2529,"ｴｺﾄﾚｰ 下顎S（10個）30254","ｼｰｱｲ","https://d15ihgh2blymmz.cloudfront.net/uploads/item_image/4562324632016/4562324632016_1.jpg",55
166006ea-b283-44a8-b367-fa381fcf27c8,"ｴｺﾄﾚｰ 下顎S（10個）30254","ｼｰｱｲ","https://d15ihgh2blymmz.cloudfront.net/uploads/item_image/4562324632016/4562324632016_1.jpg",55
673a0678-9025-4185-acee-f3061d3cf322,"ｴｺﾄﾚｰ 片顎（右）左上右下（10個）30255","ｼｰｱｲ","https://auctions.c.yimg.jp/images.auctions.yahoo.co.jp/image/dr000/auc0306/users/e81ac9e31e27b6f7c110eee09d1bb8a817cd83f8/i-img1200x1200-16556234551frtwl568837.jpg",55
5e43f7dd-c456-4376-9073-611aa2e84ae4,"ｴｺﾄﾚｰ 片顎（右）左上右下（10個）30255","ｼｰｱｲ","https://d15ihgh2blymmz.cloudfront.net/uploads/item_image/4562324631989/4562324631989_1.jpg",55
e2983846-24c8-43f4-91a1-71f95ff15b66,"ｴｺﾄﾚｰ 片顎（左）右上左下（10個）30256","ｼｰｱｲ","https://d15ihgh2blymmz.cloudfront.net/uploads/item_image/4562324631996/4562324631996_1.jpg",55
fabef115-4878-4d81-b5cd-dede02fec160,"ｴｺﾄﾚｰ 片顎（左）右上左下（10個）30256","ｼｰｱｲ","https://d15ihgh2blymmz.cloudfront.net/uploads/item_image/4562324631996/4562324631996_1.jpg",55
37f4ea32-76d6-4421-9e52-99445fcf054d,"ｵｰﾗﾑ ﾌﾞﾙｰ ﾄﾗｲｱﾝｸﾞﾙ CF 17㎜ 107081","ｼｰｱｲ","https://d15ihgh2blymmz.cloudfront.net/contents/img/goods/supp_img/107081a.jpg",55
85a0e21b-78af-448a-b025-a3d3dd32c6be,"ｵｰﾗﾑ ﾌﾞﾙｰ ﾄﾗｲｱﾝｸﾞﾙ ｱｿｰﾄ 21㎜ 107078","ｼｰｱｲ","https://d15ihgh2blymmz.cloudfront.net/uploads/item_image/8806387850250/8806387850250_1.jpg",55
7f39e091-4116-4e37-96a0-b24c3fe20b33,"ｵｰﾗﾑ ﾌﾞﾙｰ ﾄﾗｲｱﾝｸﾞﾙ ｱｿｰﾄ 21㎜ 107078","ｼｰｱｲ","https://d15ihgh2blymmz.cloudfront.net/contents/img/goods/supp_img/107081a.jpg",55
3ec1d3cd-63e4-49f0-b1de-b5862d5ad5f8,"ｵｰﾗﾙｹﾞｰﾄ 20入　120981","ｼｰｱｲ","https://d15ihgh2blymmz.cloudfront.net/uploads/item_image/4573607570208/4573607570208_1.jpg",55
b925ceb0-8845-47fa-bf21-46e898cfd53e,"ｵｰﾗﾙｹﾞｰﾄ 20入　120981","ｼｰｱｲ","https://d15ihgh2blymmz.cloudfront.net/uploads/item_image/4573607570208/4573607570208_1.jpg",55
a7ac7099-ba07-4928-83e6-7460b3689b98,"ｵｰﾗﾙｹﾞｰﾄ 20入 ｽﾓｰﾙ　123423","ｼｰｱｲ","https://d15ihgh2blymmz.cloudfront.net/uploads/item_image/4573607577207/4573607577207_1.jpg",55
2fbb669e-237e-4f3b-a20e-d1d58676cb66,"ｵｰﾗﾙｹﾞｰﾄ 20入 ｽﾓｰﾙ　123423","ｼｰｱｲ","https://d15ihgh2blymmz.cloudfront.net/uploads/item_image/4573607577207/4573607577207_1.jpg",55
b624e74d-5c93-413b-a80a-33b7a343e5f4,"ｵｰﾙｶﾞｰｾﾞ 個包装1箱 2枚×50ﾊﾟｯｸ　17735","ｼｰｱｲ","https://d15ihgh2blymmz.cloudfront.net/uploads/item_image/4562324613701/4562324613701_1.jpg",55
fb081aff-fc60-42d3-96bf-805c6836d8d8,"ｵｰﾙｶﾞｰｾﾞ 個包装1箱 2枚×50ﾊﾟｯｸ　17735","ｼｰｱｲ","https://d15ihgh2blymmz.cloudfront.net/uploads/item_image/4562324613701/4562324613701_1.jpg",55
8f75208d-98d1-4837-91a3-1c508b488daf,"ｶｰﾊﾞｲﾄﾊﾞｰJ HP ＃700　11580","ｼｰｱｲ","https://d15ihgh2blymmz.cloudfront.net/uploads/item_image/4562324646235/4562324646235_1.jpg",55
0e118d37-49f8-4175-b746-443b5f9bc66e,"ｶｰﾊﾞｲﾄﾊﾞｰJ HP ＃700　11580","ｼｰｱｲ","https://d15ihgh2blymmz.cloudfront.net/uploads/item_image/4562324646235/4562324646235_1.jpg",55
facd6697-5f7f-44c5-8e2a-4211bf818d07,"ｶｰﾊﾞｲﾄﾊﾞｰJ HP ＃701　11581","ｼｰｱｲ","https://www.gc.dental/japan/sites/japan.gc.dental/files/styles/is_product_image/public/japan-migration/gSvcseh9zTEn.jpg?itok=n72Tnfaa",95
d8eec1c3-d9d3-4b61-959c-afde963b526a,"ｶｰﾊﾞｲﾄﾊﾞｰJ HP ＃701　11581","ｼｰｱｲ","https://www.gc.dental/japan/sites/japan.gc.dental/files/styles/is_product_image/public/japan-migration/gSvcseh9zTEn.jpg?itok=n72Tnfaa",95
b2d6e066-c285-409c-9b13-5577f81bab48,"ｶｰﾊﾞｲﾄﾊﾞｰJ HP ＃702","ｼｰｱｲ","https://d15ihgh2blymmz.cloudfront.net/uploads/item_image/2000000172958/2000000172958_1.jpg",55
5371a0c7-994c-4d5e-87be-76bf935ee2b4,"ｶｰﾊﾞｲﾄﾊﾞｰJ HP ＃702","ｼｰｱｲ","https://d15ihgh2blymmz.cloudfront.net/uploads/item_image/4562324646280/4562324646280_1.jpg",55
3df9577c-a8c2-43fb-a7ef-315a3f64a071,"ｶｰﾊﾞｲﾄﾊﾞｰJ HP ＃8 1ﾊﾟｯｸ5本　11578","ｼｰｱｲ","https://d15ihgh2blymmz.cloudfront.net/uploads/item_image/4562324646235/4562324646235_1.jpg",55
7bdc1ec5-4809-4b51-9c3f-e6767ec8e46a,"ｶｰﾊﾞｲﾄﾊﾞｰJ HP ＃8 1ﾊﾟｯｸ5本　11578","ｼｰｱｲ","https://d15ihgh2blymmz.cloudfront.net/uploads/item_image/4562324646235/4562324646235_1.jpg",55
a947dfdc-1695-41c8-a8ee-8986a645a21c,"ｺｰﾅｰR ﾀﾞｲﾔﾓﾝﾄﾞﾊﾞｰ 101SF 5本入","ｼｰｱｲ","https://d15ihgh2blymmz.cloudfront.net/uploads/item_image/4582196104633/4582196104633_1.jpg",55
3032517e-442f-4467-9cdd-b3152026134e,"ｺｰﾅｰR ﾀﾞｲﾔﾓﾝﾄﾞﾊﾞｰ 101SF 5本入","ｼｰｱｲ","https://shop.pdr.co.jp/g_images/series-1993/series-1993_01.jpg",80
20b4f0ce-8a0a-411c-be27-cfbf1feecefa,"ｺｰﾅｰR ﾀﾞｲﾔﾓﾝﾄﾞﾊﾞｰ 103 ﾚｷﾞｭﾗｰ 5本入","ｼｰｱｲ","https://shop.pdr.co.jp/g_images/series-1167/series-1167_04.jpg",80
7bb24d64-a351-4fb0-a9ed-75c7f254b408,"ｺｰﾅｰR ﾀﾞｲﾔﾓﾝﾄﾞﾊﾞｰ 103 ﾚｷﾞｭﾗｰ 5本入","ｼｰｱｲ","https://shop.pdr.co.jp/g_images/series-1167/series-1167_04.jpg",80
04895020-9ccc-47d7-a20d-ebcbe0613105,"ｺｰﾅｰR ﾀﾞｲﾔﾓﾝﾄﾞﾊﾞｰ 103 ﾚｷﾞｭﾗｰ 5本入　21676","ｼｰｱｲ","https://shop.pdr.co.jp/g_images/series-1159/series-1159_03.jpg",80
d82bc1b2-f71d-4e67-a8b3-a54ba4038858,"ｺｰﾅｰR ﾀﾞｲﾔﾓﾝﾄﾞﾊﾞｰ 103 ﾚｷﾞｭﾗｰ 5本入　21676","ｼｰｱｲ","https://shop.pdr.co.jp/g_images/series-1167/series-1167_04.jpg",80
1401edce-0f50-4199-b4fb-9b2643d75f92,"ｺｰﾅｰR ﾀﾞｲﾔﾓﾝﾄﾞﾊﾞｰ 103SF 5本入","ｼｰｱｲ","https://shop.pdr.co.jp/g_images/series-10904/series-10904_01.jpg",80
52ce48dd-07d0-4d10-bd7a-fde8d1d256c8,"ｺｰﾅｰR ﾀﾞｲﾔﾓﾝﾄﾞﾊﾞｰ 103SF 5本入","ｼｰｱｲ","https://d15ihgh2blymmz.cloudfront.net/uploads/item_image/4582196104633/4582196104633_1.jpg",55
2e0890be-6852-4e90-b10d-5aabf091a777,"ｺｰﾅｰR ﾀﾞｲﾔﾓﾝﾄﾞﾊﾞｰ 103SF 5本入　21670","ｼｰｱｲ","https://shop.pdr.co.jp/g_images/series-418/series-418_02.jpg",80
c0a22a1a-66b6-4360-95fa-f564f5f6ed27,"ｺｰﾅｰR ﾀﾞｲﾔﾓﾝﾄﾞﾊﾞｰ 103SF 5本入　21670","ｼｰｱｲ","https://www.komeri.com/images/goods/023/803/73/2380373.jpg",55
0b05957e-1a39-4b57-8653-5388a2081732,"ｺｰﾅｰR ﾀﾞｲﾔﾓﾝﾄﾞﾊﾞｰ 201 ﾚｷﾞｭﾗｰ 5本入 21674","ｼｰｱｲ","https://shop.pdr.co.jp/g_images/series-1159/series-1159_03.jpg",80
cd6bdac8-1610-4ad1-bc5d-606d96359f64,"ｺｰﾅｰR ﾀﾞｲﾔﾓﾝﾄﾞﾊﾞｰ 201 ﾚｷﾞｭﾗｰ 5本入 21674","ｼｰｱｲ","https://shop.pdr.co.jp/g_images/series-1159/series-1159_03.jpg",80
ebe5b62c-cffd-4a8d-b97f-e56cc0d81748,"ｺｰﾅｰR ﾀﾞｲﾔﾓﾝﾄﾞﾊﾞｰ 206 ﾚｷﾞｭﾗｰ  5本入 21673","ｼｰｱｲ","https://shop.pdr.co.jp/g_images/series-1159/series-1159_03.jpg",80
12f792f0-65ac-4e0c-8f63-6bf1fc2dcffb,"ｺｰﾅｰR ﾀﾞｲﾔﾓﾝﾄﾞﾊﾞｰ 206 ﾚｷﾞｭﾗｰ  5本入 21673","ｼｰｱｲ","https://shop.pdr.co.jp/g_images/series-1159/series-1159_03.jpg",80
e5de6179-577d-4ba4-802e-9b9e18747155,"ｺｰﾅｰR ﾀﾞｲﾔﾓﾝﾄﾞﾊﾞｰ 206SF 5本入 21667","ｼｰｱｲ","https://shop.pdr.co.jp/g_images/series-10904/series-10904_01.jpg",80
cd33174f-7587-4a08-a768-cbe329a8f1c7,"ｺｰﾅｰR ﾀﾞｲﾔﾓﾝﾄﾞﾊﾞｰ 206SF 5本入 21667","ｼｰｱｲ","https://shop.pdr.co.jp/g_images/series-10904/series-10904_01.jpg",80
e92c1fb3-d7c7-412d-8f6f-be0f8d61056d,"ｺﾘﾝｽｷｰ筆 #000 1本　37740","ｼｰｱｲ","https://d15ihgh2blymmz.cloudfront.net/uploads/item_image/4589898104916/4589898104916_1.jpg",55
a343af51-1168-4ab4-88c5-dc031daf8932,"ｺﾘﾝｽｷｰ筆 #000 1本　37740","ｼｰｱｲ","https://d15ihgh2blymmz.cloudfront.net/uploads/item_image/4589898104916/4589898104916_1.jpg",55
6bdaa578-17de-4c70-98e5-d14a5c189839,"ｺﾘﾝｽｷｰ筆 #1 1本　37743","ｼｰｱｲ","https://d15ihgh2blymmz.cloudfront.net/uploads/item_image/4589898104947/4589898104947_1.jpg",55
e54ab59c-955e-4770-8284-aec3cd3bdf2d,"ｺﾘﾝｽｷｰ筆 #1 1本　37743","ｼｰｱｲ","https://d15ihgh2blymmz.cloudfront.net/uploads/item_image/4589898104947/4589898104947_1.jpg",55
92d5535a-d30b-424b-919b-b634fa236a32,"ｼｰﾙ it[SPIDENT]　16011","ｼｰｱｲ","https://m.media-amazon.com/images/I/51GtNmGbNhL._AC_SL1360_.jpg",69
b532cebf-7a94-4883-8269-9b8bcc6c7668,"ｼｰﾙ it[SPIDENT]　16011","ｼｰｱｲ","https://m.media-amazon.com/images/I/51GtNmGbNhL._AC_SL1360_.jpg",69
c99f82d9-c7f8-44f4-b386-30b96bf4de54,"ｼﾘﾝｼﾞｽﾀﾝﾄﾞ ﾄﾚｰ付 21本用　35591","ｼｰｱｲ","https://d15ihgh2blymmz.cloudfront.net/uploads/item_image/4562324656043/4562324656043_1.jpg",55
a5de28e0-bf53-4045-af24-95934ea94ea5,"ｼﾘﾝｼﾞｽﾀﾝﾄﾞ ﾄﾚｰ付 21本用　35591","ｼｰｱｲ","https://d15ihgh2blymmz.cloudfront.net/uploads/item_image/4562324656043/4562324656043_1.jpg",55
be8e8f9c-dca5-4fd6-ba25-3303d2e1aa74,"ｽｹｰﾗｰﾁｯﾌﾟNｾｯﾄ NSKｻﾃﾚｯｸ 09032","ｼｰｱｲ","https://d15ihgh2blymmz.cloudfront.net/uploads/item_image/4580282191970/4580282191970_1.jpg",55
d1dfda1e-ac1a-4ee7-8889-bbae1db05271,"ｽｹｰﾗｰﾁｯﾌﾟNｾｯﾄ NSKｻﾃﾚｯｸ 09032","ｼｰｱｲ","https://d15ihgh2blymmz.cloudfront.net/uploads/item_image/4580282191970/4580282191970_1.jpg",55
5709854b-8409-41e9-91fd-932cd8fc7edb,"ｽﾁｰﾙ2段ﾜｺﾞﾝ ﾎﾜｲﾄ　61574","ｼｰｱｲ","https://m.media-amazon.com/images/I/61HMZ5-YmKL._AC_SX679_.jpg",69
8a216007-11e9-4ce4-9c0d-6d42a03c8716,"ｽﾁｰﾙ2段ﾜｺﾞﾝ ﾎﾜｲﾄ　61574","ｼｰｱｲ","https://m.media-amazon.com/images/I/51fNN36XWjL.jpg",73
fdbed7f3-9c74-4952-bf30-7292e65ed962,"ｽﾃﾝﾚｽ ｶｾｯﾃ ﾏﾙﾁ 10本用　04987","ｼｰｱｲ","https://d15ihgh2blymmz.cloudfront.net/uploads/item_image/4562324635116/4562324635116_1.jpg",55
7d87d592-3e37-423b-9db5-8d155af4a248,"ｽﾃﾝﾚｽ ｶｾｯﾃ ﾏﾙﾁ 10本用　04987","ｼｰｱｲ","https://d15ihgh2blymmz.cloudfront.net/uploads/item_image/4562324635116/4562324635116_1.jpg",55
00046197-5f6c-47d5-933e-8da7f469ef65,"ｽﾃﾝﾚｽ ﾏﾄﾘｯｸｽ ｽﾀﾝﾀﾞｰﾄﾞ 0.04㎜　36233","ｼｰｱｲ","https://d15ihgh2blymmz.cloudfront.net/uploads/item_image/4562324657699/4562324657699_1.jpg",55
352a6e6a-2dea-4585-8d47-b20fd7b664c6,"ｽﾃﾝﾚｽ ﾏﾄﾘｯｸｽ ｽﾀﾝﾀﾞｰﾄﾞ 0.04㎜　36233","ｼｰｱｲ","https://m.media-amazon.com/images/I/81-r1P1uhuL._AC_.jpg",71
3271c397-cfce-46c0-9fbe-86c8d4669bc5,"ｽﾃﾝﾚｽﾄｯﾌﾟ ﾒﾃﾞｨｶﾙﾜｺﾞﾝ 大 ｼﾙﾊﾞｰ 109320","ｼｰｱｲ","https://makeshop-multi-images.akamaized.net/jajan/shopimages/89/00/15_000000000089.jpg?1687232950",55
93f6f9fe-9136-4765-a78a-af0627f8611a,"ｽﾃﾝﾚｽﾄｯﾌﾟ ﾒﾃﾞｨｶﾙﾜｺﾞﾝ 大 ｼﾙﾊﾞｰ 109320","ｼｰｱｲ","https://d15ihgh2blymmz.cloudfront.net/uploads/item_image/4997701020771/4997701020771_1.jpg",55
9a35b0b3-8451-4601-8131-87e4b2530ef1,"ｽﾃﾝﾚｽﾄｯﾌﾟ ﾒﾃﾞｨｶﾙﾜｺﾞﾝ 大 ﾌﾞﾗｳﾝ 66049","ｼｰｱｲ","https://d15ihgh2blymmz.cloudfront.net/uploads/item_image/4997701020658/4997701020658_1.jpg",55
c135ad64-761c-400b-8a7e-f3e3bce8e73e,"ｽﾃﾝﾚｽﾄｯﾌﾟ ﾒﾃﾞｨｶﾙﾜｺﾞﾝ 大 ﾌﾞﾗｳﾝ 66049","ｼｰｱｲ","https://makeshop-multi-images.akamaized.net/jajan/shopimages/88/00/13_000000000088.jpg?1687233164",55
018af22b-22e6-4e09-ac4a-96e616f65cdb,"ｽﾃﾝﾚｽﾄﾚｰ(小) 3入　36820","ｼｰｱｲ","https://d15ihgh2blymmz.cloudfront.net/uploads/item_image/4582389541184/4582389541184_1.jpg",55
f7575871-5eee-4291-a27c-0a2af3427305,"ｽﾃﾝﾚｽﾄﾚｰ(小) 3入　36820","ｼｰｱｲ","https://d15ihgh2blymmz.cloudfront.net/uploads/item_image/4582389541184/4582389541184_1.jpg",55
5bf865bd-5125-457b-b953-00943826d3c7,"ｽﾃﾝﾚｽ膿盆 #20 06880","ｼｰｱｲ","https://images-na.ssl-images-amazon.com/images/I/41H4T48pXpL.jpg",75
d2f7f143-2129-45d3-9c54-1480a4a5d95b,"ｽﾃﾝﾚｽ膿盆 #20 06880","ｼｰｱｲ","https://images-na.ssl-images-amazon.com/images/I/41H4T48pXpL.jpg",75
03eb5a33-908c-43a1-83da-629b533f0213,"ｽﾎﾟﾝｼﾞﾌﾞﾗｼ ｸﾛｰﾊﾞｰ　50本入個包装　32357","ｼｰｱｲ","https://shop.saraya.com/ps/img/product/42450.jpg",55
b82787a2-489d-49cc-810e-fbb7576edafc,"ｾｸｼｮﾅﾙﾘﾝｸﾞ ﾌﾗｯﾄW　25088","ｼｰｱｲ","https://d15ihgh2blymmz.cloudfront.net/uploads/item_image/4562324612254/4562324612254_1.jpg",55
e50a1319-139d-48e2-baf0-215e3e6f3008,"ｾｸｼｮﾅﾙﾘﾝｸﾞ ﾌﾗｯﾄW　25088","ｼｰｱｲ","https://d15ihgh2blymmz.cloudfront.net/uploads/item_image/4562324612254/4562324612254_1.jpg",55
a84f26c5-0577-4cdb-83ae-cd441081d1d9,"ｾﾞｸﾘﾝ(舌ｸﾘｰﾅｰ)袋入り/ｿﾌﾄ 12020","ｼｰｱｲ","https://d15ihgh2blymmz.cloudfront.net/uploads/item_image/4560191829867/4560191829867_2.jpg",55
04ff014b-c590-4ed7-9b81-da629aecd4e2,"ｾﾞｸﾘﾝ(舌ｸﾘｰﾅｰ)袋入り/ｿﾌﾄ 12020","ｼｰｱｲ","https://d15ihgh2blymmz.cloudfront.net/uploads/item_image/4560191829867/4560191829867_2.jpg",55
1566abec-a045-475d-b266-743337436957,"ｾﾞｸﾘﾝ(舌ｸﾘｰﾅｰ)袋入りﾚｷﾞｭﾗｰ 20本 3065","ｼｰｱｲ","https://d15ihgh2blymmz.cloudfront.net/uploads/item_image/2000000099200/2000000099200_1.jpg",55
f9c7c8cd-10d3-44d4-8f2e-73b2a8d46e38,"ｾﾞｯｸﾘｱﾊﾞｰ J 23mm #Zekrya F 1ﾊﾟｯｸ（2本）05773","ｼｰｱｲ","https://d15ihgh2blymmz.cloudfront.net/uploads/item_image/4562324646419/4562324646419_1.jpg",55
b52d1589-50d9-479c-917e-1be2c864e978,"ｾﾞｯｸﾘｱﾊﾞｰ J 23mm #Zekrya F 1ﾊﾟｯｸ（2本）05773","ｼｰｱｲ","https://shop.pdr.co.jp/g_images/series-10692/series-10692_01.jpg",80
9bd4a84c-1cc5-4bab-9822-882594bc6327,"ｾﾞｯｸﾘｱﾊﾞｰ J 23mm #Zekrya F 1ﾊﾟｯｸ（2本）80105773","ｼｰｱｲ","https://d15ihgh2blymmz.cloudfront.net/uploads/item_image/4562324646419/4562324646419_1.jpg",55
fb3d02e8-424a-4a27-8de4-6d348394d06e,"ｾﾞｯｸﾘｱﾊﾞｰ J 23mm #Zekrya F 1ﾊﾟｯｸ（2本）80105773","ｼｰｱｲ","https://d15ihgh2blymmz.cloudfront.net/uploads/item_image/4562324646419/4562324646419_1.jpg",55
3fba8a3e-591f-41af-9ab4-77672d81fd29,"ｾﾞｯｸﾘｱﾊﾞｰ J 23mm #Zekrya FGL 1ﾊﾟｯｸ（2本）05773","ｼｰｱｲ","https://d15ihgh2blymmz.cloudfront.net/uploads/item_image/4562324646419/4562324646419_1.jpg",55
4958a8c0-3c30-4d1d-bad7-fdf9023ce94c,"ｾﾞｯｸﾘｱﾊﾞｰ J 23mm #Zekrya FGL 1ﾊﾟｯｸ（2本）05773","ｼｰｱｲ","https://d15ihgh2blymmz.cloudfront.net/uploads/item_image/4562324646419/4562324646419_1.jpg",55
4d9a5781-75a0-4642-967f-3b62ee928863,"ｾﾞｯｸﾘｱﾊﾞｰ J 28mm #Zekrya FGXL 1ﾊﾟｯｸ　05774","ｼｰｱｲ","https://d15ihgh2blymmz.cloudfront.net/uploads/item_image/4562324646419/4562324646419_1.jpg",55
f9597d71-8daa-4df1-9ba3-7dc4035d61fd,"ｾﾞｯｸﾘｱﾊﾞｰ J 28mm #Zekrya FGXL 1ﾊﾟｯｸ　05774","ｼｰｱｲ","https://d15ihgh2blymmz.cloudfront.net/uploads/item_image/4562324646419/4562324646419_1.jpg",55
7dc704e4-efb1-4e9d-895f-3a73e3629405,"ｾﾗﾀﾞｲﾔ J ｷｯﾄ　39683","ｼｰｱｲ","https://d15ihgh2blymmz.cloudfront.net/uploads/item_image/4589898108969/4589898108969_2.jpg",55
9d260380-8a40-487f-90c2-0b9febd70424,"ｾﾗﾀﾞｲﾔ J ｷｯﾄ　39683","ｼｰｱｲ","https://d15ihgh2blymmz.cloudfront.net/uploads/item_image/4589898108969/4589898108969_2.jpg",55
90320fc2-572a-4b42-a473-43544ecabced,"ﾂｲﾝﾌﾟﾗｶﾞｰ#1　42535","ｼｰｱｲ","https://d15ihgh2blymmz.cloudfront.net/uploads/item_image/4580532472118/4580532472118_1.jpg",55
d87c005a-d682-429c-b159-31005532d560,"ﾂｲﾝﾌﾟﾗｶﾞｰ#1　42535","ｼｰｱｲ","https://d15ihgh2blymmz.cloudfront.net/uploads/item_image/4580532472118/4580532472118_1.jpg",55
6b420e1e-abd1-4538-9a54-36584306165a,"ﾂｲﾝﾌﾟﾗｶﾞｰ#3　42537","ｼｰｱｲ","https://d15ihgh2blymmz.cloudfront.net/uploads/item_image/4580532472132/4580532472132_1.jpg",55
b43144d2-16f4-4214-8107-1acedf6a215e,"ﾂｲﾝﾌﾟﾗｶﾞｰ#3　42537","ｼｰｱｲ","https://d15ihgh2blymmz.cloudfront.net/uploads/item_image/4580532472132/4580532472132_1.jpg",55
1c7760e3-9ca5-4fd6-9131-93d76728a043,"ﾃﾞｨｽﾍﾟﾝｻｰ＋ﾊﾞﾘｱﾌｨﾙﾑ ﾘﾌｨﾙ ﾌﾞﾙｰ 05999","ｼｰｱｲ","https://d15ihgh2blymmz.cloudfront.net/uploads/item_image/4582196109706/4582196109706_1.jpg",55
3676ddfa-46fd-4e3f-811f-6cff819dff69,"ﾃﾞｨｽﾍﾟﾝｻｰ＋ﾊﾞﾘｱﾌｨﾙﾑ ﾘﾌｨﾙ ﾌﾞﾙｰ 05999","ｼｰｱｲ","https://d15ihgh2blymmz.cloudfront.net/uploads/item_image/4582196109706/4582196109706_1.jpg",55
e7db9cbf-ecfc-4343-a150-b2de3176b4aa,"ﾃﾞｨｽﾎﾟ紙ｴﾌﾟﾛﾝ ﾋﾓ付ｲｴﾛｰ 1箱(100枚)　17396","ｼｰｱｲ","https://d15ihgh2blymmz.cloudfront.net/uploads/item_image/4571195653310/4571195653310_1.jpg",55
0f3c43b4-9eba-4907-986b-0fa7a22e0ec4,"ﾃﾞﾘﾊﾞｲﾄ　75ml　05281","ｼｰｱｲ","https://d15ihgh2blymmz.cloudfront.net/uploads/item_image/2000000594644/2000000594644_1.jpg",55
05b87445-4b28-40ef-aedc-d8f3abb3f4a6,"ﾃﾞﾘﾊﾞｲﾄ　75ml　05281","ｼｰｱｲ","https://d15ihgh2blymmz.cloudfront.net/uploads/item_image/2000000594644/2000000594644_1.jpg",55
a2b6f0d5-fd6c-44d1-a915-9b5fc82a339a,"ﾃﾞﾝﾀﾙﾀﾞﾑ 5ｲﾝﾁ 中 ｸﾞﾘｰﾝ 1箱 20590","ｼｰｱｲ","https://d15ihgh2blymmz.cloudfront.net/uploads/item_image/4582196102417/4582196102417_1.jpg",55
a168840c-84cf-497e-833d-075b36b84e9e,"ﾃﾞﾝﾀﾙﾀﾞﾑ 5ｲﾝﾁ 中 ｸﾞﾘｰﾝ 1箱 20590","ｼｰｱｲ","https://d15ihgh2blymmz.cloudfront.net/uploads/item_image/4582196102417/4582196102417_1.jpg",55
e7c82ae1-f047-4e36-8bab-967cc8b511fe,"ﾃﾞﾝﾀﾙﾀﾞﾑ 5ｲﾝﾁ 薄ﾌﾞﾙｰ/無香料 1箱 20587","ｼｰｱｲ","https://d15ihgh2blymmz.cloudfront.net/uploads/item_image/4582196102417/4582196102417_1.jpg",55
83ac8cb1-c487-40da-915f-dbfe8eb7acc8,"ﾃﾞﾝﾀﾙﾀﾞﾑ 5ｲﾝﾁ 薄ﾌﾞﾙｰ/無香料 1箱 20587","ｼｰｱｲ","https://d15ihgh2blymmz.cloudfront.net/uploads/item_image/4582196102417/4582196102417_1.jpg",55
fd20accd-62ee-4f83-aacc-8dbdb9a64b53,"ﾃﾞﾝﾀﾙﾀﾞﾑ 6ｲﾝﾁ 薄ﾌﾞﾙｰ/無香料 1箱　20593","ｼｰｱｲ","https://d15ihgh2blymmz.cloudfront.net/uploads/item_image/4582196102448/4582196102448_1.jpg",55
fe146e9c-37ad-48fe-8824-68c73ecae223,"ﾃﾞﾝﾀﾙﾀﾞﾑ 6ｲﾝﾁ 薄ﾌﾞﾙｰ/無香料 1箱　20593","ｼｰｱｲ","https://d15ihgh2blymmz.cloudfront.net/uploads/item_image/4571259066957/4571259066957_1.jpg",55
a5b956b8-c909-400b-a31b-06cd26fc20da,"ﾃﾞﾝﾀﾙ歯ﾌﾞﾗｼ ふつう 60本　111928","ｼｰｱｲ","https://img.fril.jp/img/738369756/l/2482689378.jpg?1736921180",55
6e316b96-c700-4259-9f1e-71c389616767,"ﾃﾞﾝﾀﾙ歯ﾌﾞﾗｼ ふつう 60本　111928","ｼｰｱｲ","https://img.fril.jp/img/738369756/l/2482689378.jpg?1736921180",55
40f438fb-81e1-4245-9735-185d0cf4c88d,"ﾄｩｰｽﾃﾞｻﾞｲﾝﾃﾞｨｽﾍﾟﾝｻｰ 8穴 ｸﾞﾘｰﾝ　08376","ｼｰｱｲ","https://d15ihgh2blymmz.cloudfront.net/uploads/item_image/4589898176319/4589898176319_1.jpg",55
acf91252-5e91-4c47-bdfa-141e9769b4af,"ﾄｩｰｽﾃﾞｻﾞｲﾝﾃﾞｨｽﾍﾟﾝｻｰ 8穴 ｸﾞﾘｰﾝ　08376","ｼｰｱｲ","https://d15ihgh2blymmz.cloudfront.net/uploads/item_image/4589898176319/4589898176319_1.jpg",55
c1f471cc-bbc8-4f0f-bba3-db9e93d0cede,"ﾄｩｰｽﾃﾞｻﾞｲﾝﾃﾞｨｽﾍﾟﾝｻｰ 8穴 ﾗｲﾄﾌﾞﾙｰ　08378","ｼｰｱｲ","https://d15ihgh2blymmz.cloudfront.net/uploads/item_image/4589898113123/4589898113123_1.jpg",55
8500d7de-e1f6-46ae-aa6d-3af1e7ef3da3,"ﾄｩｰｽﾃﾞｻﾞｲﾝﾃﾞｨｽﾍﾟﾝｻｰ 8穴 ﾗｲﾄﾌﾞﾙｰ　08378","ｼｰｱｲ","https://d15ihgh2blymmz.cloudfront.net/uploads/item_image/4589898113123/4589898113123_1.jpg",55
dcdb45b3-d579-4b16-80f7-7595e68b5e5b,"ﾅﾌﾟｷﾝｸﾘｯﾌﾟ ﾎﾜｲﾄ1ｾｯﾄ（5本）35170","ｼｰｱｲ","https://d2n1yksyrui2ua.cloudfront.net/img/goods/Z/2500100213716.jpg",55
4ef507cf-ed97-4b80-ac38-d358f9201707,"ﾅﾌﾟｷﾝｸﾘｯﾌﾟ ﾎﾜｲﾄ1ｾｯﾄ（5本）35170","ｼｰｱｲ","https://d2n1yksyrui2ua.cloudfront.net/img/goods/Z/2500100213716.jpg",55
57141dbe-24ca-4614-a912-1c44cc1cbbb3,"ﾉﾝﾗﾃｯｸｽ ﾃﾞﾝﾀﾙﾀﾞﾑ ﾊﾟｰﾌﾟﾙ 6ｲﾝﾁ 29333","ｼｰｱｲ","https://shop.r10s.jp/d-fit/cabinet/itemimg/29333_sam.jpg",55
8cb80b40-930b-4fed-94b0-8493c5d61eb6,"ﾉﾝﾗﾃｯｸｽ ﾃﾞﾝﾀﾙﾀﾞﾑ ﾊﾟｰﾌﾟﾙ 6ｲﾝﾁ 29333","ｼｰｱｲ","https://shop.r10s.jp/d-fit/cabinet/itemimg/29333_sam.jpg",55
391a83fb-cd8e-4761-8325-e14108664013,"ﾊﾞｷｭｰﾑﾁｯﾌﾟ ｽﾀﾝﾀﾞｰﾄﾞ 10個　12390","ｼｰｱｲ","https://shop.pdr.co.jp/g_images/series-11710/series-11710_02.jpg",80
54cea9ec-dcfb-467a-8217-2c5e631f2701,"ﾊﾞｷｭｰﾑﾁｯﾌﾟ ｽﾀﾝﾀﾞｰﾄﾞ 10個　12390","ｼｰｱｲ","https://shop.pdr.co.jp/g_images/series-11710/series-11710_02.jpg",80
d3e727e0-5011-4821-9479-edfd4a180eab,"ﾊﾟﾉﾗﾏﾊﾞｲﾄﾌﾞﾛｯｸｶﾊﾞｰ300枚入り　17103","ｼｰｱｲ","https://m.media-amazon.com/images/I/81-W7kweoiL._SL1500_.jpg",74
ba07cd4f-c1c2-4dbb-a084-4f3685fb5612,"ﾊﾞﾘｱﾌｨﾙﾑ ﾘﾌｨﾙ ﾌﾞﾙｰ　9260","ｼｰｱｲ","https://d15ihgh2blymmz.cloudfront.net/uploads/item_image/4582196109706/4582196109706_1.jpg",55
f238afa5-9e25-42de-b862-9dac72447293,"ﾊﾞﾘｱﾌｨﾙﾑ ﾘﾌｨﾙ ﾌﾞﾙｰ　9260","ｼｰｱｲ","https://d15ihgh2blymmz.cloudfront.net/uploads/item_image/4582196109706/4582196109706_1.jpg",55
430f4f53-87c7-4dfc-aa80-b4ccb5a8082a,"ﾊﾟﾙｽｵｷｼﾒｰﾀｰ POD-1 ﾎﾜｲﾄ×ﾗﾍﾞﾝﾀﾞｰ　104275","ｼｰｱｲ","https://m.media-amazon.com/images/I/31qckKi2v3L.jpg",75
1884c726-5216-4940-999a-aae289ec0c84,"ﾊﾟﾙｽｵｷｼﾒｰﾀｰ POD-1 ﾎﾜｲﾄ×ﾗﾍﾞﾝﾀﾞｰ　104275","ｼｰｱｲ","https://m.media-amazon.com/images/I/31qckKi2v3L.jpg",75
65cab22b-7b11-4ba0-b55a-8590ab95260a,"ﾊﾞﾝﾄﾞﾏﾄﾘｯｸｽ#1","ｼｰｱｲ","http://technika.co.jp/cdn/shop/files/0306170013_65e8228de62ce.png?v=1721902108",55
83f5807c-5dcf-41b4-8bbe-94aade9b66e0,"ﾊﾞﾝﾄﾞﾏﾄﾘｯｸｽ#1","ｼｰｱｲ","http://technika.co.jp/cdn/shop/files/0306170013_65e8228de62ce.png?v=1721902108",55
7ee8761d-d9b8-4d98-9461-9313e7ff748e,"ﾊﾞﾝﾄﾞﾏﾄﾘｯｸｽ#1　111581","ｼｰｱｲ","https://shop.pdr.co.jp/g_images/series-11265/series-11265_02.jpg",80
8577583d-02d0-4242-9e9c-5d78a23a893b,"ﾊﾞﾝﾄﾞﾏﾄﾘｯｸｽ#1　111581","ｼｰｱｲ","https://shop.pdr.co.jp/g_images/series-11265/series-11265_02.jpg",80
ced3be56-d7cd-44db-a99b-d267526eb5b9,"ﾋﾞｯｸﾞｼﾘｺﾝﾎﾟｲﾝﾄ HP ｴｸｽﾄﾗｺｰｽ 12本　33968","ｼｰｱｲ","https://d15ihgh2blymmz.cloudfront.net/uploads/item_image/4548162041814/4548162041814_1.jpg",55
81a7597b-ee96-4650-8bc4-9dcfaabd15a0,"ﾋﾞｯｸﾞｼﾘｺﾝﾎﾟｲﾝﾄ HP ｴｸｽﾄﾗｺｰｽ 12本　33968","ｼｰｱｲ","https://d15ihgh2blymmz.cloudfront.net/uploads/item_image/4548162041814/4548162041814_1.jpg",55
d249a80a-4564-4c58-94ba-1135505db438,"ﾋﾞｯｸﾞｼﾘｺﾝﾎﾟｲﾝﾄ HP ｺｰｽ 12本　32109","ｼｰｱｲ","https://shop.r10s.jp/genki-sokai/cabinet/m_y050000-y054999/s_3200/y053224-000-000.jpg",55
001e34e1-8990-4604-9cd0-7f59e463fc43,"ﾋﾞｯｸﾞｼﾘｺﾝﾎﾟｲﾝﾄ HP ｺｰｽ 12本　32109","ｼｰｱｲ","https://cdndental.feed.jp/contents/common/img/goods/product/11ND091800/11ND091800_L.jpg",45
c6ac6e80-c50b-48ea-bee2-e8b699f3684b,"ﾌﾟﾗ ﾀﾞｯﾍﾟﾝﾃﾞｨｯｼｭ ﾎﾜｲﾄ 8357","ｼｰｱｲ","https://shop.pdr.co.jp/g_images/series-11044/series-11044_02.jpg",80
e29afba2-caab-458d-a6c6-48f5b397e9ca,"ﾌﾟﾗ ﾀﾞｯﾍﾟﾝﾃﾞｨｯｼｭ ﾎﾜｲﾄ 8357","ｼｰｱｲ","https://shop.pdr.co.jp/g_images/series-11044/series-11044_02.jpg",80
827e9033-e50c-4ea9-a703-cc98b8eda386,"ﾌﾟﾗｲﾔｰﾗｳﾝﾄﾞﾗｯｸ 1個　22774","ｼｰｱｲ","https://m.media-amazon.com/images/I/71FR3yXKBhL._AC_SL1500_.jpg",71
62ca5276-09d3-4742-8564-e349075b4b62,"ﾌﾟﾗｲﾔｰﾗｳﾝﾄﾞﾗｯｸ 1個　22774","ｼｰｱｲ","https://m.media-amazon.com/images/I/71FR3yXKBhL._AC_SL1500_.jpg",71
bad4e81d-ddd7-49df-943b-4fe58b445348,"ﾌﾟﾗｸﾞｲﾝｽﾀﾝﾄﾞDEN 12穴ﾌﾞﾙｰ 1個　33707","ｼｰｱｲ","https://d15ihgh2blymmz.cloudfront.net/uploads/item_image/4562324647904/4562324647904_1.jpg",55
77d8fe28-2f4c-4d6e-9e72-c990d17f8e0a,"ﾌﾚｷｼﾌﾞﾙｺﾝﾄﾗｽﾀｰ 前歯用 105144","ｼｰｱｲ","https://d15ihgh2blymmz.cloudfront.net/uploads/item_image/4580532517550/4580532517550_2.jpg",55
810c6f5b-7751-48f1-803c-fa51cedc0106,"ﾌﾚｷｼﾌﾞﾙｺﾝﾄﾗｽﾀｰ 前歯用 105144","ｼｰｱｲ","https://d15ihgh2blymmz.cloudfront.net/uploads/item_image/4580532517550/4580532517550_2.jpg",55
d1c095b5-b281-48c5-8032-b43a62088aa6,"ﾌﾟﾚﾊﾟﾚｰｼｮﾝｷｯﾄJ　42331","ｼｰｱｲ","https://d15ihgh2blymmz.cloudfront.net/uploads/item_image/4580282192946/4580282192946_1.jpg",55
61519926-cb1d-4040-8799-5d7a82b027a6,"ﾌﾟﾚﾊﾟﾚｰｼｮﾝｷｯﾄJ　42331","ｼｰｱｲ","https://d15ihgh2blymmz.cloudfront.net/uploads/item_image/4580282192946/4580282192946_1.jpg",55
83da7cd6-1563-4a74-9680-cdae6893d408,"ﾌﾟﾛﾃｸｼｮﾝﾃｰﾌﾟ 112986","ｼｰｱｲ","https://tshop.r10s.jp/plusysbtob/cabinet/y_nagai_02/92831_1.jpg?fitin=300:300",65
b7a5fbf2-8a9a-44e0-90d9-291c1f3f4e59,"ﾌﾟﾛﾃｸｼｮﾝﾃｰﾌﾟ 112986","ｼｰｱｲ","https://tshop.r10s.jp/plusysbtob/cabinet/y_nagai_02/92831_1.jpg?fitin=300:300",65
58231933-a98b-4a7b-ad9e-5f09a18cf14a,"ﾌﾟﾛﾌｨｰﾌﾞﾗｼ CA ﾐﾃﾞｨｱﾑ ﾊﾟｰﾌﾟﾙ　13640","ｼｰｱｲ","https://shop.pdr.co.jp/g_images/series-10989/series-10989_01.jpg",80
f956802f-4011-4c85-9975-ee4b49c166ea,"ﾌﾟﾛﾌｨｰﾌﾞﾗｼ CA ﾐﾃﾞｨｱﾑ ﾊﾟｰﾌﾟﾙ　13640","ｼｰｱｲ","https://shop.pdr.co.jp/g_images/series-10989/series-10989_01.jpg",80
0771b346-b3e1-4174-a489-287660f674ae,"ﾍﾟｰﾊﾟｰｴﾌﾟﾛﾝ 5ｶﾗｰﾐｯｸｽ　22951","ｼｰｱｲ","https://image.rakuten.co.jp/shizaicom-rt/cabinet/kawanishi/03135607/imgrc0121502847.jpg",55
0384f12d-4594-49c8-8808-a6ef6523ad51,"ﾍﾟｰﾊﾟｰｴﾌﾟﾛﾝ 5ｶﾗｰﾐｯｸｽ　22951","ｼｰｱｲ","https://image.rakuten.co.jp/shizaicom-rt/cabinet/kawanishi/03135607/imgrc0121502847.jpg",55
85496cb9-4223-40ab-b66f-8d04d6912a6c,"ﾏｲｸﾛｱﾌﾟﾘｹｰﾀｰ ﾌｧｲﾝ ｸﾞﾘｰﾝ100本 16538","ｼｰｱｲ","https://d15ihgh2blymmz.cloudfront.net/uploads/item_image/2000000857503/2000000857503_1.jpg",55
d4cab2ae-ece4-478f-9b0f-c529bdc431c5,"ﾏｲｸﾛｱﾌﾟﾘｹｰﾀｰ ﾌｧｲﾝ ｸﾞﾘｰﾝ100本 16538","ｼｰｱｲ","https://d15ihgh2blymmz.cloudfront.net/uploads/item_image/2000000857503/2000000857503_1.jpg",55
0971933a-699f-47dc-bc52-d4790e3d4a93,"ﾏｲｸﾛｱﾌﾟﾘｹｰﾀｰｽｰﾊﾟｰﾌｧｲﾝｲｴﾛｰ100本 16539","ｼｰｱｲ","https://m.media-amazon.com/images/I/31L1G-+kFsL._AC_SY355_.jpg",63
ad60d35f-a2f7-4f95-893e-bda2450f0246,"ﾏｲｸﾛｱﾌﾟﾘｹｰﾀｰｽｰﾊﾟｰﾌｧｲﾝｲｴﾛｰ100本 16539","ｼｰｱｲ","https://m.media-amazon.com/images/I/31L1G-+kFsL._AC_SY355_.jpg",63
1bbb431c-29b6-484b-9180-53c3f57c3e32,"ﾏｳｽｶﾞｰﾄﾞｼﾞｽｸ 3A 1.0mm 1箱","ｼｰｱｲ","https://shop.r10s.jp/yuzawakikaku/cabinet/r_y052200-y053999/y052960-000-000.jpg",55
bfd7141f-d94c-40c9-b0e4-7ec18e6aa078,"ﾏｳｽｶﾞｰﾄﾞｼﾞｽｸ 3A 1.0mm 1箱","ｼｰｱｲ","https://shop.r10s.jp/yuzawakikaku/cabinet/r_y052200-y053999/y052960-000-000.jpg",55
2852b62f-dad3-400e-a863-c6bff6eb5e18,"ﾏｳｽｶﾞｰﾄﾞｼﾞｽｸ 3A 1.0mm 1箱　18983","ｼｰｱｲ","https://shop.r10s.jp/yuzawakikaku/cabinet/r_y052200-y053999/y052960-000-000.jpg",55
c0a81c32-126d-484d-bbc8-a0b3708e7820,"ﾏｳｽｶﾞｰﾄﾞｼﾞｽｸ 3A 1.0mm 1箱　18983","ｼｰｱｲ","https://shop.r10s.jp/yuzawakikaku/cabinet/r_y052200-y053999/y052960-000-000.jpg",55
9f9d70aa-4f89-41c7-9c0c-b0d52a887182,"ﾏｳｽｶﾞｰﾄﾞｼﾞｽｸ 3A 1.5mm 1箱　18984","ｼｰｱｲ","https://d15ihgh2blymmz.cloudfront.net/uploads/item_image/2000000885773/2000000885773_1.jpg",55
1a0ddc6d-deb0-4426-a040-bfa1a4d8a4f8,"ﾏｳｽｶﾞｰﾄﾞｼﾞｽｸ 3A 1.5mm 1箱　18984","ｼｰｱｲ","https://d15ihgh2blymmz.cloudfront.net/uploads/item_image/2000000885773/2000000885773_1.jpg",55
8b317253-9fdc-404b-81e4-969f42f36df1,"ﾏｳｽｶﾞｰﾄﾞｼﾞｽｸ 3A 3.0mm 1箱　18988","ｼｰｱｲ","https://shop.r10s.jp/yuzawakikaku/cabinet/r_y052200-y053999/y052960-000-000.jpg",55
e3c6ea2f-d50d-457a-915d-07a0ba571268,"ﾏｳｽｶﾞｰﾄﾞｼﾞｽｸ 3A 3.0mm 1箱　18988","ｼｰｱｲ","https://shop.r10s.jp/yuzawakikaku/cabinet/r_y052200-y053999/y052960-000-000.jpg",55
fecd87aa-3df2-4c8d-bf2e-fde923e3c06f,"ﾏｳｽｶﾞｰﾄﾞｼﾞｽｸ 3A 3.0mm 1箱　80118988","ｼｰｱｲ","https://shop.r10s.jp/yuzawakikaku/cabinet/r_y052200-y053999/y052960-000-000.jpg",55
3b2d823a-592d-4f5f-840d-3b0d43416e62,"ﾏﾝﾄﾞﾚｰﾙST 5-2/ﾍｯﾄﾞφ5mm 5本　35339","ｼｰｱｲ","https://d15ihgh2blymmz.cloudfront.net/uploads/item_image/4589898139307/4589898139307_1.jpg",55
ec87cd4a-ccd4-4fdc-9345-8c39a5631ab4,"ﾏﾝﾄﾞﾚｰﾙST 5-2/ﾍｯﾄﾞφ5mm 5本　35339","ｼｰｱｲ","https://d15ihgh2blymmz.cloudfront.net/uploads/item_image/4589898139307/4589898139307_1.jpg",55
498cd913-5eb4-4521-9518-def73f029512,"ﾐﾘｱﾑﾂｲｰｻﾞｰAA ｷﾞｻﾞ付　16126","ｼｰｱｲ","https://d15ihgh2blymmz.cloudfront.net/uploads/item_image/4562189969258/4562189969258_1.jpg",55
4f92651f-9ba2-4a04-ac77-c52363bbd539,"ﾐﾘｱﾑﾂｲｰｻﾞｰAA ｷﾞｻﾞ付　16126","ｼｰｱｲ","https://d15ihgh2blymmz.cloudfront.net/uploads/item_image/4562189969258/4562189969258_1.jpg",55
85dc2c36-7266-47e5-897b-1065e1b3ba21,"ﾒﾀﾙﾊﾟﾝﾁﾝｸﾞｽﾄﾘｯﾌﾟｽ 12本　24921","ｼｰｱｲ","https://d15ihgh2blymmz.cloudfront.net/uploads/item_image/4562324606543/4562324606543_1.jpg",55
8f6d5ba6-5ea6-4f2f-b348-6b7ca65e17de,"ﾒﾀﾙﾊﾟﾝﾁﾝｸﾞｽﾄﾘｯﾌﾟｽ 12本　24921","ｼｰｱｲ","https://d15ihgh2blymmz.cloudfront.net/uploads/item_image/4562324606543/4562324606543_1.jpg",55
f0dbf31a-33e6-4b5b-8b91-9f94badc83ad,"ﾒﾀﾙﾏﾄﾘｯｸｽ ｱﾝﾃﾘｱﾀｲﾌﾟ M 42266","ｼｰｱｲ","https://d15ihgh2blymmz.cloudfront.net/uploads/item_image/4589898182419/4589898182419_2.jpg",55
1fe82159-ea72-48c0-b04f-b363df1aa925,"ﾒﾀﾙﾏﾄﾘｯｸｽ ｱﾝﾃﾘｱﾀｲﾌﾟ M 42266","ｼｰｱｲ","https://d15ihgh2blymmz.cloudfront.net/uploads/item_image/4589898182419/4589898182419_2.jpg",55
255404a8-b41d-429b-89cd-b782b0bf47d0,"ﾒﾀﾙﾏﾄﾘｯｸｽ ｻﾄﾞﾙｶｰﾌﾞﾀｲﾌﾟ Mﾀｲﾌﾟ　24899","ｼｰｱｲ","https://d15ihgh2blymmz.cloudfront.net/uploads/item_image/4589898163777/4589898163777_1.jpg",55
b046c85f-ee30-4b6f-b6be-030e1a2f69f8,"ﾒﾀﾙﾏﾄﾘｯｸｽ ｻﾄﾞﾙｶｰﾌﾞﾀｲﾌﾟ Mﾀｲﾌﾟ　24899","ｼｰｱｲ","https://d15ihgh2blymmz.cloudfront.net/uploads/item_image/4589898163777/4589898163777_1.jpg",55
65867502-9d51-4fd2-ad49-ebf9a6172607,"ﾒﾀﾙﾏﾄﾘｯｸｽ ｻﾄﾞﾙｶｰﾌﾞﾀｲﾌﾟ ｱｿｰﾄ　06618","ｼｰｱｲ","https://d15ihgh2blymmz.cloudfront.net/uploads/item_image/4589898163777/4589898163777_1.jpg",55
1cd6939c-d57d-4a84-b95c-fdb5bb8146a8,"ﾒﾀﾙﾏﾄﾘｯｸｽ ﾘｱﾙｶｰﾌﾞﾀｲﾌﾟ ｾｯﾄ　107132","ｼｰｱｲ","https://d15ihgh2blymmz.cloudfront.net/uploads/item_image/4580532523803/4580532523803_1.jpg",55
b2f94727-f8b8-45c1-9304-61d394ccc45d,"ﾒﾀﾙﾏﾄﾘｯｸｽ ﾘｱﾙｶｰﾌﾞﾀｲﾌﾟ ｾｯﾄ　107132","ｼｰｱｲ","https://d15ihgh2blymmz.cloudfront.net/uploads/item_image/4580532523803/4580532523803_1.jpg",55
1bd11731-4304-48e0-9e77-d26126d93576,"ﾓｽｷｰﾄAA 直　16175","ｼｰｱｲ","https://d2n1yksyrui2ua.cloudfront.net/img/goods/Z/2500100190581.jpg",55
80640bc8-8f8b-49ec-8e0d-849c5f944182,"ﾓｽｷｰﾄAA 直　16175","ｼｰｱｲ","https://d2n1yksyrui2ua.cloudfront.net/img/goods/Z/2500100190581.jpg",55
98603fd6-7845-4615-9338-7f4ded3e4f83,"ﾗﾊﾞｰﾀﾞﾑﾊﾟﾝﾁAA　16144","ｼｰｱｲ","https://shop.pdr.co.jp/g_images/series-10720/series-10720_02.jpg",80
3aaa0a69-86b4-491b-a22f-e1dde6696592,"ﾗﾊﾞｰﾀﾞﾑﾊﾟﾝﾁAA　16144","ｼｰｱｲ","https://shop.pdr.co.jp/g_images/series-10720/series-10720_02.jpg",80
0bcaac4a-c12b-4b21-886f-ade6ca1cccd4,"ﾗﾊﾞｰﾀﾞﾑﾌﾚｰﾑ ｱﾀﾞﾙﾄ　7245","ｼｰｱｲ","https://thumb-nss.xhcdn.com/a/kzuDnbAtW7Rlo2B-yusrYA/024/697/145/1280x720.17165326.jpg",50
b4de5dd5-e888-4bd3-89a5-78faa0dd8ed7,"ﾗﾊﾞｰﾀﾞﾑﾌﾚｰﾑ ｱﾀﾞﾙﾄ　7245","ｼｰｱｲ","https://thumb-nss.xhcdn.com/a/kzuDnbAtW7Rlo2B-yusrYA/024/697/145/1280x720.17165326.jpg",50
e34ed813-55e9-421d-93d7-f50f13f8ec2d,"ﾗﾎﾞﾗﾄﾘｰｶｰﾊﾞｲﾄﾊﾞｰac ｸﾛｽｶｯﾄ ｽｰﾊﾟｰｺｰｽ φ6.0mm　21172","ｼｰｱｲ","https://d15ihgh2blymmz.cloudfront.net/uploads/item_image/4582196105005/4582196105005_1.jpg",55
c75812c8-784a-464e-8dec-ba34be284607,"ﾗﾎﾞﾗﾄﾘｰｶｰﾊﾞｲﾄﾊﾞｰac ｸﾛｽｶｯﾄ ｽｰﾊﾟｰｺｰｽ φ6.0mm　21172","ｼｰｱｲ","https://d15ihgh2blymmz.cloudfront.net/uploads/item_image/4582196105005/4582196105005_1.jpg",55
a2a7d28a-19b3-4f1a-a94d-c99831e856ed,"ﾘｾﾗ L字歯間ﾌﾞﾗｼ 指導用 SS(50本)　26949","ｼｰｱｲ","https://static.mercdn.net/item/detail/orig/photos/m67788213501_1.jpg?1734963608",55
f19f3cef-9c73-4977-a22c-2bfa0537273a,"ﾘｾﾗ L字歯間ﾌﾞﾗｼ 指導用 SS(50本)　26949","ｼｰｱｲ","https://static.mercdn.net/item/detail/orig/photos/m67788213501_1.jpg?1734963608",55
ae0e75ac-d96b-4de3-a7d4-d9a9c6266d7e,"ﾘｾﾗ L字歯間ﾌﾞﾗｼ 指導用 SSS ﾋﾟﾝｸ　26948","ｼｰｱｲ","https://cdn.askul.co.jp/img/product/3L1/U349990_3L1.jpg",55
94499d34-0c3a-477f-a89a-3090e1c7baeb,"ﾘｾﾗ L字歯間ﾌﾞﾗｼ 指導用 SSS ﾋﾟﾝｸ　26948","ｼｰｱｲ","https://cdn.askul.co.jp/img/product/3L1/U349990_3L1.jpg",55
8e7a5a6a-8a22-4716-a333-e81c3811c32f,"ﾘｾﾗ SimpleToothBrush ﾀﾌﾄｶｯﾄ 1本　116745","ｼｰｱｲ","https://image.rakuten.co.jp/d-fit/cabinet/lpimg/ppp785_lp1.jpg",55
77700df4-7936-4289-80de-0b524947f4f5,"ﾘｾﾗ SimpleToothBrush ﾀﾌﾄｶｯﾄ 1本　116745","ｼｰｱｲ","https://image.rakuten.co.jp/d-fit/cabinet/lpimg/ppp785_lp1.jpg",55
80497e98-62cf-4da6-9e85-9ca80cd0f7c3,"ﾘｾﾗ ｽﾎﾟﾝｼﾞﾌﾞﾗｼ ｻｸﾗ型","ｼｰｱｲ","https://d15ihgh2blymmz.cloudfront.net/uploads/item_image/2000000618128/2000000618128_1.jpg",55
3f619856-91cc-40ce-bbcb-1b9faedb7a0d,"ﾘｾﾗ ｽﾎﾟﾝｼﾞﾌﾞﾗｼ ｻｸﾗ型","ｼｰｱｲ","https://d15ihgh2blymmz.cloudfront.net/uploads/item_image/2000000618128/2000000618128_1.jpg",55
05f060ce-633c-4ed0-9b51-b5584dec2d83,"ﾘｾﾗ ｽﾎﾟﾝｼﾞﾌﾞﾗｼ 波型　07120","ｼｰｱｲ","https://d15ihgh2blymmz.cloudfront.net/uploads/item_image/4589898169656/4589898169656_1.jpg",55
7adbdebe-dd83-4338-a398-c1cc550d9ea1,"ﾘｾﾗ ｽﾎﾟﾝｼﾞﾌﾞﾗｼ 波型　07120","ｼｰｱｲ","https://d15ihgh2blymmz.cloudfront.net/uploads/item_image/4589898169656/4589898169656_1.jpg",55
b4670f4b-d2bc-4658-a6cd-b9819413e2b7,"ﾘｾﾗ ﾌﾟﾗｽﾁｯｸｸﾞﾛｰﾌﾞPF S","ｼｰｱｲ","https://m.media-amazon.com/images/I/61KYAz2Ug1L._AC_SX425_.jpg",65
779acca5-189d-4df5-b1da-a3be8a67db9d,"ﾘｾﾗ ﾌﾟﾗｽﾁｯｸｸﾞﾛｰﾌﾞPF S","ｼｰｱｲ","https://m.media-amazon.com/images/I/61KYAz2Ug1L._AC_SY355_.jpg",65
efc78557-3e60-4f73-9dd6-39ee00577cd6,"ﾘｾﾗ ﾌﾟﾗｽﾁｯｸｸﾞﾛｰﾌﾞPF S　28065","ｼｰｱｲ","https://m.media-amazon.com/images/I/61KYAz2Ug1L._AC_SY355_.jpg",65
bec4e0d9-5433-466c-8477-8fc163246f6f,"ﾘｾﾗ ﾍﾟｰﾊﾟｰﾀｵﾙ ﾅﾁｭﾗﾙ 小判 再生紙 1ﾊﾟｯｸ 02450","ｼｰｱｲ","https://d15ihgh2blymmz.cloudfront.net/uploads/item_image/2000000404202/2000000404202_1.jpg",55
06e40620-027c-46a2-a5dc-51597b09a22f,"ﾘｾﾗ ﾍﾟｰﾊﾟｰﾀｵﾙ ﾅﾁｭﾗﾙ 小判 再生紙 1ﾊﾟｯｸ 02450","ｼｰｱｲ","https://d15ihgh2blymmz.cloudfront.net/uploads/item_image/2000000404202/2000000404202_1.jpg",55
f4a2a220-4b1c-47bb-a09b-5bfc9e38c51a,"ﾘｾﾗ ﾍﾟｰﾊﾟｰﾄﾚｰ 100枚入　9149","ｼｰｱｲ","https://d15ihgh2blymmz.cloudfront.net/uploads/item_image/4589898143199/4589898143199_1.jpg",55
fdffcacb-6ff3-4529-a222-2ae7efe924f0,"ﾘｾﾗ ﾍﾟｰﾊﾟｰﾄﾚｰ 100枚入　9149","ｼｰｱｲ","https://d15ihgh2blymmz.cloudfront.net/uploads/item_image/4589898143199/4589898143199_1.jpg",55
f3e05ece-de36-4fc2-986b-bdabe817e61f,"ﾘｾﾗ ﾜﾝﾀﾌﾄﾌﾗｯﾄｴﾝﾄﾞ（60本）　112228","ｼｰｱｲ","https://d15ihgh2blymmz.cloudfront.net/uploads/item_image/2000001008645/2000001008645_1.jpg",55
e6a08354-91bb-4bdf-8654-d9ba1b68c019,"ﾘｾﾗ ﾜﾝﾀﾌﾄﾌﾗｯﾄｴﾝﾄﾞ（60本）　112228","ｼｰｱｲ","https://d15ihgh2blymmz.cloudfront.net/uploads/item_image/2000001008645/2000001008645_1.jpg",55
f2f9a09a-0c08-4081-8069-1f862fba2481,"ﾘｾﾗ 練板紙 1ﾊﾟｯｸ 100枚綴×3冊 15330","ｼｰｱｲ","https://shop.pdr.co.jp/g_images/series-320/series-320_02.jpg",80
13bb5b53-028a-4300-af60-9b188e4cbd25,"ﾘｾﾗ 練板紙 1ﾊﾟｯｸ 100枚綴×3冊 15330","ｼｰｱｲ","https://shop.pdr.co.jp/g_images/series-320/series-320_02.jpg",80
8f861590-6375-4a13-a2ec-785d03908794,"ﾘｾﾗﾃﾞｨｽﾎﾟﾐﾗｰ 10本入ﾊﾟｯｸ　111382","ｼｰｱｲ","https://d15ihgh2blymmz.cloudfront.net/uploads/item_image/4580532546383/4580532546383_1.jpg",55
f6c3f3e3-128b-4e59-a0d6-62ee295e961a,"ﾘｾﾗﾃﾞｨｽﾎﾟﾐﾗｰ 10本入ﾊﾟｯｸ　111382","ｼｰｱｲ","https://d15ihgh2blymmz.cloudfront.net/uploads/item_image/4580532546383/4580532546383_1.jpg",55
0e4feee1-83bf-4167-92a7-0658880e17b0,"ﾘｾﾗﾊﾟﾗﾌｨﾝWAX ﾚｷﾞｭﾗｰﾐﾃﾞｨｱﾑ1箱（1kg）25045","ｼｰｱｲ","https://www.gc.dental/japan/sites/japan.gc.dental/files/styles/image_608x342/public/japan-migration/Elq29eC6BjNr.jpg.webp?itok=TtTAr-Hw",98
9edb7142-0b28-4e18-b5ce-f443afb5a320,"ﾘｾﾗ小筆 曲(5本）28791","ｼｰｱｲ","https://d15ihgh2blymmz.cloudfront.net/uploads/item_image/4562324624219/4562324624219_1.jpg",55
51510291-ccd7-40b2-b87b-d987e4aff5cc,"ﾘｾﾗ小筆 曲(5本）28791","ｼｰｱｲ","https://d15ihgh2blymmz.cloudfront.net/uploads/item_image/4562324624219/4562324624219_1.jpg",55
8b814d1e-b332-4c94-8ee4-16cd901bab7a,"ﾘｯﾌﾟﾘﾄﾗｸﾀｰ[HANIL]大人用　7361","ｼｰｱｲ","https://m.media-amazon.com/images/I/41JFGxaoPvL._SL1001_.jpg",75
fe817edd-5d72-4fe4-bd5f-91e239912015,"ﾘｯﾌﾟﾘﾄﾗｸﾀｰ[HANIL]大人用　7361","ｼｰｱｲ","https://d15ihgh2blymmz.cloudfront.net/uploads/item_image/4589898130731/4589898130731_2.jpg",55
a9a3b55f-09d9-46a3-99e4-1bfa1db457a1,"ﾘﾃｰﾅｰｹｰｽ 10個入 ｱｲﾎﾞﾘｰ 8038","ｼｰｱｲ","https://medicom-japan.com/wp-content/uploads/2024/05/KA80XX_image.png",80
a511a398-6712-441c-9980-15e74f246a11,"ﾘﾃｰﾅｰｹｰｽ 10個入 ｱｲﾎﾞﾘｰ 8038","ｼｰｱｲ","https://medicom-japan.com/wp-content/uploads/2024/05/KA80XX_image.png",80
73b54ed4-8345-4cee-b67f-76070ec9453c,"ﾘﾃｰﾅｰｹｰｽ 10個入 ﾋﾟﾝｸ 8039","ｼｰｱｲ","https://medicom-japan.com/wp-content/uploads/2024/05/KA80XX_image.png",80
0565ca16-d8bb-4f48-835a-1be57aa86082,"ﾘﾃｰﾅｰｹｰｽ 10個入 ﾋﾟﾝｸ 8039","ｼｰｱｲ","https://medicom-japan.com/wp-content/uploads/2024/05/KA80XX_image.png",80
0b2640b6-0273-47ad-8db4-91cc8264a6f3,"ﾘﾃｰﾅｰｹｰｽ 10個入 ﾌﾞﾙｰ 8037","ｼｰｱｲ","https://medicom-japan.com/wp-content/uploads/2024/05/KA80XX_image.png",80
9ed3c46a-0b6e-48c9-bc03-0e99901e64be,"ﾘﾃｰﾅｰｹｰｽ 10個入 ﾌﾞﾙｰ 8037","ｼｰｱｲ","https://medicom-japan.com/wp-content/uploads/2024/05/KA80XX_image.png",80
f7371046-4900-4ecc-8968-7f72db40e1e6,"ﾘﾄﾗｸﾀｰAAﾐﾈｿﾀ　16138","ｼｰｱｲ","https://d15ihgh2blymmz.cloudfront.net/uploads/item_image/4562189969371/4562189969371_1.jpg",55
f914c005-eb2b-467a-a336-9afef4f67574,"ﾘﾄﾗｸﾀｰAAﾐﾈｿﾀ　16138","ｼｰｱｲ","https://d15ihgh2blymmz.cloudfront.net/uploads/item_image/4562189969371/4562189969371_1.jpg",55
1612897d-0879-4deb-97e6-e308a2585baf,"ﾘﾑﾛｯｸﾄﾚｰAA 上顎前歯用 1個　32906","ｼｰｱｲ","https://shop.pdr.co.jp/g_images/series-11507/series-11507_03.jpg",80
42661679-13a5-4799-ba4d-b8fd87e86f32,"ﾘﾑﾛｯｸﾄﾚｰAA 上顎前歯用 1個　32906","ｼｰｱｲ","https://shop.pdr.co.jp/g_images/series-11507/series-11507_03.jpg",80
56f74176-b5ef-48ab-9587-a534ac4d071d,"ﾘﾑﾛｯｸﾄﾚｰAA 下顎前歯用 1個　32907","ｼｰｱｲ","https://d15ihgh2blymmz.cloudfront.net/uploads/item_image/4562324640912/4562324640912_1.jpg",55
592f24d3-5089-468a-acb7-fa3768ab904c,"ﾘﾑﾛｯｸﾄﾚｰAA 下顎前歯用 1個　32907","ｼｰｱｲ","https://d15ihgh2blymmz.cloudfront.net/uploads/item_image/4562324640912/4562324640912_1.jpg",55
7bc6cf7b-b183-4491-8ad3-4c8c8546fdd3,"ﾙｱｰﾛｯｸﾃﾞｨｽﾎﾟｼﾘﾝｼﾞ 100本入 3ml　01093","ｼｰｱｲ","https://d15ihgh2blymmz.cloudfront.net/uploads/item_image/4573607579744/4573607579744_1.jpg",55
2ebf7c83-e013-4dfa-99bf-80e7b8d1f64d,"ﾙｱｰﾛｯｸﾃﾞｨｽﾎﾟｼﾘﾝｼﾞ 100本入 3ml　01093","ｼｰｱｲ","https://d15ihgh2blymmz.cloudfront.net/uploads/item_image/4573607579744/4573607579744_1.jpg",55
11cbc2d4-70b9-46c2-aea6-3b65d36b609f,"ﾚｰﾀﾞｰ咬合紙 65μ ﾌﾞﾙｰ/ﾚｯﾄﾞ馬蹄形","ｼｰｱｲ","https://d15ihgh2blymmz.cloudfront.net/uploads/item_image/4562324602705/4562324602705_1.jpg",55
de1f9a7e-f91d-413d-8cf1-eb7f8439d923,"ﾚｰﾀﾞｰ咬合紙 65μ ﾌﾞﾙｰ/ﾚｯﾄﾞ馬蹄形","ｼｰｱｲ","https://d15ihgh2blymmz.cloudfront.net/uploads/item_image/4562324602705/4562324602705_1.jpg",55
ea2d98b3-29d9-4356-ad88-9355965d527b,"ﾚｰﾀﾞｰ咬合紙 65μ ﾌﾞﾙｰ/ﾚｯﾄﾞ馬蹄形　24429","ｼｰｱｲ","https://d15ihgh2blymmz.cloudfront.net/uploads/item_image/4562324602705/4562324602705_1.jpg",55
a1f01158-745b-417a-908b-b2b5e87d984d,"ﾚｰﾀﾞｰ咬合紙 65μ ﾌﾞﾙｰ/ﾚｯﾄﾞ馬蹄形　24429","ｼｰｱｲ","https://d15ihgh2blymmz.cloudfront.net/uploads/item_image/4562324602705/4562324602705_1.jpg",55
ac07e28f-e2c4-4e07-bb17-e4c308ee4add,"ﾛｰﾙ状滅菌ﾊﾞｯｸ ﾏﾁなし S","ｼｰｱｲ","https://d15ihgh2blymmz.cloudfront.net/uploads/item_image/4571195652788/4571195652788_1.jpg",55
f4d926a1-29f7-46b7-a518-03b84aa9aa4c,"ﾛｰﾙ状滅菌ﾊﾞｯｸ ﾏﾁなし S","ｼｰｱｲ","https://d15ihgh2blymmz.cloudfront.net/uploads/item_image/4571195652788/4571195652788_1.jpg",55
11bd63fa-c401-4aad-9a96-5e967dd0cc73,"ﾛﾝｸﾞﾃｰﾙｸﾗﾝﾌﾟ 2AD 小臼歯用　110354","ｼｰｱｲ","https://d15ihgh2blymmz.cloudfront.net/uploads/item_image/4580532543542/4580532543542_1.jpg",55
b96a4b35-1adb-4954-adc1-90fa5a65ed8b,"ﾛﾝｸﾞﾃｰﾙｸﾗﾝﾌﾟ 2AD 小臼歯用　110354","ｼｰｱｲ","https://d15ihgh2blymmz.cloudfront.net/uploads/item_image/4580532543542/4580532543542_1.jpg",55
7e5d0ddc-0b5b-4411-8dcc-a8b44ed9d2b1,"ﾛﾝｸﾞﾃｰﾙｸﾗﾝﾌﾟ S-G 大臼歯用　110353","ｼｰｱｲ","https://d15ihgh2blymmz.cloudfront.net/uploads/item_image/4580532543535/4580532543535_1.jpg",55
06bbdf01-b76b-41e5-a908-bedec0f602f0,"ﾛﾝｸﾞﾃｰﾙｸﾗﾝﾌﾟ S-G 大臼歯用　110353","ｼｰｱｲ","https://d15ihgh2blymmz.cloudfront.net/uploads/item_image/4580532543535/4580532543535_1.jpg",55
249f8dc3-8c01-448b-acf7-2058e0c89c99,"ﾜﾝﾀﾌﾄMICLIN Mふつう（50本）13178","ｼｰｱｲ","https://shop.r10s.jp/iiha/cabinet/onetuft01/miclinftshort001.jpg",55
a438b1bc-50c1-4944-8959-ae9fd92291c3,"ﾜﾝﾀﾌﾄMICLIN Mふつう（50本）13178","ｼｰｱｲ","https://shop.r10s.jp/iiha/cabinet/onetuft01/miclinftshort001.jpg",55
f7ec2519-f14a-4156-9fa4-64c35eebecc3,"ﾜﾝﾀﾌﾄMICLIN S やわらかめ（50本）13180","ｼｰｱｲ","https://shop.r10s.jp/cosline/cabinet/11411007/11411009/000-miclin-50.jpg",55
ea694526-665f-446c-b5d7-acf5487507e8,"ﾜﾝﾀﾌﾄMICLIN S やわらかめ（50本）13180","ｼｰｱｲ","https://shop.r10s.jp/cosline/cabinet/11411007/11411009/000-miclin-50.jpg",55
99a3d0fc-179e-412e-bad1-cf88fb2115eb,"ﾜﾝﾀﾌﾄMICLINﾌﾗｯﾄﾃｰﾊﾟｰﾚｷﾞｭﾗｰS 1箱(50本）14176","ｼｰｱｲ","https://makeshop-multi-images.akamaized.net/dentalfit/shopimages/59/73/3_000000007359.jpg?1685340635",55
5bd8e674-5ffb-40bd-a59a-285489117e08,"ﾜﾝﾀﾌﾄMICLINﾌﾗｯﾄﾃｰﾊﾟｰﾚｷﾞｭﾗｰS 1箱(50本）14176","ｼｰｱｲ","https://makeshop-multi-images.akamaized.net/dentalfit/shopimages/59/73/3_000000007359.jpg?1685340635",55
4f9485d4-038e-43d9-a737-ea440d16b21e,"丸ｶｽﾄ 中 φ180","ｼｰｱｲ","https://d15ihgh2blymmz.cloudfront.net/uploads/item_image/2000000040585/2000000040585_1.jpg",55
fad660db-3182-4f63-af73-debfab963da5,"丸ｶｽﾄ 中 φ180","ｼｰｱｲ","https://d15ihgh2blymmz.cloudfront.net/uploads/item_image/2000000040585/2000000040585_1.jpg",55
4bda8dc4-2212-44f6-9d00-f341e1e4691c,"咬合紙ﾌｫｰｾｯﾌﾟ 18375","ｼｰｱｲ","https://d15ihgh2blymmz.cloudfront.net/uploads/item_image/4589898135804/4589898135804_1.jpg",55
7c297792-6fb2-4013-a53f-464a2c34303e,"咬合紙ﾌｫｰｾｯﾌﾟ 18375","ｼｰｱｲ","https://d15ihgh2blymmz.cloudfront.net/uploads/item_image/4589898135804/4589898135804_1.jpg",55
5b3e6309-45d5-483f-8dad-f2e7a0037e6c,"手首式血圧計 BM-110 ﾌﾞﾗｯｸ","ｼｰｱｲ","https://www.nursery.co.jp/html/upload/save_image/16383im_02.jpg",55
b1093415-48fb-41b7-8ca1-24f01e241bdd,"手首式血圧計 BM-110 ﾌﾞﾗｯｸ","ｼｰｱｲ","https://www.nursery.co.jp/html/upload/save_image/16383im_02.jpg",55
142a45c1-4b1a-434b-baed-a3ec366d75c5,"技工用ｶｰﾊﾞｲﾄﾊﾞｰJ CX79 045 1本　11771","ｼｰｱｲ","https://d15ihgh2blymmz.cloudfront.net/uploads/item_image/4562324646822/4562324646822_1.jpg",55
151e1a0a-fa1c-4b7d-8a53-51f21034f7d7,"技工用ｶｰﾊﾞｲﾄﾊﾞｰJ CX79 045 1本　11771","ｼｰｱｲ","https://d15ihgh2blymmz.cloudfront.net/uploads/item_image/4562324646822/4562324646822_1.jpg",55
233e7040-e3e5-4b91-a314-c03f641fcaf4,"抗菌加工入れ歯ｹｰｽ 義歯ｹｰｽ 5色30入","ｼｰｱｲ","https://medicom-japan.com/wp-content/uploads/2024/05/KA710X_image-1024x1024.png",80
762d6fc3-bc14-4aad-b94a-d1f9533aa419,"抗菌加工入れ歯ｹｰｽ 義歯ｹｰｽ 5色30入","ｼｰｱｲ","https://medicom-japan.com/wp-content/uploads/2024/05/KA710X_image-1024x1024.png",80
ea1d9d03-8d71-4474-947f-5ca4b727bc76,"折立ﾊﾝﾄﾞﾐﾗｰ STAND＆HAND ﾎﾜｲﾄ 1個","ｼｰｱｲ","https://m.media-amazon.com/images/I/21e-zmIoI+L._AC_.jpg",63
ae2ba7b2-c081-4b24-a0b9-92f9caeea156,"折立ﾊﾝﾄﾞﾐﾗｰ STAND＆HAND ﾎﾜｲﾄ 1個","ｼｰｱｲ","https://m.media-amazon.com/images/I/21e-zmIoI+L._AC_.jpg",63
3a5dea3f-7657-42b1-a32a-bc8316ab0ddc,"撮影用ｽﾃﾝﾚｽﾐﾗｰ〔Osung〕＃2 1枚　12757","ｼｰｱｲ","https://shop.pdr.co.jp/g_images/series-10456/series-10456_03.jpg",80
e6f76a74-580a-4ee0-b207-d1448ecb8359,"撮影用ｽﾃﾝﾚｽﾐﾗｰ〔Osung〕＃2 1枚　12757","ｼｰｱｲ","https://shop.pdr.co.jp/g_images/series-10456/series-10456_03.jpg",80
b94b85d4-7ee9-4888-aca4-381e29162c75,"撮影用ｽﾃﾝﾚｽﾐﾗｰ〔Osung〕＃3 1枚 12758","ｼｰｱｲ","https://shop.pdr.co.jp/g_images/series-10456/series-10456_03.jpg",80
adb0c830-90db-4180-8ded-e1de09dbb52a,"撮影用ｽﾃﾝﾚｽﾐﾗｰ〔Osung〕＃3 1枚 12758","ｼｰｱｲ","https://shop.pdr.co.jp/g_images/series-10456/series-10456_03.jpg",80
9a47b4bc-c986-4d69-bcf5-6998f41e7b3c,"撮影用ｽﾃﾝﾚｽﾐﾗｰ〔Osung〕＃4 1枚　12759","ｼｰｱｲ","https://shop.pdr.co.jp/g_images/series-10456/series-10456_01.jpg",80
99cbab9c-7372-43b5-8997-9bc869ff1b25,"撮影用ｽﾃﾝﾚｽﾐﾗｰ〔Osung〕＃4 1枚　12759","ｼｰｱｲ","https://shop.pdr.co.jp/g_images/series-10456/series-10456_01.jpg",80
7fcb7fff-1842-4c0a-936f-9eeed44fef66,"検診用ｴｷｽﾌﾟﾛ^ﾗｰ 10本　8652","ｼｰｱｲ","https://service.yoshida-dental.co.jp/s3images/ca/products/7622/images/669501_.jpg",79
78eacffe-5a66-4f08-ad60-b44942a0819f,"検診用ｴｷｽﾌﾟﾛ^ﾗｰ 10本　8652","ｼｰｱｲ","https://service.yoshida-dental.co.jp/s3images/ca/products/7622/images/669501_.jpg",79
9ea782a2-e7eb-424a-8d5e-425532d2b185,"検診用ﾋﾟﾝｾｯﾄ 10本　8653","ｼｰｱｲ","https://auctions.c.yimg.jp/images.auctions.yahoo.co.jp/image/dr000/auc0407/users/3503d52657e8d016da9529afb2a6154e0cc45f91/i-img1200x1200-16901503954sqfba1763288.jpg",55
17e37daf-157b-448c-ada4-d94771cfd666,"検診用ﾋﾟﾝｾｯﾄ 10本　8653","ｼｰｱｲ","https://auctions.c.yimg.jp/images.auctions.yahoo.co.jp/image/dr000/auc0407/users/3503d52657e8d016da9529afb2a6154e0cc45f91/i-img1200x1200-16901503954sqfba1763288.jpg",55
82c60be6-01f5-4fad-afbe-c57fbb59a862,"歯科ｵﾍﾟｾｯﾄ L ｶﾞｳﾝ･ｷｬｯﾌﾟ･ﾏｽｸ･ﾀｵﾙ･ｴﾌﾟﾛﾝ･ﾄﾞﾚｰﾌﾟ44603","ｼｰｱｲ","https://shop.pdr.co.jp/g_images/series-10518/series-10518_02.jpg",80
3de5a91a-d403-4fd4-9542-fca254aafa10,"歯科ｵﾍﾟｾｯﾄ L ｶﾞｳﾝ･ｷｬｯﾌﾟ･ﾏｽｸ･ﾀｵﾙ･ｴﾌﾟﾛﾝ･ﾄﾞﾚｰﾌﾟ44603","ｼｰｱｲ","https://shop.pdr.co.jp/g_images/series-10518/series-10518_02.jpg",80
230cc90c-b7da-420b-a5ab-5e673007cc0d,"滅菌済ｵｰﾙｶﾞｰｾﾞ 7.5×7.5cm 1箱（100ﾊﾟｯｸ）","ｼｰｱｲ","https://d15ihgh2blymmz.cloudfront.net/uploads/item_image/4562324613718/4562324613718_1.jpg",55
f10b606c-3c4c-488d-bc47-9fdb48ddc5f2,"滅菌済ｵｰﾙｶﾞｰｾﾞ 7.5×7.5cm 1箱（100ﾊﾟｯｸ）","ｼｰｱｲ","https://d15ihgh2blymmz.cloudfront.net/uploads/item_image/4562324613718/4562324613718_1.jpg",55
2b23c56d-f8bf-42a5-aea7-806b05216f1d,"滅菌済ｵｰﾙｶﾞｰｾﾞ 7.5×7.5cm 1箱（100ﾊﾟｯｸ）27582","ｼｰｱｲ","https://d15ihgh2blymmz.cloudfront.net/uploads/item_image/4562324613718/4562324613718_1.jpg",55
c8242bb1-80d3-4301-b2ea-5566bf73e543,"滅菌済ｵｰﾙｶﾞｰｾﾞ 7.5×7.5cm 1箱（100ﾊﾟｯｸ）27582","ｼｰｱｲ","https://d15ihgh2blymmz.cloudfront.net/uploads/item_image/4562324613718/4562324613718_1.jpg",55
8d0e12b6-9d96-42d9-8fce-6bab4392c806,"矯正用ｷｬﾋﾞﾈｯﾄ　03343","ｼｰｱｲ","https://d15ihgh2blymmz.cloudfront.net/uploads/item_image/4997701021839/4997701021839_2.jpg",55
7ff0a435-1550-457a-b8a6-34a405353aea,"矯正用ｷｬﾋﾞﾈｯﾄ　03343","ｼｰｱｲ","https://d15ihgh2blymmz.cloudfront.net/uploads/item_image/4997701021839/4997701021839_2.jpg",55
360dac23-17a6-4e17-8572-e30e4193985c,"薬袋 NW781 印刷なし (1000枚)","ｼｰｱｲ","https://d15ihgh2blymmz.cloudfront.net/uploads/item_image/2000000977461/2000000977461_1.jpg",55
f76e4c1c-c13d-4bef-bdf9-413b1ed1c968,"薬袋 NW781 印刷なし (1000枚)","ｼｰｱｲ","https://shop.r10s.jp/tanishi-shop/cabinet/compass1752022925.jpg",55
9b1efd46-ba9a-4422-84d8-d48c5c224adc,"薬袋（医院名印刷なし）各種兼用(小) 100枚 48681","ｼｰｱｲ","https://d15ihgh2blymmz.cloudfront.net/uploads/item_image/4580532486931/4580532486931_1.jpg",55
d18afcad-1532-43e6-ba72-336f4161ea37,"薬袋（医院名印刷なし）各種兼用(小) 100枚 48681","ｼｰｱｲ","https://d15ihgh2blymmz.cloudfront.net/uploads/item_image/4580532486931/4580532486931_1.jpg",55
76a2faf1-532d-41d7-98c2-f2cbb5269d75,"除菌ｳｴｯﾄﾃｯｼｭAg+ 50ﾏｲ  100783","ｼｰｱｲ","https://shopping.c.yimg.jp/lib/irisplaza/7281103.jpg",55
6bb06c24-dfd2-46a9-9fd2-e28705acf5b6,"除菌ｳｴｯﾄﾃｯｼｭAg+ 50ﾏｲ  100783","ｼｰｱｲ","https://shopping.c.yimg.jp/lib/irisplaza/7281103.jpg",55
acef3606-2762-4763-931a-cbf391ec6fbe,"AEｴｷｽﾌﾟﾛｰﾗｰ 17-3","ｼﾞｰｼｰ","https://shop.pdr.co.jp/g_images/series-610/series-610_02.jpg",80
717b4466-1af4-4ded-87df-41b8c48c911a,"AEｴｷｽﾌﾟﾛｰﾗｰ(両頭)11-12(X)","ｼﾞｰｼｰ","https://www.gc.dental/japan/sites/japan.gc.dental/files/styles/image_608x342/public/products/images/EX.png.webp?itok=Zcb0fjJw",97
acdfd820-4e40-4e6e-9bec-2f44ef8746b5,"AEｴｷｽﾌﾟﾛｰﾗｰ(両頭)11-12(X)","ｼﾞｰｼｰ","https://www.gc.dental/japan/sites/japan.gc.dental/files/styles/image_608x342/public/products/images/EX.png.webp?itok=Zcb0fjJw",97
dea5bc6d-d76e-4398-9732-77b82d0326ae,"AEｴｷｽﾌﾟﾛｰﾗｰ(両頭)11-12DP(X)ﾌﾞﾗｯｸ","ｼﾞｰｼｰ","https://www.gc.dental/japan/sites/japan.gc.dental/files/styles/image_608x342/public/products/images/EX.png.webp?itok=Zcb0fjJw",97
be1c92f8-f576-44c3-b8af-4715626763dd,"AEｴｷｽﾌﾟﾛｰﾗｰ(両頭)11-12DP(X)ﾌﾞﾗｯｸ","ｼﾞｰｼｰ","https://www.gc.dental/japan/sites/japan.gc.dental/files/styles/image_608x342/public/products/images/EX.png.webp?itok=Zcb0fjJw",97
8816aa36-8c67-4687-b097-f1a2534b9c11,"AEｴｷｽﾌﾟﾛｰﾗｰ(片頭)3","ｼﾞｰｼｰ","https://service.yoshida-dental.co.jp/s3images/ca/products/878/images/10243_5801677785.jpg",79
ef2e3f09-e548-46ae-96b5-f2221ae49638,"AEｴｷｽﾌﾟﾛｰﾗｰ(片頭)3","ｼﾞｰｼｰ","https://service.yoshida-dental.co.jp/s3images/ca/products/878/images/10243_5801677785.jpg",79
f46bba0c-adb6-4308-978b-a9e47765bca9,"AEｸﾞﾚｰｼｰｷｭﾚｯﾄｶﾗｰﾊﾝﾄﾞﾙG11-12(X)O","ｼﾞｰｼｰ","https://www.gc.dental/japan/sites/japan.gc.dental/files/styles/is_product_image/public/products/images/%E3%82%B0%E3%83%AC%E3%83%BC%E3%82%B7%E3%83%BC%E3%82%A2%E3%82%AF%E3%82%BB%E3%82%B9.png?itok=p58UWoXX",70
af94cd69-1a6f-4d2b-b031-da3f3384f568,"AEｸﾞﾚｰｼｰｷｭﾚｯﾄｶﾗｰﾊﾝﾄﾞﾙG11-12(X)O","ｼﾞｰｼｰ","https://www.gc.dental/japan/sites/japan.gc.dental/files/styles/is_product_image/public/products/images/%E3%82%B0%E3%83%AC%E3%83%BC%E3%82%B7%E3%83%BC%E3%82%A2%E3%82%AF%E3%82%BB%E3%82%B9.png?itok=p58UWoXX",70
7669bbd4-6bf6-4774-aaa3-087af7f63c1d,"CDﾃﾞｨｽﾍﾟﾝｻｰⅢ","ｼﾞｰｼｰ","https://www.gc.dental/japan/sites/japan.gc.dental/files/styles/related_products/public/japan-migration/kdszgeH9CMFB.jpg.webp?itok=_BRp1ie1",102
590ad4f9-9360-41e3-b035-d760c2472290,"G-aenial A CHORD(ｼﾞｰﾆｱﾙ ｱｺｰﾄﾞ)A2","ｼﾞｰｼｰ","https://www.gc.dental/japan/sites/japan.gc.dental/files/styles/image_608x342/public/products/images/%E3%82%B8%E3%83%BC%E3%83%8B%E3%82%A2%E3%83%AB%E3%82%A2%E3%82%B3%E3%83%BC%E3%83%89_A3%E5%8C%85%E8%A3%85new%EF%BC%88%E8%89%B2%E8%AA%BF%E3%83%A9%E3%83%99%E3%83%AB%E4%BB%98%EF%BC%89.jpg.webp?itok=YpLRcn8c",100
8a0bd012-9cba-4679-b20c-a599a2abd732,"G-aenial A CHORD(ｼﾞｰﾆｱﾙ ｱｺｰﾄﾞ)A2","ｼﾞｰｼｰ","https://www.gc.dental/japan/sites/japan.gc.dental/files/styles/image_608x342/public/products/images/%E3%82%B8%E3%83%BC%E3%83%8B%E3%82%A2%E3%83%AB%E3%82%A2%E3%82%B3%E3%83%BC%E3%83%89_A3%E5%8C%85%E8%A3%85new%EF%BC%88%E8%89%B2%E8%AA%BF%E3%83%A9%E3%83%99%E3%83%AB%E4%BB%98%EF%BC%89.jpg.webp?itok=YpLRcn8c",100
c36c187b-ea2b-4036-abf9-1e8b15856310,"G-aenial A CHORD(ｼﾞｰﾆｱﾙ ｱｺｰﾄﾞ)A3","ｼﾞｰｼｰ","https://www.gc.dental/japan/sites/japan.gc.dental/files/styles/image_608x342/public/products/images/%E3%82%B8%E3%83%BC%E3%83%8B%E3%82%A2%E3%83%AB%E3%82%A2%E3%82%B3%E3%83%BC%E3%83%89_A3%E5%8C%85%E8%A3%85new%EF%BC%88%E8%89%B2%E8%AA%BF%E3%83%A9%E3%83%99%E3%83%AB%E4%BB%98%EF%BC%89.jpg.webp?itok=YpLRcn8c",100
09c2f2f5-6ae1-4197-9aeb-218cfc67b6ac,"G-aenial A CHORD(ｼﾞｰﾆｱﾙ ｱｺｰﾄﾞ)A3.5","ｼﾞｰｼｰ","https://www.gc.dental/japan/sites/japan.gc.dental/files/styles/image_608x342/public/products/images/%E3%82%B8%E3%83%BC%E3%83%8B%E3%82%A2%E3%83%AB%E3%82%A2%E3%82%B3%E3%83%BC%E3%83%89_A3%E5%8C%85%E8%A3%85new%EF%BC%88%E8%89%B2%E8%AA%BF%E3%83%A9%E3%83%99%E3%83%AB%E4%BB%98%EF%BC%89.jpg.webp?itok=YpLRcn8c",100
e3ec4fa2-f258-433b-bf6e-377a31d0d6f2,"G-aenial A CHORD(ｼﾞｰﾆｱﾙ ｱｺｰﾄﾞ)A3.5","ｼﾞｰｼｰ","https://www.gc.dental/japan/sites/japan.gc.dental/files/styles/image_608x342/public/products/images/%E3%82%B8%E3%83%BC%E3%83%8B%E3%82%A2%E3%83%AB%E3%82%A2%E3%82%B3%E3%83%BC%E3%83%89_A3%E5%8C%85%E8%A3%85new%EF%BC%88%E8%89%B2%E8%AA%BF%E3%83%A9%E3%83%99%E3%83%AB%E4%BB%98%EF%BC%89.jpg.webp?itok=YpLRcn8c",100
e4a5536b-98aa-4e04-a55d-b7e47cc94a32,"G-ﾌｨｯｸｽ ｸﾘｱ","ｼﾞｰｼｰ","https://www.gc.dental/japan/sites/japan.gc.dental/files/styles/related_products/public/japan-migration/A3T3TTESa1xc.jpg.webp?itok=NM9z6_Tt",98
e1ef52da-a83e-4987-a8b8-a36a3791456c,"G-ﾌｨｯｸｽ ｸﾘｱ","ｼﾞｰｼｰ","https://www.gc.dental/japan/sites/japan.gc.dental/files/styles/related_products/public/japan-migration/A3T3TTESa1xc.jpg.webp?itok=NM9z6_Tt",98
b0d0e413-eaec-4151-84e5-b00a9719c3e8,"G-ﾎﾞﾝﾄﾞ ﾌﾟﾗｽ ﾘﾌｨｰﾙ ﾊﾟｯｸ","ｼﾞｰｼｰ","https://www.gc.dental/japan/sites/japan.gc.dental/files/styles/image_608x342/public/japan-migration/aTTKUhZyz3Vu.jpg.webp?itok=kyOqBYGm",98
e63c9213-c115-4a65-abb3-e54505dfd373,"G-ﾎﾞﾝﾄﾞ ﾌﾟﾗｽ ﾘﾌｨｰﾙ ﾊﾟｯｸ","ｼﾞｰｼｰ","https://www.gc.dental/japan/sites/japan.gc.dental/files/styles/image_608x342/public/japan-migration/aTTKUhZyz3Vu.jpg.webp?itok=kyOqBYGm",98
58e1c6db-4f50-4414-898a-eae2a6276cd7,"G-ﾏﾙﾁﾌﾟﾗｲﾏｰ(4mL)1本","ｼﾞｰｼｰ","https://www.gc.dental/japan/sites/japan.gc.dental/files/styles/is_product_image/public/japan-migration/tvlCthzQr9vJ.jpg?itok=ersq6oLX",76
26fc4540-9d7b-43c3-afe6-266733795931,"G-ﾏﾙﾁﾌﾟﾗｲﾏｰ(4mL)1本","ｼﾞｰｼｰ","https://www.gc.dental/japan/sites/japan.gc.dental/files/styles/is_product_image/public/japan-migration/tvlCthzQr9vJ.jpg?itok=ersq6oLX",76
6512fa53-7f34-4e0c-93e7-e031b57d7b66,"G2-ﾎﾞﾝﾄﾞ ﾕﾆﾊﾞｰｻﾙ 1-ﾌﾟﾗｲﾏｰ 5mL","ｼﾞｰｼｰ","https://www.gcdental.co.jp/d_page/content/images/g2-bond_universal/package_01_desc.png",99
89c349d7-16a8-44d9-9676-71c0b57d646f,"G2-ﾎﾞﾝﾄﾞ ﾕﾆﾊﾞｰｻﾙ 1-ﾌﾟﾗｲﾏｰ 5mL","ｼﾞｰｼｰ","https://www.gcdental.co.jp/d_page/content/images/g2-bond_universal/package_01_desc.png",99
44c29f93-f489-4daa-994a-6f0837a4a844,"G2-ﾎﾞﾝﾄﾞ ﾕﾆﾊﾞｰｻﾙ ｾｯﾄ","ｼﾞｰｼｰ","https://www.gcdental.co.jp/d_page/content/images/g2-bond_universal/package_01_desc.png",99
64be0943-50a5-4b9a-af1c-2a06839a7f07,"G2-ﾎﾞﾝﾄﾞ ﾕﾆﾊﾞｰｻﾙ ｾｯﾄ","ｼﾞｰｼｰ","https://www.gcdental.co.jp/d_page/content/images/g2-bond_universal/package_01_desc.png",99
8ebe299f-ba99-4c8a-ad29-cb17556adfcf,"MIﾍﾟｰｽﾄ ｽﾄﾛﾍﾞﾘｰ40G(35ML)1本","ｼﾞｰｼｰ","https://item-shopping.c.yimg.jp/i/l/kumokumo-square_4548161114588",50
b2b87bd4-b81c-40e2-a486-9c956a272494,"MIﾍﾟｰｽﾄ ｽﾄﾛﾍﾞﾘｰ40G(35ML)1本","ｼﾞｰｼｰ","https://item-shopping.c.yimg.jp/i/l/kumokumo-square_4548161114588",50
64f8c5a8-6259-4d6f-83e5-8cf6646d1978,"MIﾍﾟｰｽﾄ ﾊﾞﾆﾗ40G(35ML)1本","ｼﾞｰｼｰ","https://m.media-amazon.com/images/I/818k+19difL._AC_SX522_.jpg",62
43eea0fe-a322-4a4a-8ecf-aa9ba5dd5e1b,"MIﾍﾟｰｽﾄ ﾊﾞﾆﾗ40G(35ML)1本","ｼﾞｰｼｰ","https://m.media-amazon.com/images/I/818k+19difL._AC_SX522_.jpg",62
6d691aea-f0af-4ba0-845e-a9dca8ba84e5,"MIﾍﾟｰｽﾄ ﾐﾝﾄ40G(35ML)1本","ｼﾞｰｼｰ","https://tshop.r10s.jp/primecollection/cabinet/ikou21/10039144.jpg?fitin=300:300",65
262559ef-83c1-435d-8c86-68ee2929f592,"MIﾍﾟｰｽﾄ ﾐﾝﾄ40G(35ML)1本","ｼﾞｰｼｰ","https://auctions.c.yimg.jp/images.auctions.yahoo.co.jp/image/dr000/auc0506/users/e1aad79dd3b5ad90f46979e2082fff86444e8d8c/i-img1200x1200-1717807932tswi72216813.jpg",55
20a31442-8567-4401-9199-e9e3607dcc04,"MyRay ｶﾑ C-U2 一式","ｼﾞｰｼｰ","https://www.gc.dental/japan/sites/japan.gc.dental/files/styles/is_product_image/public/japan-migration/TZXcBIxSarFs.jpg?itok=DWCGM3D0",79
5d6fc2d2-0f8e-4bed-b6ae-c9ff76b90b41,"MyRay ｶﾑ C-U2 一式","ｼﾞｰｼｰ","https://www.gc.dental/japan/sites/japan.gc.dental/files/styles/is_product_image/public/japan-migration/TZXcBIxSarFs.jpg?itok=DWCGM3D0",79
65d2ddd7-bb92-4653-b7ad-94dcd52216b6,"Nﾒﾀﾙｽﾄﾘｯﾌﾟ12ﾏｲ #200 A","ｼﾞｰｼｰ","https://www.gc.dental/japan/sites/japan.gc.dental/files/styles/related_products/public/japan-migration/Mh4WE26c0yL9.jpg.webp?itok=Q41KvfaS",102
d8035f16-37e6-40d4-a959-e24eef586fc1,"Nﾒﾀﾙｽﾄﾘｯﾌﾟ12ﾏｲ #200 A","ｼﾞｰｼｰ","https://www.gc.dental/japan/sites/japan.gc.dental/files/styles/related_products/public/japan-migration/Mh4WE26c0yL9.jpg.webp?itok=Q41KvfaS",102
64c882e1-f00e-4248-bf14-67b0ecb6900e,"Nﾒﾀﾙｽﾄﾘｯﾌﾟ12ﾏｲ #200 C","ｼﾞｰｼｰ","https://www.gc.dental/japan/sites/japan.gc.dental/files/styles/related_products/public/japan-migration/Mh4WE26c0yL9.jpg.webp?itok=Q41KvfaS",102
695a5d97-2fd1-4ac4-9e0b-350c19eb7c87,"Nﾒﾀﾙｽﾄﾘｯﾌﾟ12ﾏｲ #200 C","ｼﾞｰｼｰ","https://www.gc.dental/japan/sites/japan.gc.dental/files/styles/related_products/public/japan-migration/Mh4WE26c0yL9.jpg.webp?itok=Q41KvfaS",102
c8c00832-c2e0-406a-97dc-b3cf054207e2,"Nﾒﾀﾙｽﾄﾘｯﾌﾟ12ﾏｲ #600 C","ｼﾞｰｼｰ","https://www.gc.dental/japan/sites/japan.gc.dental/files/styles/related_products/public/japan-migration/Mh4WE26c0yL9.jpg.webp?itok=Q41KvfaS",102
ca1e4d87-b674-4c5f-97b3-8c3dce713f77,"Ｔiﾊﾆｶﾑﾒﾝﾌﾞﾚﾝ Mｻｲｽﾞ ﾌﾚｰﾑあり（M1）","ｼﾞｰｼｰ","https://fordynet.fordy.jp/storage/products/20170913110246.jpg",55
b7f8afb4-b580-4ee9-8a08-d7e808dd6271,"Ｔiﾊﾆｶﾑﾒﾝﾌﾞﾚﾝ Mｻｲｽﾞ ﾌﾚｰﾑあり（M1）","ｼﾞｰｼｰ","https://fordynet.fordy.jp/storage/products/20170913110246.jpg",55
57b95d04-4123-4270-a89c-573dd7d205dd,"ｱｰﾃｨｷｭﾚｲﾃｨﾝｸﾞﾍﾟｰﾊﾟｰ120mm120枚 赤　咬合紙","ｼﾞｰｼｰ","https://www.gc.dental/japan/sites/japan.gc.dental/files/styles/is_product_image/public/japan-migration/KiC5pBNizQTA.jpg?itok=kVYpEkbm",91
61413173-8cd1-4efe-b320-dd5a266bd3ab,"ｱｰﾃｨｷｭﾚｲﾃｨﾝｸﾞﾍﾟｰﾊﾟｰ120mm120枚 赤　咬合紙","ｼﾞｰｼｰ","https://www.gc.dental/japan/sites/japan.gc.dental/files/styles/is_product_image/public/japan-migration/KiC5pBNizQTA.jpg?itok=kVYpEkbm",91
d781db5c-9609-4a7f-a36f-5f6e45009a73,"ｱﾛｰﾏﾌｧｲﾝ ﾌﾟﾗｽ ﾉｰﾏﾙｾｯﾄ 5Kﾊﾟｯｸ","ｼﾞｰｼｰ","https://d1wdpa3etmuwz6.cloudfront.net/media/catalog/product/cache/1/image/500x500/9df78eab33525d08d6e5fb8d27136e95/2/0/200918102001_1.jpg",55
285be1a6-6edf-43e6-9cff-205b898e75c5,"ｱﾛｰﾏﾌｧｲﾝ ﾌﾟﾗｽ ﾉｰﾏﾙｾｯﾄ 5Kﾊﾟｯｸ","ｼﾞｰｼｰ","https://d1wdpa3etmuwz6.cloudfront.net/media/catalog/product/cache/1/image/500x500/9df78eab33525d08d6e5fb8d27136e95/2/0/200918102001_1.jpg",55
44e764c4-426f-4e1d-8083-3c5f8ca83947,"ｱﾛｰﾏﾛｲﾄﾞｶｰﾄﾘｯｼﾞﾀｲﾌﾟ48本入","ｼﾞｰｼｰ","https://www.gc.dental/japan/sites/japan.gc.dental/files/styles/is_product_image/public/japan-migration/ITulXu3U16Td.jpg?itok=NywB24L_",86
f2fdac47-7461-4706-9114-c18664781cfb,"ｱﾛｰﾏﾛｲﾄﾞｶｰﾄﾘｯｼﾞﾀｲﾌﾟ48本入","ｼﾞｰｼｰ","https://www.gc.dental/japan/sites/japan.gc.dental/files/styles/is_product_image/public/japan-migration/ITulXu3U16Td.jpg?itok=NywB24L_",86
55686e67-cb7d-4457-a276-60074c61c5b8,"ｴｸｻﾞｸﾘｱ 2 ｶｰﾄﾘｯｼﾞ","ｼﾞｰｼｰ","https://www.gc.dental/japan/sites/japan.gc.dental/files/styles/related_products/public/japan-migration/2KUhTgrONAZT.jpg.webp?itok=PRjHk0yD",100
ab29752a-5c3b-476f-8776-a95cfd45990b,"ｴｸｻﾞｸﾘｱ 2 ｶｰﾄﾘｯｼﾞ","ｼﾞｰｼｰ","https://www.gc.dental/japan/sites/japan.gc.dental/files/styles/related_products/public/japan-migration/2KUhTgrONAZT.jpg.webp?itok=PRjHk0yD",100
c5fa86c8-9c10-4123-a418-76af17182c8f,"ｴｸｻﾞｸﾘｱ 2ｶｰﾄﾘｯｼﾞ","ｼﾞｰｼｰ","https://www.gc.dental/japan/sites/japan.gc.dental/files/styles/related_products/public/japan-migration/2KUhTgrONAZT.jpg.webp?itok=PRjHk0yD",100
1d686771-dcc3-4c09-b123-4fed7136f83a,"ｴｸｻﾞｸﾘｱ 2ｶｰﾄﾘｯｼﾞ","ｼﾞｰｼｰ","https://www.gc.dental/japan/sites/japan.gc.dental/files/styles/related_products/public/japan-migration/2KUhTgrONAZT.jpg.webp?itok=PRjHk0yD",100
8da68efb-0dd7-4d86-939a-134c21fee2b3,"ｴｸｻﾞﾃﾞﾝﾁｬｰNEWｶｰﾄﾘｯｼﾞ","ｼﾞｰｼｰ","https://www.gc.dental/japan/sites/japan.gc.dental/files/styles/image_608x342/public/japan-migration/2KG4Wrr4hFjk_0.jpg.webp?itok=w8EnhZI-",99
fd30b545-d416-4628-a0d7-26618dd2ab90,"ｴｸｻﾞﾃﾞﾝﾁｬｰNEWｶｰﾄﾘｯｼﾞ","ｼﾞｰｼｰ","https://www.gc.dental/japan/sites/japan.gc.dental/files/styles/image_608x342/public/japan-migration/2KG4Wrr4hFjk_0.jpg.webp?itok=w8EnhZI-",99
446f03f7-a71a-414d-a0cb-96a903458255,"ｴｸｻﾞﾌｧｲﾝ RG ｱﾄﾞﾋｰｼﾌﾞ 8G","ｼﾞｰｼｰ","https://www.gc.dental/japan/sites/japan.gc.dental/files/styles/image_608x342/public/products/images/exafine.png.webp?itok=dlyBaOIG",104
8956a7d6-6bbf-4d8f-9aca-e6a08efb1cfc,"ｴｸｻﾞﾌｧｲﾝ RG ｱﾄﾞﾋｰｼﾌﾞ 8G","ｼﾞｰｼｰ","https://www.gc.dental/japan/sites/japan.gc.dental/files/styles/image_608x342/public/products/images/exafine.png.webp?itok=dlyBaOIG",104
d5aae3e6-15f4-4503-b313-7a48e2526743,"ｴｸｻﾞﾌｧｲﾝ ﾊﾟﾃ 組合せ","ｼﾞｰｼｰ","https://www.gc.dental/japan/sites/japan.gc.dental/files/styles/related_products/public/products/images/examixfine.png.webp?itok=ZoNC6Lem",104
adf7995b-4c70-46f0-97fe-667225bd0399,"ｴｸｻﾞﾌｧｲﾝ ﾊﾟﾃ 組合せ","ｼﾞｰｼｰ","https://www.gc.dental/japan/sites/japan.gc.dental/files/styles/related_products/public/products/images/examixfine.png.webp?itok=ZoNC6Lem",104
8f7f286f-e087-4334-9277-b253d5f15b28,"ｴｸｻﾞﾐｯｸｽﾌｧｲﾝ NEWｶｰﾄﾘｯｼﾞIJ","ｼﾞｰｼｰ","https://www.gc.dental/japan/sites/japan.gc.dental/files/styles/image_608x342/public/products/images/examixfine.png.webp?itok=6L7CKpEW",104
58c04176-7ab2-4847-8908-29f1b3aff802,"ｴｸｻﾞﾐｯｸｽﾌｧｲﾝ NEWｶｰﾄﾘｯｼﾞRG","ｼﾞｰｼｰ","https://www.gc.dental/japan/sites/japan.gc.dental/files/styles/image_608x342/public/products/images/examixfine.png.webp?itok=6L7CKpEW",104
36d9d48c-e62d-463d-9559-ed25f55ea0f6,"ｴｸｻﾞﾐｯｸｽﾌｧｲﾝ NEWｶｰﾄﾘｯｼﾞRG","ｼﾞｰｼｰ","https://www.gc.dental/japan/sites/japan.gc.dental/files/styles/image_608x342/public/products/images/examixfine.png.webp?itok=6L7CKpEW",104
5e3c10d8-8120-4bba-9674-3a35275bbc70,"ｴｯﾁｬﾝﾄ 3.6mL","ｼﾞｰｼｰ","https://auctions.c.yimg.jp/images.auctions.yahoo.co.jp/image/dr000/auc0310/users/0c932850401c33771cd3206273b8b8cc313dab27/i-img1200x1200-1666921441e5p4ad404230.jpg",55
9d3171f4-291a-4cf0-be59-72b98a2f06c2,"ｴｯﾁｬﾝﾄ 3.6mL","ｼﾞｰｼｰ","https://auctions.c.yimg.jp/images.auctions.yahoo.co.jp/image/dr000/auc0310/users/0c932850401c33771cd3206273b8b8cc313dab27/i-img1200x1200-1666921441e5p4ad404230.jpg",55
df4a29b2-447c-4690-be71-b2505f5a880c,"ｴﾊﾞｰｴｯｸｽﾌﾛｰ ﾃﾞﾝﾁﾝｼｪｰﾄﾞ 2.0ml","ｼﾞｰｼｰ","https://vet.feed.jp/contents/common/img/goods/product/25ND0002A2/25ND0002A2_L.jpg",55
2dbd61de-7274-4132-9f25-b5db882726f3,"ｴﾊﾞｰｴｯｸｽﾌﾛｰ ﾃﾞﾝﾁﾝｼｪｰﾄﾞ 2.0ml","ｼﾞｰｼｰ","https://vet.feed.jp/contents/common/img/goods/product/25ND0002A2/25ND0002A2_L.jpg",55
3e0520a2-8ffb-482a-9a9e-aef733063037,"ｴﾊﾞｰｴｯｸｽﾌﾛｰ ﾊﾞﾙｸｼｪｰﾄﾞ 2.0ml","ｼﾞｰｼｰ","https://cdndental.feed.jp/contents/common/img/goods/product/25ND0002A2/25ND0002A2_L.jpg",55
3985022e-6682-4539-8a42-0150930908a1,"ｴﾊﾞｰｴｯｸｽﾌﾛｰ ﾊﾞﾙｸｼｪｰﾄﾞ 2.0ml","ｼﾞｰｼｰ","https://cdndental.feed.jp/contents/common/img/goods/product/25ND0002A1/25ND0002A1_L.jpg",55
e23da5ed-3cd2-4549-8c81-08be33a076ac,"ｴﾋﾟﾃｯｸｽｽﾀｰﾀｰｷｯﾄ","ｼﾞｰｼｰ","https://www.gc.dental/japan/sites/japan.gc.dental/files/styles/image_608x342/public/japan-migration/eHIZxUcJrKNa.png.webp?itok=cx19Yv51",98
89dca0d5-11c6-47db-8ad1-cdc6e4f96528,"ｴﾋﾟﾃｯｸｽｽﾀｰﾀｰｷｯﾄ","ｼﾞｰｼｰ","https://www.gc.dental/japan/sites/japan.gc.dental/files/styles/image_608x342/public/japan-migration/eHIZxUcJrKNa.png.webp?itok=cx19Yv51",98
503af452-acb6-420a-8a1e-c0be5a0e37fd,"ｴﾋﾟﾃｯｸｽｽﾄﾘｯﾌﾟ10M ｸﾞﾘｰﾝ","ｼﾞｰｼｰ","https://www.gc.dental/japan/sites/japan.gc.dental/files/styles/image_608x342/public/japan-migration/HQAEPTzSVTxV.png.webp?itok=V_ZTpSpI",102
a84f82c4-3560-468b-877b-acfdf74c5c9e,"ｴﾋﾟﾃｯｸｽｽﾄﾘｯﾌﾟ10M ｸﾞﾘｰﾝ","ｼﾞｰｼｰ","https://www.gc.dental/japan/sites/japan.gc.dental/files/styles/image_608x342/public/japan-migration/HQAEPTzSVTxV.png.webp?itok=V_ZTpSpI",102
c28cf1b0-cde7-43fe-b91b-013b26ebb647,"ｴﾋﾟﾃｯｸｽｽﾄﾘｯﾌﾟ10M ﾌﾞﾙｰ","ｼﾞｰｼｰ","https://www.gc.dental/japan/sites/japan.gc.dental/files/styles/image_608x342/public/japan-migration/HQAEPTzSVTxV.png.webp?itok=V_ZTpSpI",102
7c30c177-db65-4e1d-bd4d-f78c897d452f,"ｴﾋﾟﾃｯｸｽｽﾄﾘｯﾌﾟ10M ﾌﾞﾙｰ","ｼﾞｰｼｰ","https://www.gc.dental/japan/sites/japan.gc.dental/files/styles/image_608x342/public/japan-migration/HQAEPTzSVTxV.png.webp?itok=V_ZTpSpI",102
7f17f348-fb2c-44f0-95ef-599c5b1a6b39,"ｴﾝﾄﾞｹﾞｰｼﾞ 1個","ｼﾞｰｼｰ","https://www.gc.dental/japan/sites/japan.gc.dental/files/styles/related_products/public/japan-migration/OxhxNkfATzOB.jpg.webp?itok=qMzEoinc",101
1aacd424-facc-4bb0-9389-3ff83d3bb0c9,"ｴﾝﾄﾞｹﾞｰｼﾞ 1個","ｼﾞｰｼｰ","https://www.gc.dental/japan/sites/japan.gc.dental/files/styles/image_608x342/public/japan-migration/1lee7THXycf8.jpg.webp?itok=DQX5s89o",101
e8819e4f-c8aa-48c2-a726-c1808b00de81,"ｵｰﾗﾙｱｸｱｼﾞｪﾙﾐﾝﾄ40G(35ML)1本","ｼﾞｰｼｰ","https://m.media-amazon.com/images/I/417jxvnOzNL._SL500_.jpg",75
2867721e-5173-4084-aa46-e7e795e1bfea,"ｵｰﾗﾙｱｸｱｼﾞｪﾙﾐﾝﾄ40G(35ML)1本","ｼﾞｰｼｰ","https://m.media-amazon.com/images/I/417jxvnOzNL._SL500_.jpg",75
6c117760-a026-4f79-9032-fa910f072a6a,"おとなのトータルケアケア歯みがきジェル 90ｇ","ｼﾞｰｼｰ","https://cabinet.rms.rakuten.co.jp/shops/master/cabinet/omote58/a0177053o_00.jpg",55
6e3bd168-2f91-46b3-ac3d-bf8174501bf9,"おとなのトータルケアケア歯みがきジェル 90ｇ","ｼﾞｰｼｰ","https://cabinet.rms.rakuten.co.jp/shops/master/cabinet/omote58/a0177053o_00.jpg",55
46a3c753-f0a5-4496-985a-acf3a706958a,"ｵﾙｿﾘｰｺﾓﾝﾍﾞｰｽﾚｼﾞﾝ LV ｸﾘｱ 2本","ｼﾞｰｼｰ","https://www.gcortholy.com/wp-content/uploads/2020/02/kommonbaseresin_img09.jpg",50
b3a57ff7-7319-4d32-9b11-5f01bfe2a760,"ｶｰﾄﾘｯｼﾞﾃﾞｨｽﾍﾟﾝｻｰ2","ｼﾞｰｼｰ","https://www.gc.dental/japan/sites/japan.gc.dental/files/styles/related_products/public/japan-migration/2KUhTgrONAZT.jpg.webp?itok=PRjHk0yD",100
72ef771a-ac2a-457a-87b0-c497a9c88ae8,"ｶｰﾄﾘｯｼﾞﾃﾞｨｽﾍﾟﾝｻｰ2","ｼﾞｰｼｰ","https://www.gc.dental/japan/sites/japan.gc.dental/files/styles/related_products/public/japan-migration/2KUhTgrONAZT.jpg.webp?itok=PRjHk0yD",100
4d71e89e-f3f9-44d0-aecd-b9bbb3bf1932,"ｶﾞﾀﾊﾟｰﾁｬｰﾎﾟｲﾝﾄ ｱｸｾｻﾘ 150本 中","ｼﾞｰｼｰ","https://www.gc.dental/japan/sites/japan.gc.dental/files/styles/image_608x342/public/japan-migration/UQAVXW1WHbzV.jpg.webp?itok=x6QYcHtX",101
e3f85710-9ab0-4fdb-8afa-8fdf88e30d29,"ｶﾞﾀﾊﾟｰﾁｬｰﾎﾟｲﾝﾄ ｱｸｾｻﾘ 150本 中","ｼﾞｰｼｰ","https://www.gc.dental/japan/sites/japan.gc.dental/files/styles/image_608x342/public/japan-migration/UQAVXW1WHbzV.jpg.webp?itok=x6QYcHtX",101
18f10f69-4a48-4b3e-ba90-4678c83a5729,"ｶﾞﾀﾊﾟｰﾁｬｰﾎﾟｲﾝﾄ ｱｸｾｻﾘ 150本 大","ｼﾞｰｼｰ","https://www.gc.dental/japan/sites/japan.gc.dental/files/styles/image_608x342/public/japan-migration/UQAVXW1WHbzV.jpg.webp?itok=x6QYcHtX",101
9687f1f0-90ab-4ba9-800b-99af6cdb62e8,"ｶﾞﾀﾊﾟｰﾁｬｰﾎﾟｲﾝﾄ ｱｸｾｻﾘ 150本 大","ｼﾞｰｼｰ","https://www.gc.dental/japan/sites/japan.gc.dental/files/styles/image_608x342/public/japan-migration/UQAVXW1WHbzV.jpg.webp?itok=x6QYcHtX",101
3802f4b2-7771-4e51-93c7-fcd1610e067b,"ｶﾞﾀﾊﾟｰﾁｬｰﾎﾟｲﾝﾄ ｱｸｾｻﾘ 150本 小","ｼﾞｰｼｰ","https://www.gc.dental/japan/sites/japan.gc.dental/files/styles/image_608x342/public/japan-migration/UQAVXW1WHbzV.jpg.webp?itok=x6QYcHtX",101
843e6b1b-48be-4139-891a-663c8419021c,"ｶﾞﾀﾊﾟｰﾁｬｰﾎﾟｲﾝﾄ ｱｸｾｻﾘ 150本 細中","ｼﾞｰｼｰ","https://www.gc.dental/japan/sites/japan.gc.dental/files/styles/related_products/public/japan-migration/UQAVXW1WHbzV.jpg.webp?itok=ttd7-LyX",101
d84d1ab8-e8e7-49b4-b09d-696aa4aa6329,"ｶﾞﾀﾊﾟｰﾁｬｰﾎﾟｲﾝﾄ ｱｸｾｻﾘ 150本 細中","ｼﾞｰｼｰ","https://www.gc.dental/japan/sites/japan.gc.dental/files/styles/related_products/public/japan-migration/UQAVXW1WHbzV.jpg.webp?itok=ttd7-LyX",101
4b1d7575-22dd-4ab1-907c-ea9bf0cbc4d9,"ｶﾞﾀﾊﾟｰﾁｬｰﾎﾟｲﾝﾄ ｱｸｾｻﾘ 150本 細小","ｼﾞｰｼｰ","https://www.gc.dental/japan/sites/japan.gc.dental/files/styles/related_products/public/japan-migration/UQAVXW1WHbzV.jpg.webp?itok=ttd7-LyX",101
0ac94814-8852-4040-93f0-31d5727d1d5d,"ｶﾞﾀﾊﾟｰﾁｬｰﾎﾟｲﾝﾄ ｱｸｾｻﾘ 150本 細小","ｼﾞｰｼｰ","https://www.gc.dental/japan/sites/japan.gc.dental/files/styles/related_products/public/japan-migration/UQAVXW1WHbzV.jpg.webp?itok=ttd7-LyX",101
ad106940-a73d-483e-a787-4f05550eaa75,"ｶｯﾊﾟｰ 液 90g","ｼﾞｰｼｰ","https://www.gc.dental/japan/sites/japan.gc.dental/files/styles/image_608x342/public/japan-migration/udpwInVL3FsM_0.jpg.webp?itok=DtBBcK_s",101
227df307-7252-470f-9351-35449444f374,"ｶｯﾊﾟｰ 液 90g","ｼﾞｰｼｰ","https://www.gc.dental/japan/sites/japan.gc.dental/files/styles/image_608x342/public/japan-migration/udpwInVL3FsM_0.jpg.webp?itok=DtBBcK_s",101
ed700fde-7dc4-44ae-9dea-c307e2501165,"ｶｯﾊﾟｰ 粉 125g W","ｼﾞｰｼｰ","https://www.gc.dental/japan/sites/japan.gc.dental/files/styles/image_608x342/public/japan-migration/udpwInVL3FsM.jpg.webp?itok=W7UXTIa1",101
19966b54-a4fe-4ef7-a5fa-0faab83fada7,"ｶｯﾊﾟｰ 粉 125g W","ｼﾞｰｼｰ","https://www.gc.dental/japan/sites/japan.gc.dental/files/styles/image_608x342/public/japan-migration/udpwInVL3FsM.jpg.webp?itok=W7UXTIa1",101
5cbe0d60-80f2-424c-b36d-fa4556bd2d14,"ｶﾗｰｶﾞﾀｰﾎﾟｲﾝﾄ #100","ｼﾞｰｼｰ","https://www.gc.dental/japan/sites/japan.gc.dental/files/styles/related_products/public/japan-migration/q25hr6lg5cnd.jpg.webp?itok=LbbYG4Jq",102
80ae062f-f14d-40d8-81df-9cf7cf150bbc,"ｶﾗｰｶﾞﾀｰﾎﾟｲﾝﾄ #100","ｼﾞｰｼｰ","https://www.gc.dental/japan/sites/japan.gc.dental/files/styles/related_products/public/japan-migration/q25hr6lg5cnd.jpg.webp?itok=LbbYG4Jq",102
a37abc9e-7deb-414b-9a4d-08ce461bd094,"ｶﾗｰｶﾞﾀｰﾎﾟｲﾝﾄ #110","ｼﾞｰｼｰ","https://www.gc.dental/japan/sites/japan.gc.dental/files/styles/related_products/public/japan-migration/q25hr6lg5cnd.jpg.webp?itok=LbbYG4Jq",102
5dfa5b40-2f8d-49c7-a628-2bd880cfe984,"ｶﾗｰｶﾞﾀｰﾎﾟｲﾝﾄ #110","ｼﾞｰｼｰ","https://www.gc.dental/japan/sites/japan.gc.dental/files/styles/related_products/public/japan-migration/q25hr6lg5cnd.jpg.webp?itok=LbbYG4Jq",102
662993a9-6cf0-4203-b8cf-d616958f3062,"ｶﾗｰｶﾞﾀｰﾎﾟｲﾝﾄ #120","ｼﾞｰｼｰ","https://www.gc.dental/japan/sites/japan.gc.dental/files/styles/related_products/public/japan-migration/q25hr6lg5cnd.jpg.webp?itok=LbbYG4Jq",102
2a2bccd1-6ae0-436f-955c-7a601746c741,"ｶﾗｰｶﾞﾀｰﾎﾟｲﾝﾄ #120","ｼﾞｰｼｰ","https://www.gc.dental/japan/sites/japan.gc.dental/files/styles/related_products/public/japan-migration/q25hr6lg5cnd.jpg.webp?itok=LbbYG4Jq",102
dbe33d42-562d-42cd-b404-7503aeb96cc6,"ｶﾗｰｶﾞﾀｰﾎﾟｲﾝﾄ #25","ｼﾞｰｼｰ","https://www.gc.dental/japan/sites/japan.gc.dental/files/styles/related_products/public/japan-migration/q25hr6lg5cnd.jpg.webp?itok=LbbYG4Jq",102
e29b256e-1c19-40bd-9582-ba8227b7c561,"ｶﾗｰｶﾞﾀｰﾎﾟｲﾝﾄ #25","ｼﾞｰｼｰ","https://www.gc.dental/japan/sites/japan.gc.dental/files/styles/related_products/public/japan-migration/q25hr6lg5cnd.jpg.webp?itok=LbbYG4Jq",102
a8922544-1965-4602-be2d-85f27bd9e206,"ｶﾗｰｶﾞﾀｰﾎﾟｲﾝﾄ #30","ｼﾞｰｼｰ","https://www.gc.dental/japan/sites/japan.gc.dental/files/styles/related_products/public/japan-migration/q25hr6lg5cnd.jpg.webp?itok=LbbYG4Jq",102
aa3ec8d5-5e86-428d-bd4b-2aec69c49405,"ｶﾗｰｶﾞﾀｰﾎﾟｲﾝﾄ #35","ｼﾞｰｼｰ","https://www.gc.dental/japan/sites/japan.gc.dental/files/styles/related_products/public/japan-migration/q25hr6lg5cnd.jpg.webp?itok=LbbYG4Jq",102
3c079404-5b93-4945-80d4-b75db0d5c248,"ｶﾗｰｶﾞﾀｰﾎﾟｲﾝﾄ #35","ｼﾞｰｼｰ","https://www.gc.dental/japan/sites/japan.gc.dental/files/styles/related_products/public/japan-migration/q25hr6lg5cnd.jpg.webp?itok=LbbYG4Jq",102
22585d14-9a7c-487c-a161-643ceadb2baa,"ｶﾗｰｶﾞﾀｰﾎﾟｲﾝﾄ #40","ｼﾞｰｼｰ","https://www.gc.dental/japan/sites/japan.gc.dental/files/styles/related_products/public/japan-migration/q25hr6lg5cnd.jpg.webp?itok=LbbYG4Jq",102
57ed2288-5de3-4bd4-9e4f-3628205640dc,"ｶﾗｰｶﾞﾀｰﾎﾟｲﾝﾄ #40","ｼﾞｰｼｰ","https://www.gc.dental/japan/sites/japan.gc.dental/files/styles/related_products/public/japan-migration/q25hr6lg5cnd.jpg.webp?itok=LbbYG4Jq",102
5d69a12f-3184-4321-8307-e5a1f58c3cdc,"ｶﾗｰｶﾞﾀｰﾎﾟｲﾝﾄ #45","ｼﾞｰｼｰ","https://www.gc.dental/japan/sites/japan.gc.dental/files/styles/related_products/public/japan-migration/q25hr6lg5cnd.jpg.webp?itok=LbbYG4Jq",102
80804b21-f746-4bb3-8f02-c43ad0771f26,"ｶﾗｰｶﾞﾀｰﾎﾟｲﾝﾄ #45","ｼﾞｰｼｰ","https://www.gc.dental/japan/sites/japan.gc.dental/files/styles/related_products/public/japan-migration/q25hr6lg5cnd.jpg.webp?itok=LbbYG4Jq",102
26060aa6-202b-4243-bbe1-d93fb82a0f39,"ｶﾗｰｶﾞﾀｰﾎﾟｲﾝﾄ #50","ｼﾞｰｼｰ","https://www.gc.dental/japan/sites/japan.gc.dental/files/styles/related_products/public/japan-migration/q25hr6lg5cnd.jpg.webp?itok=LbbYG4Jq",102
431bdc05-8fa2-4eb7-a124-ebada1a61f34,"ｶﾗｰｶﾞﾀｰﾎﾟｲﾝﾄ #50","ｼﾞｰｼｰ","https://www.gc.dental/japan/sites/japan.gc.dental/files/styles/related_products/public/japan-migration/q25hr6lg5cnd.jpg.webp?itok=LbbYG4Jq",102
899fd10c-7ab8-4d9f-831e-0586b3c7d5ed,"ｶﾗｰｶﾞﾀｰﾎﾟｲﾝﾄ #55","ｼﾞｰｼｰ","https://www.gc.dental/japan/sites/japan.gc.dental/files/styles/related_products/public/japan-migration/q25hr6lg5cnd.jpg.webp?itok=LbbYG4Jq",102
b2b100b0-ae41-4130-bfc8-cc1fbc005536,"ｶﾗｰｶﾞﾀｰﾎﾟｲﾝﾄ #55","ｼﾞｰｼｰ","https://www.gc.dental/japan/sites/japan.gc.dental/files/styles/related_products/public/japan-migration/q25hr6lg5cnd.jpg.webp?itok=LbbYG4Jq",102
e9a59c5c-83c0-449f-985d-d4040a5edfe7,"ｶﾗｰｶﾞﾀｰﾎﾟｲﾝﾄ #60","ｼﾞｰｼｰ","https://www.gc.dental/japan/sites/japan.gc.dental/files/styles/related_products/public/japan-migration/q25hr6lg5cnd.jpg.webp?itok=LbbYG4Jq",102
e9d44761-3b1a-4186-9081-1683e2fde517,"ｶﾗｰｶﾞﾀｰﾎﾟｲﾝﾄ #60","ｼﾞｰｼｰ","https://www.gc.dental/japan/sites/japan.gc.dental/files/styles/related_products/public/japan-migration/q25hr6lg5cnd.jpg.webp?itok=LbbYG4Jq",102
f83f9536-7a2c-483e-9a2e-8e72f791b1e4,"ｶﾗｰｶﾞﾀｰﾎﾟｲﾝﾄ #70","ｼﾞｰｼｰ","https://www.gc.dental/japan/sites/japan.gc.dental/files/styles/related_products/public/japan-migration/q25hr6lg5cnd.jpg.webp?itok=LbbYG4Jq",102
85f370ca-b370-4802-810e-3a1a04e746c5,"ｶﾗｰｶﾞﾀｰﾎﾟｲﾝﾄ #70","ｼﾞｰｼｰ","https://www.gc.dental/japan/sites/japan.gc.dental/files/styles/related_products/public/japan-migration/q25hr6lg5cnd.jpg.webp?itok=LbbYG4Jq",102
f52c13fb-27b9-44c5-aaa5-4261caed6cdf,"ｶﾗｰｶﾞﾀｰﾎﾟｲﾝﾄ #80","ｼﾞｰｼｰ","https://www.gc.dental/japan/sites/japan.gc.dental/files/styles/related_products/public/japan-migration/q25hr6lg5cnd.jpg.webp?itok=LbbYG4Jq",102
0d0db2ba-26bb-43fd-89fb-06e7ec8e79e9,"ｶﾗｰｶﾞﾀｰﾎﾟｲﾝﾄ #80","ｼﾞｰｼｰ","https://www.gc.dental/japan/sites/japan.gc.dental/files/styles/related_products/public/japan-migration/q25hr6lg5cnd.jpg.webp?itok=LbbYG4Jq",102
aa2d9e8b-7dfd-4724-8f00-34a1e7f26251,"ｶﾗｰｶﾞﾀｰﾎﾟｲﾝﾄ #90","ｼﾞｰｼｰ","https://www.gc.dental/japan/sites/japan.gc.dental/files/styles/related_products/public/japan-migration/q25hr6lg5cnd.jpg.webp?itok=LbbYG4Jq",102
630a7f9e-a390-4d45-9e09-3c54a8b8e855,"ｷｬｽﾄｳｪﾙMC 12% 30G","ｼﾞｰｼｰ","https://auctions.c.yimg.jp/images.auctions.yahoo.co.jp/image/dr000/auc0107/user/4264898efb7dba2eefa10c1f0db8f123c4bef877394346e5d0776360a579b738/i-img1200x1200-17532524672091tnk7wy76760.jpg",55
ba1476f9-2b95-4920-a43f-8eebe24984f9,"ｷｬｽﾄｳｪﾙMC 12% 30G","ｼﾞｰｼｰ","https://img.aucfree.com/q1193728130.1.jpg",55
54ec94d0-f2b9-4a08-8894-609c756d1f1c,"ｷｬﾋﾞﾃｨｰｺﾝﾃﾞｨｼｮﾅｰ","ｼﾞｰｼｰ","https://www.gc.dental/japan/sites/japan.gc.dental/files/products/downloads/cavityconditioner/%25E3%2581%259D%25E3%2581%25AE%25E4%25BB%2596/ORS_Cavity_Conditioner_ja.jpg",96
374f65ca-79ed-4844-a999-79829f8dc35d,"ｷｬﾋﾞﾃｨｰｺﾝﾃﾞｨｼｮﾅｰ","ｼﾞｰｼｰ","https://www.gc.dental/japan/sites/japan.gc.dental/files/products/downloads/cavityconditioner/%25E3%2581%259D%25E3%2581%25AE%25E4%25BB%2596/ORS_Cavity_Conditioner_ja.jpg",96
dab91e86-02b2-4871-89f7-215758652da3,"ｷｬﾋﾞﾄﾝ ﾋﾟﾝｸ 30g","ｼﾞｰｼｰ","https://www.gc.dental/japan/sites/japan.gc.dental/files/styles/is_product_image/public/japan-migration/gCjhxy8tjK5D.jpg?itok=rHr-Yugl",91
86e5f011-5a26-4568-b543-6a91b8b80f58,"ｷｬﾋﾞﾄﾝ ﾋﾟﾝｸ 30g","ｼﾞｰｼｰ","https://www.gc.dental/japan/sites/japan.gc.dental/files/styles/is_product_image/public/japan-migration/gCjhxy8tjK5D.jpg?itok=rHr-Yugl",91
aa1a13ce-7700-4ea1-abe7-77c135c8d7b2,"ｷｬﾋﾞﾄﾝ ﾎﾜｲﾄ","ｼﾞｰｼｰ","https://www.gc.dental/japan/sites/japan.gc.dental/files/styles/is_product_image/public/japan-migration/gCjhxy8tjK5D.jpg?itok=rHr-Yugl",91
aa1cfd94-596e-4735-bdd0-60a7cf7a4c8b,"ｷｬﾋﾞﾄﾝ ﾎﾜｲﾄ","ｼﾞｰｼｰ","https://www.gc.dental/japan/sites/japan.gc.dental/files/styles/is_product_image/public/japan-migration/gCjhxy8tjK5D.jpg?itok=rHr-Yugl",91
e384d0c7-e675-493b-a268-aab87900632a,"ｸﾞﾗﾃﾞｨｱﾀﾞｲﾚｸﾄIｶﾗｰｸﾘｱｰ0.9g 1本","ｼﾞｰｼｰ","https://www.gc.dental/japan/sites/japan.gc.dental/files/styles/image_608x342/public/japan-migration/eIcIj8d6RLU2_0.jpg.webp?itok=B_vEHQxh",103
6e2aa8ac-762a-4de1-a189-1060e2f5a7a1,"ｸﾞﾗﾃﾞｨｱﾀﾞｲﾚｸﾄIｶﾗｰｸﾘｱｰ0.9g 1本","ｼﾞｰｼｰ","https://www.gc.dental/japan/sites/japan.gc.dental/files/styles/image_608x342/public/japan-migration/eIcIj8d6RLU2_0.jpg.webp?itok=B_vEHQxh",103
c182646e-e43b-4d37-8ada-9537874e93e7,"ｸﾞﾗﾃﾞｨｱﾀﾞｲﾚｸﾄIｶﾗｰﾎﾜｲﾄ0.9g 1本","ｼﾞｰｼｰ","https://www.gc.dental/japan/sites/japan.gc.dental/files/styles/related_products/public/japan-migration/eIcIj8d6RLU2.jpg.webp?itok=xuGFUzIG",103
4d34c16c-d518-4101-bd2a-6a7f2688ce1d,"ｸﾞﾗﾃﾞｨｱﾀﾞｲﾚｸﾄIｶﾗｰﾎﾜｲﾄ0.9g 1本","ｼﾞｰｼｰ","https://www.gc.dental/japan/sites/japan.gc.dental/files/styles/related_products/public/japan-migration/eIcIj8d6RLU2.jpg.webp?itok=xuGFUzIG",103
8cb74162-b14e-4a73-97f4-f6ce95fb92ff,"ｸﾞﾗﾃﾞｨｱﾀﾞｲﾚｸﾄIｶﾗｰﾗｲﾄｸﾞﾚｰ0.9g","ｼﾞｰｼｰ","https://www.gc.dental/japan/sites/japan.gc.dental/files/styles/image_608x342/public/japan-migration/eIcIj8d6RLU2_0.jpg.webp?itok=B_vEHQxh",103
2c056d5e-7bd7-41f2-aa52-ea0199d6f11e,"ｸﾞﾗﾃﾞｨｱﾀﾞｲﾚｸﾄIｶﾗｰﾗｲﾄｸﾞﾚｰ0.9g","ｼﾞｰｼｰ","https://www.gc.dental/japan/sites/japan.gc.dental/files/styles/image_608x342/public/japan-migration/eIcIj8d6RLU2_0.jpg.webp?itok=B_vEHQxh",103
c7eef1e7-e4ab-4768-8e22-8599612c88fe,"ｸﾞﾚｰｽﾌｨﾙ ｾﾞﾛﾌﾛｰ B1 1mL","ｼﾞｰｼｰ","https://www.gc.dental/japan/sites/japan.gc.dental/files/styles/image_608x342/public/japan-migration/3EjT5WMOffAZ.jpg.webp?itok=sTAiksbj",98
9a4abfd1-95a2-4afe-9e91-d1ccfeb2adcb,"ｸﾞﾚｰｽﾌｨﾙ ｾﾞﾛﾌﾛｰ B1 1mL","ｼﾞｰｼｰ","https://www.gc.dental/japan/sites/japan.gc.dental/files/styles/image_608x342/public/japan-migration/X9cIXb7o01yg.jpg.webp?itok=WFOEQtSn",99
3bd62eac-e59d-4368-a301-e201ff35a93c,"ｸﾞﾚｰｽﾌｨﾙ ｾﾞﾛﾌﾛｰ BW 1mL","ｼﾞｰｼｰ","https://www.gc.dental/japan/sites/japan.gc.dental/files/styles/image_608x342/public/japan-migration/3EjT5WMOffAZ.jpg.webp?itok=sTAiksbj",98
0da663e3-2717-4218-bd58-5447bb2512fb,"ｸﾞﾚｰｽﾌｨﾙ ｾﾞﾛﾌﾛｰ BW 1mL","ｼﾞｰｼｰ","https://www.gc.dental/japan/sites/japan.gc.dental/files/styles/image_608x342/public/japan-migration/3EjT5WMOffAZ.jpg.webp?itok=sTAiksbj",98
cd309dca-fba9-4adb-9aa4-020770eda943,"ｸﾞﾚｰｽﾌｨﾙ ｾﾞﾛﾌﾛｰ E1 1mL","ｼﾞｰｼｰ","https://www.gc.dental/japan/sites/japan.gc.dental/files/styles/image_608x342/public/japan-migration/3EjT5WMOffAZ.jpg.webp?itok=sTAiksbj",98
5da06f31-d89a-4151-9136-5d42d761ee9b,"ｸﾞﾚｰｽﾌｨﾙ ｾﾞﾛﾌﾛｰ E1 1mL","ｼﾞｰｼｰ","https://www.gc.dental/japan/sites/japan.gc.dental/files/styles/image_608x342/public/japan-migration/3EjT5WMOffAZ.jpg.webp?itok=sTAiksbj",98
40b35d25-13a3-41d1-aee8-12f0d1a67644,"ｸﾞﾚｰｽﾌｨﾙ ﾊﾟﾃ 2ml A1","ｼﾞｰｼｰ","https://www.gc.dental/japan/sites/japan.gc.dental/files/styles/image_608x342/public/japan-migration/X9cIXb7o01yg.jpg.webp?itok=WFOEQtSn",99
69903925-83d5-4184-bcfa-43d6317ab03d,"ｸﾞﾚｰｽﾌｨﾙ ﾊﾟﾃ 2ml A1","ｼﾞｰｼｰ","https://www.gc.dental/japan/sites/japan.gc.dental/files/styles/image_608x342/public/japan-migration/X9cIXb7o01yg.jpg.webp?itok=WFOEQtSn",99
91ed3c9b-bb8c-4de1-825f-1b3f8d5d648a,"ｸﾞﾚｰｽﾌｨﾙ ﾊﾟﾃ 2ml A2","ｼﾞｰｼｰ","https://www.gc.dental/japan/sites/japan.gc.dental/files/styles/image_608x342/public/japan-migration/X9cIXb7o01yg.jpg.webp?itok=WFOEQtSn",99
8dd0af3f-7f05-4a07-a8e1-4d9b7a089351,"ｸﾞﾚｰｽﾌｨﾙ ﾊﾟﾃ 2ml A2","ｼﾞｰｼｰ","https://www.gc.dental/japan/sites/japan.gc.dental/files/styles/image_608x342/public/japan-migration/X9cIXb7o01yg.jpg.webp?itok=WFOEQtSn",99
f88eb2cb-e41b-4c91-a582-966df92afb6b,"ｸﾞﾚｰｽﾌｨﾙ ﾊﾟﾃ 2ml A3","ｼﾞｰｼｰ","https://www.gc.dental/japan/sites/japan.gc.dental/files/styles/image_608x342/public/japan-migration/X9cIXb7o01yg.jpg.webp?itok=WFOEQtSn",99
7edef4b4-a7b7-4814-a3eb-e9e4b466a15c,"ｸﾞﾚｰｽﾌｨﾙ ﾊﾟﾃ 2ml A3","ｼﾞｰｼｰ","https://www.gc.dental/japan/sites/japan.gc.dental/files/styles/image_608x342/public/japan-migration/X9cIXb7o01yg.jpg.webp?itok=WFOEQtSn",99
c0335e47-86ef-4fa8-af16-1316942458c2,"ｸﾞﾚｰｽﾌｨﾙ ﾊﾟﾃ 2ml BW","ｼﾞｰｼｰ","https://www.gc.dental/japan/sites/japan.gc.dental/files/styles/image_608x342/public/japan-migration/X9cIXb7o01yg.jpg.webp?itok=WFOEQtSn",99
4ae11ff4-84d3-4f28-8d6a-bfb5d21975fa,"ｸﾞﾚｰｽﾌｨﾙ ﾊﾟﾃ 2ml BW","ｼﾞｰｼｰ","https://www.gc.dental/japan/sites/japan.gc.dental/files/styles/image_608x342/public/japan-migration/X9cIXb7o01yg.jpg.webp?itok=WFOEQtSn",99
a442982a-138a-4f95-b484-051f56c611f7,"ｸﾞﾚｰｽﾌｨﾙ ﾊﾟﾃ 2ml E1","ｼﾞｰｼｰ","https://www.gc.dental/japan/sites/japan.gc.dental/files/styles/image_608x342/public/japan-migration/X9cIXb7o01yg.jpg.webp?itok=WFOEQtSn",99
29e62412-80ec-4f46-abac-9c5ca6c660ec,"ｸﾞﾚｰｽﾌｨﾙ ﾊﾟﾃ 2ml E1","ｼﾞｰｼｰ","https://www.gc.dental/japan/sites/japan.gc.dental/files/styles/image_608x342/public/japan-migration/X9cIXb7o01yg.jpg.webp?itok=WFOEQtSn",99
d8278082-3eaf-43bc-a0a5-9e04c5a99037,"ｸﾞﾚｰｽﾌｨﾙ ﾌﾛｰ AO2 2mL","ｼﾞｰｼｰ","",0
be1bb31a-9f6e-48fd-bf90-3587d00cc01e,"ｸﾞﾚｰｽﾌｨﾙ ﾌﾛｰ AO2 2mL","ｼﾞｰｼｰ","https://www.gc.dental/japan/sites/japan.gc.dental/files/styles/image_608x342/public/japan-migration/X9cIXb7o01yg.jpg.webp?itok=WFOEQtSn",99
2f96c938-177b-4144-98b1-d74c142afacb,"ｸﾞﾚｰｽﾌｨﾙ ﾌﾛｰ U 2mL","ｼﾞｰｼｰ","https://www.gc.dental/japan/sites/japan.gc.dental/files/styles/image_608x342/public/japan-migration/G3h9dBFwdSdD.jpg.webp?itok=PoM1FxaW",98
6796b10b-96d1-476a-8511-530229a873c2,"ｸﾞﾚｰｽﾌｨﾙ ﾌﾛｰ U 2mL","ｼﾞｰｼｰ","https://www.gc.dental/japan/sites/japan.gc.dental/files/styles/image_608x342/public/japan-migration/G3h9dBFwdSdD.jpg.webp?itok=PoM1FxaW",98
717f9420-fcc7-4fdd-867d-1281f921aca6,"ｸﾞﾚｰｽﾌｨﾙ ﾛｰﾌﾛｰ A2 2mL","ｼﾞｰｼｰ","https://www.gc.dental/japan/sites/japan.gc.dental/files/japan-migration/X9cIXb7o01yg.jpg",99
eccbe6da-fe86-4ee2-8fdf-8771a9537fcf,"ｸﾞﾚｰｽﾌｨﾙ ﾛｰﾌﾛｰ A2 2mL","ｼﾞｰｼｰ","https://www.gc.dental/japan/sites/japan.gc.dental/files/japan-migration/X9cIXb7o01yg.jpg",99
b382a556-535e-4c98-9d97-0c651777f39b,"ｸﾞﾚｰｽﾌｨﾙ ﾛｰﾌﾛｰ A3 2mL","ｼﾞｰｼｰ","https://www.gc.dental/japan/sites/japan.gc.dental/files/styles/image_608x342/public/japan-migration/SfKPVLrVxLIK.jpg.webp?itok=CPRapXl-",98
4a2503c5-c56d-4bf6-8640-c022063a73b4,"ｸﾞﾚｰｽﾌｨﾙ ﾛｰﾌﾛｰ A3 2mL","ｼﾞｰｼｰ","https://www.gc.dental/japan/sites/japan.gc.dental/files/styles/image_608x342/public/japan-migration/X9cIXb7o01yg.jpg.webp?itok=WFOEQtSn",99
82d54b9b-55b4-4c2a-8507-2fd2a643e96f,"ｸﾞﾚｰｽﾌｨﾙ ﾛｰﾌﾛｰ A3.5 2mL","ｼﾞｰｼｰ","https://www.gc.dental/japan/sites/japan.gc.dental/files/japan-migration/X9cIXb7o01yg.jpg",99
1b91b286-a8e8-4167-ad40-103453b6fdfd,"ｸﾞﾚｰｽﾌｨﾙ ﾛｰﾌﾛｰ A3.5 2mL","ｼﾞｰｼｰ","https://www.gc.dental/japan/sites/japan.gc.dental/files/styles/image_608x342/public/japan-migration/SfKPVLrVxLIK.jpg.webp?itok=CPRapXl-",98
7ed29e73-1dde-42f0-927a-1ef85e86367b,"ｸﾞﾚｰｽﾌｨﾙ ﾛｰﾌﾛｰ AO3 2mL","ｼﾞｰｼｰ","https://www.gc.dental/japan/sites/japan.gc.dental/files/styles/image_608x342/public/japan-migration/X9cIXb7o01yg.jpg.webp?itok=WFOEQtSn",99
3380f210-90a2-49c6-9334-9967858fb6b4,"ｸﾞﾚｰｽﾌｨﾙ ﾛｰﾌﾛｰ AO3 2mL","ｼﾞｰｼｰ","https://www.gc.dental/japan/sites/japan.gc.dental/files/styles/image_608x342/public/japan-migration/X9cIXb7o01yg.jpg.webp?itok=WFOEQtSn",99
7fae0d8d-002a-45e1-8518-688f6e77f213,"ｸﾞﾚｰｽﾌｨﾙ ﾛｰﾌﾛｰ BW 1mL","ｼﾞｰｼｰ","https://www.gc.dental/japan/sites/japan.gc.dental/files/styles/image_608x342/public/japan-migration/X9cIXb7o01yg.jpg.webp?itok=WFOEQtSn",99
e5cc567d-b96d-4755-9459-a59289569041,"ｸﾞﾚｰｽﾌｨﾙ ﾛｰﾌﾛｰ BW 1mL","ｼﾞｰｼｰ","https://www.gc.dental/japan/sites/japan.gc.dental/files/styles/image_608x342/public/japan-migration/X9cIXb7o01yg.jpg.webp?itok=WFOEQtSn",99
87427fa6-f5aa-4674-a478-335c5a750d96,"ｺｰﾊﾟｯｸ ﾚｷﾞｭﾗｰ","ｼﾞｰｼｰ","https://service.yoshida-dental.co.jp/s3images/ca/products/1869/images/%E3%82%B3%E3%83%BC%E3%83%91%E3%83%83%E3%82%AF_%E3%83%8F%E3%83%BC%E3%83%89%EF%BC%86%E3%83%95%E3%82%A1%E3%83%BC%E3%82%B9%E3%83%88%E3%82%BB%E3%83%83%E3%83%88_.jpg",96
9be2b980-9191-4c7e-b56d-c8082fa60c61,"ｺｰﾊﾟｯｸ ﾚｷﾞｭﾗｰ","ｼﾞｰｼｰ","https://service.yoshida-dental.co.jp/s3images/ca/products/1869/images/%E3%82%B3%E3%83%BC%E3%83%91%E3%83%83%E3%82%AF_%E3%83%8F%E3%83%BC%E3%83%89%EF%BC%86%E3%83%95%E3%82%A1%E3%83%BC%E3%82%B9%E3%83%88%E3%82%BB%E3%83%83%E3%83%88_.jpg",96
6cf51db8-6f61-43d5-8d08-6ea44b8fbf5c,"ｻｰﾊﾟｽ前歯 6揃 C6A3","ｼﾞｰｼｰ","https://www.gc.dental/japan/sites/japan.gc.dental/files/styles/related_products/public/japan-migration/Wl9PcmceKdoF.jpg.webp?itok=STAMZD-7",102
87e593ae-976a-4c27-97f3-106782cd5886,"ｻｰﾊﾟｽ前歯 6揃 C6A3","ｼﾞｰｼｰ","https://www.gc.dental/japan/sites/japan.gc.dental/files/styles/related_products/public/japan-migration/Wl9PcmceKdoF.jpg.webp?itok=STAMZD-7",102
5c13e292-791a-40d3-9ba7-faec8f43e9f3,"ｼﾞｰｾﾑONE neo 1ｶｰﾄﾘｯｼﾞ ﾄﾗﾝｽﾙｰｾﾝﾄ","ｼﾞｰｼｰ","https://shop.pdr.co.jp/g_images/series-11458/series-11458_01.jpg",80
5a3f7890-ef84-48b6-99b1-471fc65c7458,"ｼﾞｰｾﾑONE neo 1ｶｰﾄﾘｯｼﾞ ﾄﾗﾝｽﾙｰｾﾝﾄ","ｼﾞｰｼｰ","https://shop.pdr.co.jp/g_images/series-11458/series-11458_01.jpg",80
98dcf75a-a977-41ba-8043-e9a38fae3777,"ｼﾞｰｾﾑONE neo ﾊﾞﾘｭｰﾊﾟｯｸ（3ｶｰﾄﾘｯｼﾞ）ﾕﾆﾊﾞｰｻﾙA2","ｼﾞｰｼｰ","https://auctions.c.yimg.jp/images.auctions.yahoo.co.jp/image/dr000/auc0306/users/26bca47bb19e26fe1bcbb7f58d88ff281b40d8ee/i-img1088x1088-1655216553dg7b47322333.jpg",55
0a4e07c7-6ca5-4657-83b9-7896629160ef,"ｼﾞｰｾﾑONE neo ﾊﾞﾘｭｰﾊﾟｯｸ（3ｶｰﾄﾘｯｼﾞ）ﾕﾆﾊﾞｰｻﾙA2","ｼﾞｰｼｰ","https://auctions.c.yimg.jp/images.auctions.yahoo.co.jp/image/dr000/auc0306/users/26bca47bb19e26fe1bcbb7f58d88ff281b40d8ee/i-img1088x1088-1655216553dg7b47322333.jpg",55
b8aa9dc4-264e-4931-ab12-de9594f2d74c,"ｼﾞｰｾﾑONE 接着強化ﾌﾟﾗｲﾏｰ（4ml）","ｼﾞｰｼｰ","https://www.gc.dental/japan/sites/japan.gc.dental/files/styles/related_products/public/japan-migration/vP3fJN7y7deE.png.webp?itok=W5N2Pe_d",98
190dc9a6-9e89-4817-945c-13e9a94e8089,"ｼﾞｰｾﾑONE 接着強化ﾌﾟﾗｲﾏｰ（4ml）","ｼﾞｰｼｰ","https://www.gc.dental/japan/sites/japan.gc.dental/files/styles/related_products/public/japan-migration/vP3fJN7y7deE.png.webp?itok=W5N2Pe_d",98
d87b29e3-6016-443e-ac6d-b6e5b1f399e5,"ｽﾑｰｽｶｯﾄ C17","ｼﾞｰｼｰ","",0
ba35855a-6e9b-431f-8431-d1ecf7cd8c29,"ｽﾑｰｽｶｯﾄ C17","ｼﾞｰｼｰ","https://www.gc.dental/japan/sites/japan.gc.dental/files/japan-migration/JpX6ercHJO2S.jpg",84
931f9468-16ba-4a9b-a5b8-6a01323671fa,"ｽﾑｰｽｶｯﾄ MI10H 1本","ｼﾞｰｼｰ","http://www.gc.dental/japan/sites/japan.gc.dental/files/products/downloads/smoothcut/%25E3%2581%259D%25E3%2581%25AE%25E4%25BB%2596/ORS_Smoothcut_ja.jpg",85
9b0a61f5-65ac-43c1-8f36-c21d069ea58f,"ｽﾑｰｽｶｯﾄ MI10H 1本","ｼﾞｰｼｰ","http://www.gc.dental/japan/sites/japan.gc.dental/files/products/downloads/smoothcut/%25E3%2581%259D%25E3%2581%25AE%25E4%25BB%2596/ORS_Smoothcut_ja.jpg",85
46185a96-c115-4fc0-99d2-b3a169acc6a3,"ｾﾗﾐｯｸﾌﾟﾗｲﾏｰⅡ 3mL","ｼﾞｰｼｰ","https://www.gc.dental/japan/sites/japan.gc.dental/files/styles/image_608x342/public/japan-migration/WJqyo7w9Kron.jpg.webp?itok=qrxeDBnt",98
2add23f7-8aa9-4e0c-a747-30216a44b845,"ｾﾗﾐｯｸﾌﾟﾗｲﾏｰⅡ 3mL","ｼﾞｰｼｰ","https://www.gc.dental/japan/sites/japan.gc.dental/files/styles/image_608x342/public/japan-migration/WJqyo7w9Kron.jpg.webp?itok=qrxeDBnt",98
883ceeda-34f4-4478-b678-707785f1ae2e,"ｿﾌﾄﾗｲﾅｰ 液 100g","ｼﾞｰｼｰ","https://www.gc.dental/japan/sites/japan.gc.dental/files/styles/image_608x342/public/japan-migration/e16ITLJvS1mK.jpg.webp?itok=VI6CrJNd",101
77e87409-40d4-48ff-a21a-8d15c02bb4d6,"ｿﾌﾄﾗｲﾅｰ 液 100g","ｼﾞｰｼｰ","https://www.gc.dental/japan/sites/japan.gc.dental/files/styles/image_608x342/public/japan-migration/e16ITLJvS1mK.jpg.webp?itok=VI6CrJNd",101
e3b33341-3db8-465f-8c0a-01c21b7a9841,"ｿﾌﾄﾚｯﾁ丸針1/2 16mmPA糸4-0","ｼﾞｰｼｰ","https://www.gc.dental/japan/sites/japan.gc.dental/files/styles/is_product_image/public/japan-migration/a7336459152a.jpg?itok=ct7bWa8a",88
1490c3ed-fcfb-4f7c-b653-8a1625527572,"ｿﾌﾄﾚｯﾁ丸針1/2 16mmPA糸4-0","ｼﾞｰｼｰ","https://www.gc.dental/japan/sites/japan.gc.dental/files/styles/is_product_image/public/japan-migration/a7336459152a.jpg?itok=ct7bWa8a",88
e6d1e2f7-fb13-435c-95d0-ed88103e4d38,"ｿﾌﾄﾚｯﾁ角針1/2 16mmPA糸4-0","ｼﾞｰｼｰ","https://www.gc.dental/japan/sites/japan.gc.dental/files/styles/is_product_image/public/products/images/%E3%82%BD%E3%83%95%E3%83%88%E3%83%AC%E3%83%83%E3%83%81.png?itok=Keu_55p2",88
781b6bef-f570-47ab-afb7-ae6a56d8ef5f,"ｿﾌﾄﾚｯﾁ角針3/8 16mmPA糸4-0","ｼﾞｰｼｰ","https://www.gc.dental/japan/sites/japan.gc.dental/files/styles/image_608x342/public/japan-migration/c2dPbnCIrJOr.png.webp?itok=6FabTkVT",103
85bf3e09-2d7d-4082-9e9e-e20e57f86e83,"ｿﾌﾄﾚｯﾁ角針3/8 16mmPA糸4-0","ｼﾞｰｼｰ","https://www.gc.dental/japan/sites/japan.gc.dental/files/styles/image_608x342/public/japan-migration/c2dPbnCIrJOr.png.webp?itok=6FabTkVT",103
86511a7a-ebec-492b-84e9-154d1dd3ce3b,"ｿﾗｰﾚP A3 4.7g 2.7mL","ｼﾞｰｼｰ","https://www.gc.dental/japan/sites/japan.gc.dental/files/styles/image_608x342/public/japan-migration/4cqqpiMZ0wpq_0.jpg.webp?itok=Qwdzb_71",99
4f530304-b45e-4a11-9986-8c8119d05e89,"ｿﾗｰﾚP A3 4.7g 2.7mL","ｼﾞｰｼｰ","https://www.gc.dental/japan/sites/japan.gc.dental/files/styles/image_608x342/public/japan-migration/4cqqpiMZ0wpq_0.jpg.webp?itok=Qwdzb_71",99
4bf78751-bbd4-4ec8-835a-cb0694265fd8,"ﾀﾞｽﾄﾌｨﾙﾀｰ 118/318用","ｼﾞｰｼｰ","https://www.gc.dental/japan/sites/japan.gc.dental/files/products/images/vacuclave118318Prime_%E8%A3%BD%E5%93%81%E3%82%AB%E3%82%BF%E3%83%AD%E3%82%B0%E8%A1%A8%E7%B4%99.png",97
23f5f7e5-1977-4857-b3fe-23272940948a,"ﾀﾞｽﾄﾌｨﾙﾀｰ 118/318用","ｼﾞｰｼｰ","https://www.gc.dental/japan/sites/japan.gc.dental/files/products/images/vacuclave118318Prime_%E8%A3%BD%E5%93%81%E3%82%AB%E3%82%BF%E3%83%AD%E3%82%B0%E8%A1%A8%E7%B4%99.png",97
309e47e5-3c4f-4aef-8e7d-8fd744f1fb70,"ﾁｬｯﾋﾟｰ ﾋﾟﾝｸ","ｼﾞｰｼｰ","https://www.gc.dental/japan/sites/japan.gc.dental/files/japan-migration/MTIidgUhXE1B.jpg",101
b304ff13-daae-49bf-afaf-2c6569b18dc5,"ﾁｬｯﾋﾟｰ ﾋﾟﾝｸ","ｼﾞｰｼｰ","https://www.gc.dental/japan/sites/japan.gc.dental/files/japan-migration/MTIidgUhXE1B.jpg",101
504d2d67-3839-4802-8dc2-51500b25c0bd,"ﾃｨｵﾝ ｵﾌｨｽ ｾｯﾄ 劇物","ｼﾞｰｼｰ","https://www.gc.dental/japan/sites/japan.gc.dental/files/styles/related_products/public/products/images/Img31813_%E8%83%8C%E6%99%AF%E3%81%82%E3%82%8A.png.webp?itok=6Zqj8p70",98
4bb2e25d-32f4-46e2-b42b-bbd84ffcf7a8,"ﾃｨｵﾝ ｵﾌｨｽ ｾｯﾄ 劇物","ｼﾞｰｼｰ","https://www.gc.dental/japan/sites/japan.gc.dental/files/styles/related_products/public/products/images/Img31813_%E8%83%8C%E6%99%AF%E3%81%82%E3%82%8A.png.webp?itok=6Zqj8p70",98
84dd519f-291f-4227-af4e-528617191baf,"ﾃｨｵﾝ ﾎｰﾑ ｳｨｽﾞ 2ｼﾘﾝｼﾞ","ｼﾞｰｼｰ","https://www.gcdental.co.jp/tion/img/product/kv.png",95
f7784757-039f-4a4f-9586-ecfe2ffbd978,"ﾃｨｵﾝ ﾎｰﾑ ｳｨｽﾞ 2ｼﾘﾝｼﾞ","ｼﾞｰｼｰ","https://www.gcdental.co.jp/tion/img/product/kv.png",95
b2eb3d57-fcce-412b-8884-2ed60e1b25d5,"ﾃｨｵﾝ ﾎｰﾑ ﾌﾟﾗﾁﾅ ｽﾀｰﾀｰｷｯﾄ","ｼﾞｰｼｰ","https://www.gc.dental/japan/sites/japan.gc.dental/files/products/images/%E3%82%B9%E3%82%BF%E3%83%BC%E3%82%BF%E3%83%BC%E3%82%AD%E3%83%83%E3%83%88%E4%B8%80%E5%BC%8F.png",101
779ab080-9833-41fd-99e0-b5a4918616d2,"ﾃｨｵﾝ ﾎｰﾑ ﾌﾟﾗﾁﾅ ﾘﾌｨﾙ 1本X10","ｼﾞｰｼｰ","https://m.media-amazon.com/images/I/61mHh666MaL._AC_SL1000_.jpg",75
c9d68673-531e-448d-a240-ffb5c4d9a322,"ﾃｨｵﾝ ﾎｰﾑ ﾌﾟﾗﾁﾅ ﾘﾌｨﾙ 1本X10","ｼﾞｰｼｰ","https://m.media-amazon.com/images/I/61mHh666MaL._AC_SL1000_.jpg",75
fcd4be1a-50d6-44fa-a35b-9551ddab6f06,"ﾃｨｵﾝﾗｲﾄ 一式","ｼﾞｰｼｰ","https://www.gcdental.co.jp/tion/img/product/item17.jpg",92
27ab55d2-fbe4-4905-a12c-c3b3973c4a64,"ﾃｨｵﾝﾗｲﾄ 一式","ｼﾞｰｼｰ","https://www.gcdental.co.jp/tion/img/product/item17.jpg",92
47f28cbb-cd9d-4b93-a295-20d4b0e8611e,"ﾃﾞｨｽﾎﾟｰｻﾞﾌﾞﾙｱﾌﾟﾘｹｰﾀｰⅡ 50本","ｼﾞｰｼｰ","https://www.tokuyama-dental.co.jp/products/items/f8fc11a7776c9cde5c24bbc92965cfbb.jpg",103
f6b1833f-3904-4f53-9fee-bc8c28fb3b0b,"ﾃﾞｨｽﾎﾟｰｻﾞﾌﾞﾙｱﾌﾟﾘｹｰﾀｰⅡ 50本","ｼﾞｰｼｰ","https://www.tokuyama-dental.co.jp/products/items/f8fc11a7776c9cde5c24bbc92965cfbb.jpg",103
1b4b293b-a6d9-4f07-8b82-2f6153607851,"ﾃﾞｨｽﾎﾟﾃﾞｨｯｼｭ 50枚","ｼﾞｰｼｰ","https://www.gc.dental/japan/sites/japan.gc.dental/files/styles/image_608x342/public/japan-migration/3Th0ZRsi1XmR.jpg.webp?itok=VYnIg6oL",105
94910372-f742-44f8-a65a-40e361297b90,"ﾃﾞｨｽﾎﾟﾃﾞｨｯｼｭ 50枚","ｼﾞｰｼｰ","https://www.gc.dental/japan/sites/japan.gc.dental/files/styles/image_608x342/public/japan-migration/3Th0ZRsi1XmR.jpg.webp?itok=VYnIg6oL",105
cfcaf34a-e881-4cf5-b6c7-6ce091fef662,"ﾃｨｯｼｭｺﾝﾃﾞｨｼｮﾅｰ 1-1Pｾｯﾄ ﾎﾜｲﾄ","ｼﾞｰｼｰ","https://www.gc.dental/japan/sites/japan.gc.dental/files/japan-migration/m2LgckdbGrhJ.jpg",102
f859c34d-604e-413c-92c8-4af79d25a931,"ﾃｨｯｼｭｺﾝﾃﾞｨｼｮﾅｰ 1-1Pｾｯﾄ ﾎﾜｲﾄ","ｼﾞｰｼｰ","https://www.gc.dental/japan/sites/japan.gc.dental/files/japan-migration/m2LgckdbGrhJ.jpg",102
fb6c346d-d7eb-42a5-b1c2-9d0e5ec6ef10,"ﾃｨｯｼｭｺﾝﾃﾞｨｼｮﾅｰ 液 90G(101ML)","ｼﾞｰｼｰ","https://www.gc.dental/japan/sites/japan.gc.dental/files/styles/is_product_image/public/japan-migration/m2LgckdbGrhJ.jpg?itok=PrIyfKwV",92
26978d09-c8c2-4f60-838c-92ae9cd6fb9c,"ﾃｨｯｼｭｺﾝﾃﾞｨｼｮﾅｰ 液 90G(101ML)","ｼﾞｰｼｰ","https://www.gc.dental/japan/sites/japan.gc.dental/files/styles/is_product_image/public/japan-migration/m2LgckdbGrhJ.jpg?itok=PrIyfKwV",92
bb14d3d0-6048-4910-901c-028e26ad83f8,"ﾃｨｯｼｭｺﾝﾃﾞｨｼｮﾅｰ 粉末ﾗｲﾌﾞﾋﾟﾝｸ90G","ｼﾞｰｼｰ","https://www.gc.dental/japan/sites/japan.gc.dental/files/styles/is_product_image/public/japan-migration/m2LgckdbGrhJ.jpg?itok=PrIyfKwV",92
d9c35e5b-16f8-4e41-a11e-040197e4d32c,"ﾃｨｯｼｭｺﾝﾃﾞｨｼｮﾅｰ 粉末ﾗｲﾌﾞﾋﾟﾝｸ90G","ｼﾞｰｼｰ","https://www.gc.dental/japan/sites/japan.gc.dental/files/styles/is_product_image/public/japan-migration/m2LgckdbGrhJ.jpg?itok=PrIyfKwV",92
04271778-4377-458d-87a8-e5b34ec006fb,"ﾃｨｯｼｭｺﾝﾃﾞｨｼｮﾅｰ1-1ｾｯﾄ ﾗｲﾌﾞﾋﾟﾝｸ","ｼﾞｰｼｰ","https://www.gc.dental/japan/sites/japan.gc.dental/files/styles/is_product_image/public/japan-migration/m2LgckdbGrhJ.jpg?itok=PrIyfKwV",92
86526332-2419-4a20-a4ad-1610f8dced14,"ﾃｨｯｼｭｺﾝﾃﾞｨｼｮﾅｰ1-1ｾｯﾄ ﾗｲﾌﾞﾋﾟﾝｸ","ｼﾞｰｼｰ","https://www.gc.dental/japan/sites/japan.gc.dental/files/styles/is_product_image/public/japan-migration/m2LgckdbGrhJ.jpg?itok=PrIyfKwV",92
2d826cf3-4054-4916-a4eb-cf293c19085a,"ﾃｸﾆｺｰﾙﾎﾞﾝﾄﾞ 組合せ","ｼﾞｰｼｰ","https://www.gc.dental/japan/sites/japan.gc.dental/files/styles/is_product_image/public/japan-migration/r2lTgrTSeP7I.jpg?itok=ArDIRQeO",95
72e8a91d-c723-4d83-9e4d-b027872a1fd3,"ﾃｸﾆｺｰﾙﾎﾞﾝﾄﾞ 組合せ","ｼﾞｰｼｰ","https://www.gc.dental/japan/sites/japan.gc.dental/files/styles/is_product_image/public/japan-migration/r2lTgrTSeP7I.jpg?itok=ArDIRQeO",95
256c5594-9443-4349-bb1b-367ef844305f,"ﾃﾞﾝﾁｬｰﾌｨｯﾄﾁｪｯｸ40G","ｼﾞｰｼｰ","https://www.gc.dental/japan/sites/japan.gc.dental/files/styles/image_608x342/public/japan-migration/HqadQVSJRT1o.jpg.webp?itok=bM5rL_T8",101
9fe634ec-7a38-4ddd-a2c2-2fc90d69035c,"ﾃﾞﾝﾁｬｰﾌｨｯﾄﾁｪｯｸ40G","ｼﾞｰｼｰ","https://www.gc.dental/japan/sites/japan.gc.dental/files/styles/image_608x342/public/japan-migration/HqadQVSJRT1o.jpg.webp?itok=bM5rL_T8",101
3ba0fa58-93a1-4418-9989-c467d0c02f6d,"ﾆｭｰｱｸﾛｾｯﾌﾟ 300g","ｼﾞｰｼｰ","https://www.gc.dental/japan/sites/japan.gc.dental/files/styles/image_608x342/public/japan-migration/vNJWWoWc0EIi.jpg.webp?itok=7YCoqr6S",101
a62881e6-457e-4a15-8626-bb4151956429,"ﾆｭｰｱｸﾛｾｯﾌﾟ 300g","ｼﾞｰｼｰ","https://www.gc.dental/japan/sites/japan.gc.dental/files/styles/image_608x342/public/japan-migration/vNJWWoWc0EIi.jpg.webp?itok=7YCoqr6S",101
8239ac24-8d01-49e2-989f-fb2e56a2c461,"ﾆｭｰｽﾃｯｷﾜｯｸｽ 20本","ｼﾞｰｼｰ","https://www.gc.dental/japan/sites/japan.gc.dental/files/styles/image_608x342/public/japan-migration/lXFLTwtqyoIM.jpg.webp?itok=5ILu2Mye",88
5ad5cabc-234d-4ba2-9f74-d5bd4c8d0f9c,"ﾆｭｰﾌｼﾞﾛｯｸ 3kﾊﾟｯｸ ｺﾞｰﾙﾃﾞﾝﾌﾞﾗｳﾝ","ｼﾞｰｼｰ","https://www.gc.dental/japan/sites/japan.gc.dental/files/styles/related_products/public/japan-migration/yTldIFzBxERC.jpg.webp?itok=iVAro0u5",102
5a12e2f8-2add-42ad-9a7e-7f71e78fd874,"ﾆｭｰﾌｼﾞﾛｯｸ 3kﾊﾟｯｸ ｺﾞｰﾙﾃﾞﾝﾌﾞﾗｳﾝ","ｼﾞｰｼｰ","https://www.gc.dental/japan/sites/japan.gc.dental/files/styles/related_products/public/japan-migration/yTldIFzBxERC.jpg.webp?itok=iVAro0u5",102
e416a427-9466-43b8-9836-6846661ef9e2,"ﾆｭｰﾌﾟﾗｽﾄｰﾝⅡ LE ｲｴﾛｰ 3Kgﾊﾟｯｸ","ｼﾞｰｼｰ","https://d1wdpa3etmuwz6.cloudfront.net/media/catalog/product/cache/1/image/500x500/9df78eab33525d08d6e5fb8d27136e95/n/e/new_plastone2.jpg",55
07c9e751-7701-443f-a51e-47eff7084cff,"ﾆｭｰﾌﾟﾗｽﾄｰﾝⅡ LE ｲｴﾛｰ 3Kgﾊﾟｯｸ","ｼﾞｰｼｰ","https://d1wdpa3etmuwz6.cloudfront.net/media/catalog/product/cache/1/image/500x500/9df78eab33525d08d6e5fb8d27136e95/n/e/new_plastone2.jpg",55
94d56243-bb3a-429f-844c-926f73ae58ac,"ﾆｭｰﾌﾟﾗｽﾄｰﾝⅡ ﾎﾜｲﾄ 3Kgﾊﾟｯｸ","ｼﾞｰｼｰ","https://d1wdpa3etmuwz6.cloudfront.net/media/catalog/product/cache/1/image/9df78eab33525d08d6e5fb8d27136e95/2/0/200918748001_001.png",55
435cc9de-a275-4d3b-8e43-261af19674dc,"ﾆｭｰﾌﾟﾗｽﾄｰﾝⅡ ﾎﾜｲﾄ 3Kgﾊﾟｯｸ","ｼﾞｰｼｰ","https://d1wdpa3etmuwz6.cloudfront.net/media/catalog/product/cache/1/image/9df78eab33525d08d6e5fb8d27136e95/2/0/200918748001_001.png",55
d85b41fb-1c74-48db-aca7-0dcb512ad9f8,"ﾆｭｰﾌﾟﾗｽﾄｰﾝⅡ ﾎﾜｲﾄ ﾌｧｽﾄ 3Kgﾊﾟｯｸ","ｼﾞｰｼｰ","https://www.gc.dental/japan/sites/japan.gc.dental/files/styles/related_products/public/japan-migration/C7HQgP8ukfvO.jpg.webp?itok=UJcQCfZQ",101
655aab4d-90e3-4686-835f-cebb4ff866d1,"ﾆｭｰﾌﾟﾗｽﾄｰﾝⅡ ﾎﾜｲﾄ ﾌｧｽﾄ 3Kgﾊﾟｯｸ","ｼﾞｰｼｰ","https://www.gc.dental/japan/sites/japan.gc.dental/files/styles/image_608x342/public/japan-migration/C7HQgP8ukfvO.jpg.webp?itok=Rne2RQLh",101
8689e8b0-5c5f-405b-be90-3a2e46caac22,"ﾊｲｼﾞｰﾝｳｫｯｼｭ 酵素系洗浄剤 5L","ｼﾞｰｼｰ","https://www.gc.dental/japan/sites/japan.gc.dental/files/styles/related_products/public/japan-migration/9ry0wgC7boxl.jpg.webp?itok=JQymKAId",102
4edd08d2-c700-48e5-a394-4014e2147a97,"ﾊｲｼﾞｰﾝｳｫｯｼｭ 酵素系洗浄剤 5L","ｼﾞｰｼｰ","https://www.gc.dental/japan/sites/japan.gc.dental/files/styles/related_products/public/japan-migration/9ry0wgC7boxl.jpg.webp?itok=JQymKAId",102
1290e159-b42f-4d49-9306-58e60064dafc,"ﾊﾞｲﾄﾜｯｸｽ 250gﾋﾟﾝｸ","ｼﾞｰｼｰ","https://www.gc.dental/japan/sites/japan.gc.dental/files/styles/is_product_image/public/japan-migration/uvGtccMeGPlU.jpg?itok=csz8o8Wk",91
c50e7f95-326c-4f98-852d-ba9bac5d9e6a,"ﾊﾞｲﾄﾜｯｸｽ 250gﾋﾟﾝｸ","ｼﾞｰｼｰ","https://www.gc.dental/japan/sites/japan.gc.dental/files/styles/is_product_image/public/japan-migration/uvGtccMeGPlU.jpg?itok=csz8o8Wk",91
1d12a85b-aed3-4ff6-8487-ac7c22123d8b,"ﾊﾞｷｭｸﾚｰﾌﾞ118自動給排水一式（ﾒﾗﾃﾞﾑ付）","ｼﾞｰｼｰ","https://www.gcdental.co.jp/melag/img/product/vacuclave118318prime/sec01_img01.png",95
3a37e53a-a40d-40ce-946d-25a17a70ed65,"ﾊﾞｷｭｸﾚｰﾌﾞ118自動給排水一式（ﾒﾗﾃﾞﾑ付）","ｼﾞｰｼｰ","https://www.gcdental.co.jp/melag/img/product/vacuclave118318prime/sec01_img01.png",95
68c0d8ba-dc1f-43fb-b43a-d7764433f144,"ﾊﾞｷｭｸﾚｰﾌﾞ31B＋用ﾒﾝﾃﾅﾝｽｾｯﾄ","ｼﾞｰｼｰ","https://www.gcdental.co.jp/melag/img/index/product09.jpg",91
0fc60a3b-e0ce-4356-9edd-4ceb691f9155,"ﾊﾞｷｭｸﾚｰﾌﾞ31B＋用ﾒﾝﾃﾅﾝｽｾｯﾄ","ｼﾞｰｼｰ","https://www.gcdental.co.jp/melag/img/index/product09.jpg",91
c80d789f-4a7f-43a2-9459-32db0113f00c,"ﾊﾞｷｭｸﾚｰﾌﾞ31B＋用ﾒﾝﾃﾅﾝｽｾｯﾄⅢ","ｼﾞｰｼｰ","https://www.gcdental.co.jp/melag/img/index/product09.jpg",91
a57ea09f-bd80-4f1a-bd93-24eedbedbc53,"ﾊﾞｷｭｸﾚｰﾌﾞ点検作業料","ｼﾞｰｼｰ","https://www.gc.dental/japan/sites/japan.gc.dental/files/styles/image_608x342/public/images/2024-08/%E5%86%B7%E5%8D%B4%E3%82%B7%E3%82%B9%E3%83%86%E3%83%A0%E3%81%AE%E9%AB%98%E6%A9%9F%E8%83%BD%E5%8C%96_0.jpg.webp?itok=oC7Ls8s-",105
2aed7691-ecfb-415f-806f-4ffb9d53fb88,"ﾊﾞｷｭｸﾚｰﾌﾞ点検作業料","ｼﾞｰｼｰ","https://www.gc.dental/japan/sites/japan.gc.dental/files/styles/image_608x342/public/images/2024-08/%E5%86%B7%E5%8D%B4%E3%82%B7%E3%82%B9%E3%83%86%E3%83%A0%E3%81%AE%E9%AB%98%E6%A9%9F%E8%83%BD%E5%8C%96_0.jpg.webp?itok=oC7Ls8s-",105
9fc5c7e9-2027-4751-ae55-a9d5483b8d70,"ﾊﾟﾗﾌｨﾝﾜｯｸｽ 500g","ｼﾞｰｼｰ","https://www.gc.dental/japan/sites/japan.gc.dental/files/styles/image_608x342/public/japan-migration/Elq29eC6BjNr.jpg.webp?itok=TtTAr-Hw",98
c83c0db6-a7d9-4c9c-a749-11b1c3bc7ac7,"ﾊﾟﾗﾌｨﾝﾜｯｸｽ 500g","ｼﾞｰｼｰ","https://www.gc.dental/japan/sites/japan.gc.dental/files/styles/image_608x342/public/japan-migration/Elq29eC6BjNr.jpg.webp?itok=TtTAr-Hw",98
84eb77e8-b66f-4943-8275-363c7b42e9a7,"ﾊﾟﾙﾊﾟｰ 75ml","ｼﾞｰｼｰ","https://www.gc.dental/japan/sites/japan.gc.dental/files/styles/image_608x342/public/japan-migration/kGVaTiwd1oq6.jpg.webp?itok=ifvY2na6",102
9a1f03e6-7fe1-4974-92c9-9c6ab13c3c2d,"ﾊﾟﾙﾊﾟｰ 75ml","ｼﾞｰｼｰ","https://www.gc.dental/japan/sites/japan.gc.dental/files/styles/image_608x342/public/japan-migration/kGVaTiwd1oq6.jpg.webp?itok=ifvY2na6",102
37366e86-5e55-46d2-bb7d-e2cdabcec3fe,"ﾌｧｲﾊﾞｰﾎﾟｽﾄ φ1.2 10本 1函","ｼﾞｰｼｰ","https://www.gc.dental/japan/sites/japan.gc.dental/files/styles/related_products/public/japan-migration/IG57ubBlFe7s.jpg.webp?itok=DK5_WsEE",102
cb2e8407-33c2-4705-8089-c46315266363,"ﾌｧｲﾊﾞｰﾎﾟｽﾄ φ1.2 10本 1函","ｼﾞｰｼｰ","https://www.gc.dental/japan/sites/japan.gc.dental/files/styles/related_products/public/japan-migration/IG57ubBlFe7s.jpg.webp?itok=DK5_WsEE",102
66141540-048b-471f-a233-57837643edd3,"ﾌｧｲﾊﾞｰﾎﾟｽﾄ φ1.2 20本","ｼﾞｰｼｰ","https://d15ihgh2blymmz.cloudfront.net/uploads/item_image/4548161240928/4548161240928_1.jpg",55
a9be94b0-aa76-4ec6-b888-71914848ecab,"ﾌｧｲﾊﾞｰﾎﾟｽﾄ φ1.2 20本","ｼﾞｰｼｰ","https://d15ihgh2blymmz.cloudfront.net/uploads/item_image/4548161240928/4548161240928_1.jpg",55
38bb08b4-6ac5-4760-a0da-6edc72e34c7b,"ﾌｧｲﾊﾞｰﾎﾟｽﾄ φ1.4 20本","ｼﾞｰｼｰ","https://auctions.c.yimg.jp/images.auctions.yahoo.co.jp/image/dr000/auc0402/users/8cbaec5f9b52cda790dd8d4ed946a5c6067edb72/i-img928x1200-1675576648bslsmn15.jpg",50
7a680979-9ebd-4acb-a1d8-529afbf086ca,"ﾌｧｲﾊﾞｰﾎﾟｽﾄ φ1.4 20本","ｼﾞｰｼｰ","https://auctions.c.yimg.jp/images.auctions.yahoo.co.jp/image/dr000/auc0402/users/8cbaec5f9b52cda790dd8d4ed946a5c6067edb72/i-img928x1200-1675576648bslsmn15.jpg",50
e10331bb-02e8-4f38-af91-edd93f7f37a6,"ﾌｧｲﾊﾞｰﾎﾟｽﾄ φ1.6 20本","ｼﾞｰｼｰ","https://d15ihgh2blymmz.cloudfront.net/uploads/item_image/4548161240942/4548161240942_1.jpg",55
b289426e-ee96-4d0f-a31a-77ddbfac1ed7,"ﾌｧｲﾊﾞｰﾎﾟｽﾄ φ1.6 20本","ｼﾞｰｼｰ","https://d15ihgh2blymmz.cloudfront.net/uploads/item_image/4548161240942/4548161240942_1.jpg",55
b3953986-76ad-43c1-82b5-6f5cb44aa6ca,"ﾌｧｲﾊﾞｰﾎﾟｽﾄN φ1.0 10本 1函","ｼﾞｰｼｰ","https://www.gc.dental/japan/sites/japan.gc.dental/files/styles/related_products/public/japan-migration/IG57ubBlFe7s.jpg.webp?itok=DK5_WsEE",102
b4835796-c234-490b-b69f-1c74d1f5e65f,"ﾌｨｯﾄﾁｪｯｶｰ2 組合せ","ｼﾞｰｼｰ","https://www.gc.dental/japan/sites/japan.gc.dental/files/styles/image_608x342/public/japan-migration/VTVDkiRP5MX5_0.jpg.webp?itok=pmB4Ls0P",102
97af20e6-7a96-4d12-9e61-df8b9f840605,"ﾌｨｯﾄﾁｪｯｶｰ2 組合せ","ｼﾞｰｼｰ","https://www.gc.dental/japan/sites/japan.gc.dental/files/styles/image_608x342/public/japan-migration/VTVDkiRP5MX5_0.jpg.webp?itok=pmB4Ls0P",102
b678ec36-3f11-4040-bd7f-a44ccb8cef31,"ﾌｲｯﾄﾁｪｯｶｰONE　ｽﾀｰﾀｰｷｯﾄ","ｼﾞｰｼｰ","https://www.gc.dental/japan/sites/japan.gc.dental/files/styles/image_608x342/public/japan-migration/K1VIATHAwxq5.png.webp?itok=L0JEMdhm",105
89a7157d-7cae-4318-871e-491c4f9e17c2,"ﾌｲｯﾄﾁｪｯｶｰONE　ｽﾀｰﾀｰｷｯﾄ","ｼﾞｰｼｰ","https://www.gc.dental/japan/sites/japan.gc.dental/files/styles/image_608x342/public/japan-migration/K1VIATHAwxq5.png.webp?itok=L0JEMdhm",105
3d9e2636-d4ea-47d5-b613-f4baa2fbc041,"ﾌｲｯﾄﾁｪｯｶｰONE　補充用ｷｯﾄ","ｼﾞｰｼｰ","https://www.gc.dental/japan/sites/japan.gc.dental/files/styles/image_608x342/public/japan-migration/T7eMOyOErxZm.png.webp?itok=6e2Ug0mz",105
71b721f4-9d13-4905-89ad-628293b6cd07,"ﾌｲｯﾄﾁｪｯｶｰONE　補充用ｷｯﾄ","ｼﾞｰｼｰ","https://www.gc.dental/japan/sites/japan.gc.dental/files/styles/image_608x342/public/japan-migration/T7eMOyOErxZm.png.webp?itok=6e2Ug0mz",105
ae805440-184f-434b-a946-221af66acb55,"ﾌｨﾘﾝｸﾞﾁｯﾌﾟⅢ ﾌﾟﾗｽﾁｯｸ","ｼﾞｰｼｰ","https://www.gc.dental/japan/sites/japan.gc.dental/files/microsites/g-flo-one/images/img_spec_3_2.jpg",95
1aa1b0ea-bb2a-41c2-9789-0df2a5c1e908,"ﾌｨﾘﾝｸﾞﾁｯﾌﾟⅢ ﾌﾟﾗｽﾁｯｸ","ｼﾞｰｼｰ","https://www.gc.dental/japan/sites/japan.gc.dental/files/microsites/g-flo-one/images/img_spec_3_2.jpg",95
4a952dd9-5562-49ff-8815-11356fa4b1ee,"ﾌｨﾙﾀﾒﾗﾃﾞﾑ40用(2個入)","ｼﾞｰｼｰ","https://www.gc.dental/japan/sites/japan.gc.dental/files/styles/is_product_image/public/japan-migration/X9cIXb7o01yg.jpg?itok=q3GgzBJN",89
e46e1640-265d-40d1-a579-71e41cf94e8d,"ﾌｨﾙﾀﾒﾗﾃﾞﾑ40用(2個入)","ｼﾞｰｼｰ","https://www.gc.dental/japan/sites/japan.gc.dental/files/styles/is_product_image/public/japan-migration/X9cIXb7o01yg.jpg?itok=q3GgzBJN",89
8d0962ad-3496-464c-adb4-c1d2dfb4e17a,"ﾌｪｲｼｬﾙｼｰﾄ 100枚","ｼﾞｰｼｰ","https://www.gc.dental/japan/sites/japan.gc.dental/files/styles/is_product_image/public/japan-migration/Lnn0UdI4fTCd.jpg?itok=rdOEwOUK",88
213e2c80-d570-4c68-8c85-5fd661bbbea5,"ﾌｪｲｼｬﾙｼｰﾄ 100枚","ｼﾞｰｼｰ","https://www.gc.dental/japan/sites/japan.gc.dental/files/styles/is_product_image/public/japan-migration/Lnn0UdI4fTCd.jpg?itok=rdOEwOUK",88
f760fc85-2154-4557-8ec5-6fdcfe698699,"ﾌｼﾞ2LC 液 8g1本","ｼﾞｰｼｰ","https://www.gc.dental/japan/sites/japan.gc.dental/files/styles/image_608x342/public/japan-migration/eUh0Gu1Vg5wq_0.jpg.webp?itok=HNn0Q7wd",102
d9af86ad-da39-41bb-a1ef-797022cd9d67,"ﾌｼﾞ2LC 液 8g1本","ｼﾞｰｼｰ","https://www.gc.dental/japan/sites/japan.gc.dental/files/styles/image_608x342/public/japan-migration/eUh0Gu1Vg5wq_0.jpg.webp?itok=HNn0Q7wd",102
e66144e2-4af1-4630-be8a-709146c8a38b,"ﾌｼﾞ2LC 粉末 8g1本A1","ｼﾞｰｼｰ","https://www.gc.dental/japan/sites/japan.gc.dental/files/styles/image_608x342/public/japan-migration/eUh0Gu1Vg5wq_0.jpg.webp?itok=HNn0Q7wd",102
c3c86dfc-29ba-40ad-88b1-439b2c3417bf,"ﾌｼﾞ2LC 粉末 8g1本A1","ｼﾞｰｼｰ","https://www.gc.dental/japan/sites/japan.gc.dental/files/styles/image_608x342/public/japan-migration/eUh0Gu1Vg5wq_0.jpg.webp?itok=HNn0Q7wd",102
b4adc38c-b331-4036-a40a-1d7498b2107c,"ﾌｼﾞ2LC 粉末 8g1本A3","ｼﾞｰｼｰ","https://www.gc.dental/japan/sites/japan.gc.dental/files/styles/image_608x342/public/japan-migration/eUh0Gu1Vg5wq_0.jpg.webp?itok=HNn0Q7wd",102
45f4ee3b-182f-45a3-83a4-cbc758b27d46,"ﾌｼﾞ2LC 粉末 8g1本A3","ｼﾞｰｼｰ","https://www.gc.dental/japan/sites/japan.gc.dental/files/styles/image_608x342/public/japan-migration/eUh0Gu1Vg5wq_0.jpg.webp?itok=HNn0Q7wd",102
a9e0358e-4907-408d-917d-39dbe9d06a95,"ﾌｼﾞⅨ GP 1-1P A3","ｼﾞｰｼｰ","https://c.cdnmp.net/814813063/p/l/2/gc-fuji-ix-gp-set-1-1-a3~8632.jpg",55
743ea3af-fcf9-451f-ae71-9465a82db8b7,"ﾌｼﾞIX GP 粉末15gA3","ｼﾞｰｼｰ","https://www.gc.dental/japan/sites/japan.gc.dental/files/styles/image_608x342/public/japan-migration/N65XJaCOsxMm.jpg.webp?itok=0GB6Yye8",101
fd66fd9e-bf64-43db-b691-c671cbe94063,"ﾌｼﾞⅨGP ｴｸｽﾄﾗ 液 8g(6.4mL)","ｼﾞｰｼｰ","https://www.gc.dental/japan/sites/japan.gc.dental/files/styles/related_products/public/japan-migration/BmT9ECHJaZEb.jpg.webp?itok=ebQ_G3EF",101
80b69cbb-e47b-4e94-b9e8-4d07a377f0dd,"ﾌｼﾞⅨGP ｴｸｽﾄﾗ 液 8g(6.4mL)","ｼﾞｰｼｰ","https://www.gc.dental/japan/sites/japan.gc.dental/files/styles/related_products/public/japan-migration/BmT9ECHJaZEb.jpg.webp?itok=ebQ_G3EF",101
973182fe-6e01-4e6e-aa8a-2f48763795fb,"ﾌｼﾞⅨGP ｴｸｽﾄﾗ 粉末 A3 15g","ｼﾞｰｼｰ","https://www.gc.dental/japan/sites/japan.gc.dental/files/styles/related_products/public/japan-migration/BmT9ECHJaZEb.jpg.webp?itok=ebQ_G3EF",101
53e686e2-d6b3-46c5-9627-9f2b631c5b81,"ﾌｼﾞⅨGP ｴｸｽﾄﾗ 粉末 A3 15g","ｼﾞｰｼｰ","https://www.gc.dental/japan/sites/japan.gc.dental/files/styles/related_products/public/japan-migration/BmT9ECHJaZEb.jpg.webp?itok=ebQ_G3EF",101
f85daf59-887d-4132-8d7f-1e89bac94049,"ﾌｼﾞﾙｰﾃｨﾝｸﾞEX Plus ｶｰﾄﾘｯｼﾞ","ｼﾞｰｼｰ","https://cdndental.feed.jp/contents/common/img/goods/item/8203090/8203090_L.jpg",55
6512bb03-c385-4db8-8411-b7c7716c4f54,"ﾌｼﾞﾙｰﾃｨﾝｸﾞEX Plus ｶｰﾄﾘｯｼﾞ","ｼﾞｰｼｰ","https://cdndental.feed.jp/contents/common/img/goods/item/8203090/8203090_L.jpg",55
c7e491df-ad54-4ae1-8df9-3d84338cf50f,"ﾌｭｰｼﾞｮﾝⅡﾓﾉﾌｪｲｽﾞ 2ｶｰﾄﾘｯｼﾞ","ｼﾞｰｼｰ","https://www.gc.dental/japan/sites/japan.gc.dental/files/styles/image_608x342/public/japan-migration/QTB4Z34LUxIE.jpg.webp?itok=Hl_YQUxE",99
419e9f13-b146-4b75-8ef1-f9c9b44e20d5,"ﾌｭｰｼﾞｮﾝⅡﾓﾉﾌｪｲｽﾞ 2ｶｰﾄﾘｯｼﾞ","ｼﾞｰｼｰ","https://www.gc.dental/japan/sites/japan.gc.dental/files/styles/image_608x342/public/japan-migration/QTB4Z34LUxIE.jpg.webp?itok=Hl_YQUxE",99
fb446683-a162-4093-b692-3ce52e00b9e5,"ﾌﾗｻｺﾎﾟﾘｴｽﾃﾙｽﾄﾘｯﾌﾟ 15M","ｼﾞｰｼｰ","https://www.gc.dental/japan/sites/japan.gc.dental/files/styles/related_products/public/japan-migration/zQPoQWVSXMn0.jpg.webp?itok=PB4SwzN7",101
e96ff510-9c98-4e87-bc48-1d106d42bd98,"ﾌﾗｻｺﾎﾟﾘｴｽﾃﾙｽﾄﾘｯﾌﾟ 15M","ｼﾞｰｼｰ","https://www.gc.dental/japan/sites/japan.gc.dental/files/styles/related_products/public/japan-migration/zQPoQWVSXMn0.jpg.webp?itok=PB4SwzN7",101
b6701ecb-e271-4ea0-8ac6-dd53c65f78f9,"ﾌﾟﾗｽﾁｯｸﾍﾗ NO.1 青","ｼﾞｰｼｰ","https://www.gc.dental/japan/sites/japan.gc.dental/files/styles/is_product_image/public/japan-migration/C95APukIcrlo.jpg?itok=Dyg_Shlm",90
0be23481-493e-4199-b39e-26eebeb564da,"ﾌﾟﾗｽﾁｯｸﾍﾗ NO.1 青","ｼﾞｰｼｰ","https://www.gc.dental/japan/sites/japan.gc.dental/files/styles/is_product_image/public/japan-migration/C95APukIcrlo.jpg?itok=Dyg_Shlm",90
c8d096d6-cb98-4e19-b6cd-0ee9f3aeb8af,"ﾌﾟﾗｽﾁｯｸﾍﾗ No.4　ﾋﾟﾝｸ","ｼﾞｰｼｰ","https://www.gc.dental/japan/sites/japan.gc.dental/files/styles/image_608x342/public/japan-migration/C95APukIcrlo.jpg.webp?itok=XWRoN7wa",100
8e123d84-3d34-471e-b6ce-79271806cd15,"ﾌﾟﾗｽﾁｯｸﾍﾗ No.4　ﾋﾟﾝｸ","ｼﾞｰｼｰ","https://www.gc.dental/japan/sites/japan.gc.dental/files/styles/image_608x342/public/japan-migration/C95APukIcrlo.jpg.webp?itok=XWRoN7wa",100
c8872002-66be-49e9-9499-1617685f4560,"ﾌﾟﾘﾆｱ用ﾃｰﾊﾟｰｶｰﾌﾞﾌﾛｰﾄﾌﾞﾗｼB2ﾎﾝ","ｼﾞｰｼｰ","https://d1wdpa3etmuwz6.cloudfront.net/media/catalog/product/cache/1/image/1800x/040ec09b1e35df139433887a97daa66f/2/0/200915867000_002.png",55
272bfdf3-27c1-403f-a97f-15f82d2dacd6,"ﾌﾟﾘﾆｱ用ﾃｰﾊﾟｰｶｰﾌﾞﾌﾛｰﾄﾌﾞﾗｼB2ﾎﾝ","ｼﾞｰｼｰ","https://d1wdpa3etmuwz6.cloudfront.net/media/catalog/product/cache/1/image/1800x/040ec09b1e35df139433887a97daa66f/2/0/200915867000_002.png",55
460460a2-fed7-4891-a5a1-257404ee2398,"ﾌﾟﾘﾆｱ用ﾃｰﾊﾟｰｶｰﾌﾞﾌﾛｰﾄﾌﾞﾗｼP2ﾎﾝ","ｼﾞｰｼｰ","https://d1wdpa3etmuwz6.cloudfront.net/media/catalog/product/cache/1/image/1800x/040ec09b1e35df139433887a97daa66f/2/0/200915867000_002.png",55
c7977da9-b061-484e-bc19-8e15e4146961,"ﾌﾞﾙｰｼﾘｺｰﾝ 2ｶｰﾄﾘｯｼﾞ","ｼﾞｰｼｰ","https://www.gc.dental/japan/sites/japan.gc.dental/files/styles/related_products/public/japan-migration/ja4umeT55fnf.jpg.webp?itok=w1Md3wpI",98
ebda9069-efc2-40e9-a48d-ccf3f5af201a,"ﾌﾞﾙｰｼﾘｺｰﾝ 2ｶｰﾄﾘｯｼﾞ","ｼﾞｰｼｰ","https://www.gc.dental/japan/sites/japan.gc.dental/files/styles/related_products/public/japan-migration/ja4umeT55fnf.jpg.webp?itok=w1Md3wpI",98
f69ed0ec-0254-4464-99dc-0a11fc30cdc0,"ﾍﾟﾘｺﾝﾊﾟｳﾝﾄﾞ 125g","ｼﾞｰｼｰ","https://www.gc.dental/japan/sites/japan.gc.dental/files/japan-migration/7XRaru8uhHtg.jpg",102
6c52e55c-a87b-447a-9371-360bfc743dff,"ﾍﾟﾘｺﾝﾊﾟｳﾝﾄﾞ 125g","ｼﾞｰｼｰ","https://www.gc.dental/japan/sites/japan.gc.dental/files/styles/is_product_image/public/japan-migration/7XRaru8uhHtg.jpg?itok=fYQkbEgR",92
ab1b07fb-5c85-469b-a155-bb468c08a3e3,"ﾎﾟﾘｴﾁﾚﾝ ﾍﾗ","ｼﾞｰｼｰ","https://www.gc.dental/japan/sites/japan.gc.dental/files/styles/image_608x342/public/japan-migration/7ZgLPxejgUCx.jpg.webp?itok=LmUmZtae",90
84724a1c-0abe-4165-aacb-c350cd1d9a56,"ﾎﾟﾘｴﾁﾚﾝ ﾍﾗ","ｼﾞｰｼｰ","https://www.gc.dental/japan/sites/japan.gc.dental/files/styles/is_product_image/public/japan-migration/7ZgLPxejgUCx.jpg?itok=D1uaov8X",90
369596f9-e15c-4712-8a20-c96dbe9df355,"ﾎﾟﾘｴﾁﾚﾝ ﾎﾞｰﾙ","ｼﾞｰｼｰ","https://www.gc.dental/japan/sites/japan.gc.dental/files/styles/related_products/public/japan-migration/Sxuch5qkqUxz.jpg.webp?itok=Dl-uOrtK",98
2cdc9865-3279-4df4-905d-7e706eea34a0,"ﾎﾟﾘｴﾁﾚﾝ ﾎﾞｰﾙ","ｼﾞｰｼｰ","https://www.gc.dental/japan/sites/japan.gc.dental/files/styles/related_products/public/japan-migration/Sxuch5qkqUxz.jpg.webp?itok=Dl-uOrtK",98
6105e6fc-c6e6-42ac-aca1-0119f4b684f2,"ﾎﾟﾘｴﾁﾚﾝﾌｨﾙﾑ 500枚","ｼﾞｰｼｰ","https://www.gc.dental/japan/sites/japan.gc.dental/files/styles/is_product_image/public/japan-migration/eGWcjxtFI3LJ.jpg?itok=j8DKbqgj",90
5db649db-3cd7-4a87-a71c-aad1afed46a7,"ﾎﾟﾘｴﾁﾚﾝﾌｨﾙﾑ 500枚","ｼﾞｰｼｰ","https://www.gc.dental/japan/sites/japan.gc.dental/files/styles/is_product_image/public/japan-migration/eGWcjxtFI3LJ.jpg?itok=j8DKbqgj",90
a6898dc9-3776-4288-aa01-137faba4bd86,"ﾏｲｸﾛﾁｯﾌﾟｱﾌﾟﾘｹｰﾀｰ","ｼﾞｰｼｰ","https://www.gc.dental/japan/sites/japan.gc.dental/files/styles/is_product_image/public/japan-migration/yljqv6ElKr4H.jpg?itok=--Q9VeW6",90
16bb1e80-7410-46ff-b37c-573b6a4d80b2,"ﾏｲｸﾛﾁｯﾌﾟｱﾌﾟﾘｹｰﾀｰ","ｼﾞｰｼｰ","https://www.gc.dental/japan/sites/japan.gc.dental/files/styles/is_product_image/public/japan-migration/yljqv6ElKr4H.jpg?itok=--Q9VeW6",90
1f3e732e-ff22-4961-a602-b4617ce7ea7c,"ﾒﾀﾙﾌﾟﾗｲﾏｰZ(5mL)1本","ｼﾞｰｼｰ","https://www.gc.dental/japan/sites/japan.gc.dental/files/styles/is_product_image/public/japan-migration/xBSdPcH45IjV.jpg?itok=fCIfw93L",75
f1ff9921-db71-4eed-81a5-abbc0c09d696,"ﾒﾀﾙﾌﾟﾗｲﾏｰZ(5mL)1本","ｼﾞｰｼｰ","https://www.gc.dental/japan/sites/japan.gc.dental/files/styles/is_product_image/public/japan-migration/xBSdPcH45IjV.jpg?itok=fCIfw93L",75
536af8c6-8289-4472-974c-d5fd0921a4bf,"ﾕｰﾃｨﾘﾃｨｰﾜｯｸｽ 100g ﾎﾜｲﾄ","ｼﾞｰｼｰ","https://www.gc.dental/japan/sites/japan.gc.dental/files/styles/is_product_image/public/japan-migration/SGvlaqLjgO2R.jpg?itok=JWVmou8r",88
f8b33d53-7cd5-4caa-ba3b-04fa308154d7,"ﾕｰﾃｨﾘﾃｨｰﾜｯｸｽ 100g ﾎﾜｲﾄ","ｼﾞｰｼｰ","https://www.gc.dental/japan/sites/japan.gc.dental/files/styles/is_product_image/public/japan-migration/SGvlaqLjgO2R.jpg?itok=JWVmou8r",88
5bc95414-7b0b-4213-8d1c-4046a26620ae,"ﾕｰﾃｨﾘﾃｨｰﾜｯｸｽ 100G ﾚｯﾄﾞ","ｼﾞｰｼｰ","https://www.gc.dental/japan/sites/japan.gc.dental/files/styles/is_product_image/public/japan-migration/SGvlaqLjgO2R.jpg?itok=JWVmou8r",88
be808b08-a0bf-4ddc-b264-5d248ea9e684,"ﾕｰﾃｨﾘﾃｨｰﾜｯｸｽ 100G ﾚｯﾄﾞ","ｼﾞｰｼｰ","https://www.gc.dental/japan/sites/japan.gc.dental/files/styles/is_product_image/public/japan-migration/SGvlaqLjgO2R.jpg?itok=JWVmou8r",88
f7e9ba74-ca30-486a-a8ce-ac879bce0f63,"ﾕﾆﾌｧｽﾄ2 液 250g","ｼﾞｰｼｰ","http://genki-sokai.net/html/upload/save_image_y040000-y044999/y043399-000-000.jpg",55
ef56fdaf-b722-47da-8527-c89fc89a6861,"ﾕﾆﾌｧｽﾄ2 液 250g","ｼﾞｰｼｰ","http://genki-sokai.net/html/upload/save_image_y040000-y044999/y043399-000-000.jpg",55
ed7b656f-bae2-4e1d-a93c-2f7b3fc9d6f2,"ﾕﾆﾌｧｽﾄ2 粉末250G A3","ｼﾞｰｼｰ","https://www.gc.dental/japan/sites/japan.gc.dental/files/styles/is_product_image/public/japan-migration/drggFcqeXjfI.jpg?itok=_iXB31nU",88
e9fd5def-ca04-4cef-98cd-7c924d5272a2,"ﾕﾆﾌｧｽﾄ2 粉末250G A3","ｼﾞｰｼｰ","https://www.gc.dental/japan/sites/japan.gc.dental/files/styles/related_products/public/japan-migration/C31276Qh3Z5l.jpg.webp?itok=1ikfzAC6",98
36b72fa4-427a-4884-9ccb-4f520c725c0c,"ﾕﾆﾌｧｽﾄⅢ 液100g(104mL)","ｼﾞｰｼｰ","https://www.gc.dental/japan/sites/japan.gc.dental/files/styles/related_products/public/japan-migration/UWTTZ8jX92qE.jpg.webp?itok=K0pNBItY",101
bb924a8b-5eed-4b88-b96d-7e025c4555d7,"ﾕﾆﾌｧｽﾄⅢ 液250g(260mL)","ｼﾞｰｼｰ","https://d15ihgh2blymmz.cloudfront.net/uploads/item_image/4548161149498/4548161149498_1.jpg",55
515a7cb6-1a62-4d8a-a268-adfd849471f0,"ﾕﾆﾌｧｽﾄⅢ 液250g(260mL)","ｼﾞｰｼｰ","https://d15ihgh2blymmz.cloudfront.net/uploads/item_image/4548161149498/4548161149498_1.jpg",55
394c5bd8-9052-4200-9c52-ab9e291c90c2,"ﾕﾆﾌｧｽﾄⅢ 粉 250G A2","ｼﾞｰｼｰ","https://tshop.r10s.jp/yuzawakikaku/cabinet/r_y061200-y062999/y062605-000-000.jpg",75
e91106a6-8bc6-4ea8-b069-bf01411b645e,"ﾕﾆﾌｧｽﾄⅢ 粉 250G A2","ｼﾞｰｼｰ","https://tshop.r10s.jp/yuzawakikaku/cabinet/r_y061200-y062999/y062605-000-000.jpg",75
65a009ac-fdac-4795-97f6-b0c39ffdd5ff,"ﾕﾆﾌｧｽﾄⅢ 粉100g #3(ﾋﾟﾝｸ)","ｼﾞｰｼｰ","https://www.msshika.jp/images/201507/goods_img/168461_G_1436327283897.jpg",55
67965f6d-c32e-49ae-bc5d-40a528dcd5e1,"ﾕﾆﾌｧｽﾄⅢ 粉100g #3(ﾋﾟﾝｸ)","ｼﾞｰｼｰ","https://www.msshika.jp/images/201507/goods_img/168461_G_1436327283897.jpg",55
e83ab51f-c017-4077-abdc-a3087eafc7fc,"ﾕﾆﾌｧｽﾄⅢ 粉100g A3","ｼﾞｰｼｰ","https://www.msshika.jp/images/201507/goods_img/168461_G_1436327283897.jpg",55
a7e0f994-aa2c-46fd-bbbc-627d70dce9db,"ﾕﾆﾌｧｽﾄⅢ 粉100g A3","ｼﾞｰｼｰ","https://www.msshika.jp/images/201507/goods_img/168461_G_1436327283897.jpg",55
5fd90828-d2ca-4775-a78f-f0f1a36fbc47,"ﾕﾆﾌｧｽﾄⅢ 粉35g #8(ﾗｲﾌﾞﾋﾟﾝｸ)","ｼﾞｰｼｰ","https://d15ihgh2blymmz.cloudfront.net/uploads/item_image/4548161149795/4548161149795_1.jpg",55
a8361d59-361a-443f-a720-5dd4c26f2ba0,"ﾕﾆﾌｧｽﾄⅢ 粉35g #8(ﾗｲﾌﾞﾋﾟﾝｸ)","ｼﾞｰｼｰ","https://d15ihgh2blymmz.cloudfront.net/uploads/item_image/4548161149795/4548161149795_1.jpg",55
a0ba8f1b-f737-4515-8994-f52cf0db330e,"ﾕﾆﾌｧｽﾄⅢ2-1粉35gA2#8液50g","ｼﾞｰｼｰ","https://www.gc.dental/japan/sites/japan.gc.dental/files/styles/image_608x342/public/japan-migration/drggFcqeXjfI_0.jpg.webp?itok=64EARkm4",98
121b73b9-e172-41ca-9aec-4846db6d47e4,"ﾕﾆﾌｧｽﾄⅢ2-1粉35gA2#8液50g","ｼﾞｰｼｰ","https://www.gc.dental/japan/sites/japan.gc.dental/files/styles/image_608x342/public/japan-migration/drggFcqeXjfI_0.jpg.webp?itok=64EARkm4",98
e54affd1-4827-43fe-81f8-8ecb9400e049,"ﾗﾊﾞｰｶｯﾌﾟ 5個入 半透明","ｼﾞｰｼｰ","https://www.gc.dental/japan/sites/japan.gc.dental/files/styles/is_product_image/public/japan-migration/RIIRItBTco0k.jpg?itok=f9_MgtSu",92
4daaed48-3102-43f6-952d-abb18f3e4c2f,"ﾗﾊﾞｰｶｯﾌﾟ 5個入 半透明","ｼﾞｰｼｰ","https://www.gc.dental/japan/sites/japan.gc.dental/files/styles/is_product_image/public/japan-migration/RIIRItBTco0k.jpg?itok=f9_MgtSu",92
777dc54e-497c-4df3-b08d-a89723c3935d,"ﾗﾊﾞｰｽﾄｯﾊﾟｰ 120個 ｲｴﾛｰ","ｼﾞｰｼｰ","https://www.gc.dental/japan/sites/japan.gc.dental/files/styles/related_products/public/japan-migration/nUabZgHS7OsN.jpg.webp?itok=cItjdmh2",102
6b396ce1-8eb3-40d1-970f-eac51384b27b,"ﾗﾊﾞｰｽﾄｯﾊﾟｰ 120個 ｲｴﾛｰ","ｼﾞｰｼｰ","https://www.gc.dental/japan/sites/japan.gc.dental/files/styles/related_products/public/japan-migration/nUabZgHS7OsN.jpg.webp?itok=cItjdmh2",102
daf6faa3-3e8e-4fb4-a176-11232bbad684,"ﾗﾊﾞｰｽﾄｯﾊﾟｰ 120個 緑","ｼﾞｰｼｰ","https://www.gc.dental/japan/sites/japan.gc.dental/files/styles/image_608x342/public/japan-migration/1lee7THXycf8.jpg.webp?itok=DQX5s89o",101
5b57e433-3ce1-4c14-b4a5-3e9aed203547,"ﾗﾊﾞｰｽﾄｯﾊﾟｰ 120個 緑","ｼﾞｰｼｰ","https://www.gc.dental/japan/sites/japan.gc.dental/files/styles/image_608x342/public/japan-migration/1lee7THXycf8.jpg.webp?itok=DQX5s89o",101
1c346316-4a72-48da-8c86-c3013ebdd84d,"ﾗﾊﾞｰｽﾄｯﾊﾟｰ 120個 青","ｼﾞｰｼｰ","https://www.gc.dental/japan/sites/japan.gc.dental/files/styles/image_608x342/public/japan-migration/1lee7THXycf8.jpg.webp?itok=DQX5s89o",101
a1f0aa5f-7691-42c7-91dd-3496fd1bd88f,"ﾗﾊﾞｰｽﾄｯﾊﾟｰ 120個 青","ｼﾞｰｼｰ","https://www.gc.dental/japan/sites/japan.gc.dental/files/styles/image_608x342/public/japan-migration/1lee7THXycf8.jpg.webp?itok=DQX5s89o",101
93b32c7e-1e1a-42a9-81ed-0d05be00b18a,"ﾘｯﾌﾟｼﾞｪﾙ 8.0G 1個","ｼﾞｰｼｰ","https://www.gc.dental/japan/sites/japan.gc.dental/files/styles/is_product_image/public/japan-migration/xXpBLErBvKKl.jpg?itok=Y9sLeJ2K",88
f6574dbb-a086-4a6a-a399-89ff0f3e5d8a,"ﾘｯﾌﾟｼﾞｪﾙ 8.0G 1個","ｼﾞｰｼｰ","https://www.gc.dental/japan/sites/japan.gc.dental/files/styles/is_product_image/public/japan-migration/xXpBLErBvKKl.jpg?itok=Y9sLeJ2K",88
ae9fde28-9f1f-4896-abd5-1308a001ac54,"ﾙｼｪﾛ ﾌﾛｽ ｱｿｰﾄｾｯﾄ ﾐﾝﾄWAXX4･ｱﾝWAX2","ｼﾞｰｼｰ","https://tshop.r10s.jp/oralcare/cabinet/sikanburasi/10000123.jpg?fitin=720:720",75
4a4e6aa5-749b-4dca-85bb-0942e1e3e666,"ﾙｼｪﾛ ﾌﾛｽ ｱｿｰﾄｾｯﾄ ﾐﾝﾄWAXX4･ｱﾝWAX2","ｼﾞｰｼｰ","https://tshop.r10s.jp/oralcare/cabinet/sikanburasi/10000123.jpg?fitin=720:720",75
be64c6be-944e-47a0-a2fd-2cb07406e83e,"ﾙｼｪﾛ ﾌﾛｽ ﾐﾝﾄﾜｯｸｽ ｲｴﾛｰ 30mX6個","ｼﾞｰｼｰ","https://d15ihgh2blymmz.cloudfront.net/uploads/item_image/4548161181006/4548161181006_1.jpg",55
14b17f53-33bd-4dbd-80d5-735db89ef1f3,"ﾙｼｪﾛ ﾌﾛｽ ﾐﾝﾄﾜｯｸｽ ｲｴﾛｰ 30mX6個","ｼﾞｰｼｰ","https://d15ihgh2blymmz.cloudfront.net/uploads/item_image/4548161181006/4548161181006_1.jpg",55
b8182eb7-6bfd-48d8-9b95-14d359f11dc2,"ﾙｼｪﾛ ﾌﾛｽ ﾐﾝﾄﾜｯｸｽ ｸﾞﾘｰﾝ 30mX6個","ｼﾞｰｼｰ","https://m.media-amazon.com/images/I/415ScsYWZ1L._AC_SS350_.jpg",65
6543898e-9997-4151-ae56-19c9e0650610,"ﾙｼｪﾛ ﾌﾛｽ ﾐﾝﾄﾜｯｸｽ ｸﾞﾘｰﾝ 30mX6個","ｼﾞｰｼｰ","https://image.rakuten.co.jp/kurasio-en/cabinet/gazo6/compass1687680286.jpg",55
3ab37183-0d74-4e76-8b38-e6a7f87fd5fd,"ﾙｼｪﾛ ﾌﾛｽ ﾐﾝﾄﾜｯｸｽ ﾊﾟｰﾌﾟﾙ 30mX6個","ｼﾞｰｼｰ","https://item-shopping.c.yimg.jp/i/n/okuchinomente_10066-6p-n",50
2697641f-46c3-4636-a832-5828594fb832,"ﾙｼｪﾛ ﾌﾛｽ ﾐﾝﾄﾜｯｸｽ ﾊﾟｰﾌﾟﾙ 30mX6個","ｼﾞｰｼｰ","https://item-shopping.c.yimg.jp/i/n/okuchinomente_10066-6p-n",50
ef286fb2-1577-4726-906e-32599eecb71d,"ﾙｼｪﾛ ﾌﾛｽ ﾐﾝﾄﾜｯｸｽ ﾋﾟﾝｸ 30mX6個","ｼﾞｰｼｰ","https://item-shopping.c.yimg.jp/i/f/soukai_75774",50
d326c701-949a-4eb7-93fe-3a56b829bc81,"ﾙｼｪﾛ ﾌﾛｽ ﾐﾝﾄﾜｯｸｽ ﾋﾟﾝｸ 30mX6個","ｼﾞｰｼｰ","https://image.rakuten.co.jp/kurasio-en/cabinet/gazo6/compass1687680286.jpg",55
37bffac6-69f8-4edf-8c96-77920afe108c,"ﾙｼｪﾛ ﾌﾛｽ ﾐﾝﾄﾜｯｸｽ ﾋﾟﾝｸ 医院用200m","ｼﾞｰｼｰ","https://item-shopping.c.yimg.jp/i/f/kurasio-en_ruse-floss2",50
13cce1c5-6d31-473c-aaf7-fff534c07ac4,"ﾙｼｪﾛ ﾌﾛｽ ﾐﾝﾄﾜｯｸｽ ﾋﾟﾝｸ 医院用200m","ｼﾞｰｼｰ","https://item-shopping.c.yimg.jp/i/f/kurasio-en_ruse-floss2",50
39385bc7-c103-477c-abc1-3aa9e2180642,"ﾙｼｪﾛ 歯ﾌﾞﾗｼ B-10 M 20本","ｼﾞｰｼｰ","https://shop.r10s.jp/iiha/cabinet/toothbrush2/b-10m0020.jpg",55
46b802dc-c8a3-47be-b1ef-79ecceab23ef,"ﾙｼｪﾛ 歯ﾌﾞﾗｼ B-10 M 20本","ｼﾞｰｼｰ","https://m.media-amazon.com/images/I/71p6P+W38lL._AC_SL1500_.jpg",75
c058e3f0-1716-4387-b82d-59b803d6faaf,"ﾙｼｪﾛ 歯ﾌﾞﾗｼ B-10 S 20本","ｼﾞｰｼｰ","https://shop.r10s.jp/kurasio-en/cabinet/b-10-20.jpg",55
768a1135-678c-430b-9f49-a97ac1858fd9,"ﾙｼｪﾛ 歯ﾌﾞﾗｼ B-10 S 20本","ｼﾞｰｼｰ","https://shop.r10s.jp/kurasio-en/cabinet/b-10-20.jpg",55
375967ca-b572-48a0-85ef-e43507ab9cc6,"ﾙｼｪﾛ 歯ﾌﾞﾗｼ B-20 M ﾋﾟｾﾗ 20本","ｼﾞｰｼｰ","https://m.media-amazon.com/images/I/71p6P+W38lL._AC_SL1500_.jpg",75
6cbfdc5a-e51a-4568-ac0c-f08ca4d07af0,"ﾙｼｪﾛ 歯ﾌﾞﾗｼ B-20 M ﾋﾟｾﾗ 20本","ｼﾞｰｼｰ","https://m.media-amazon.com/images/I/71p6P+W38lL._AC_SL1500_.jpg",75
06a4e960-29bb-4bc3-aa66-7f8742321591,"ﾙｼｪﾛ 歯ﾌﾞﾗｼ B-20 S ﾋﾟｾﾗ 20本","ｼﾞｰｼｰ","https://m.media-amazon.com/images/I/71p6P+W38lL._AC_SL1500_.jpg",75
1b64002d-38a1-4960-bce2-22dc9aaa4296,"ﾙｼｪﾛ 歯ﾌﾞﾗｼ B-20 S ﾋﾟｾﾗ 20本","ｼﾞｰｼｰ","https://m.media-amazon.com/images/I/71p6P+W38lL._AC_SL1500_.jpg",75
a7193976-07c6-4d54-a8b4-9a9608c61c97,"ﾙｼｪﾛ 歯ﾌﾞﾗｼ B-21 M ﾋﾟｾﾗ 20本","ｼﾞｰｼｰ","https://www.gc.dental/japan/sites/japan.gc.dental/files/styles/image_608x342/public/images/2025-10/B21_2.png.webp?itok=wSUgsr22",94
b9e43ebe-4428-4f3d-8f1c-c11602485b48,"ﾙｼｪﾛ 歯ﾌﾞﾗｼ B-21 M ﾋﾟｾﾗ 20本","ｼﾞｰｼｰ","https://www.gc.dental/japan/sites/japan.gc.dental/files/styles/image_608x342/public/images/2025-10/B21_2.png.webp?itok=wSUgsr22",94
15282fdf-65ae-4ae3-8715-2dbc310ac874,"ﾙｼｪﾛ 歯ﾌﾞﾗｼ B-21 S ﾋﾟｾﾗ 20本","ｼﾞｰｼｰ","https://www.gc.dental/japan/sites/japan.gc.dental/files/styles/image_608x342/public/images/2025-10/B21_2.png.webp?itok=wSUgsr22",94
bcad06f7-f85a-4748-a735-60a8bb632aaa,"ﾙｼｪﾛ 歯ﾌﾞﾗｼ B-21 S ﾋﾟｾﾗ 20本","ｼﾞｰｼｰ","https://www.gc.dental/japan/sites/japan.gc.dental/files/styles/image_608x342/public/images/2025-10/B21_2.png.webp?itok=wSUgsr22",94
fd8cadd0-148f-43b4-91aa-1ed5f971509a,"ﾙｼｪﾛ 歯ﾌﾞﾗｼ B-30 ｸﾞﾗｯﾎﾟ 20本1函","ｼﾞｰｼｰ","https://d1wdpa3etmuwz6.cloudfront.net/media/catalog/product/cache/1/image/1800x/040ec09b1e35df139433887a97daa66f/2/0/200920652001_005.png",55
0e94b49e-09b0-4ec7-bdec-1e85fed24e2f,"ﾙｼｪﾛ 歯ﾌﾞﾗｼ B-30 ｸﾞﾗｯﾎﾟ 20本1函","ｼﾞｰｼｰ","https://d1wdpa3etmuwz6.cloudfront.net/media/catalog/product/cache/1/image/1800x/040ec09b1e35df139433887a97daa66f/2/0/200920652001_005.png",55
f3b0eb7d-192f-49df-9a90-5475971e7e17,"ﾙｼｪﾛ 歯ﾌﾞﾗｼ P-10 M ｱｿｰﾄ 20本","ｼﾞｰｼｰ","https://shop.r10s.jp/iiha/cabinet/toothbrush/gc/p2020-min.jpg?39b0zo4wpu1kvqfj5t&cf63epvt1uo",55
107d2b8d-af9d-4603-8a53-84901ffb9c52,"ﾙｼｪﾛ 歯ﾌﾞﾗｼ P-10 M ｱｿｰﾄ 20本","ｼﾞｰｼｰ","https://shop.r10s.jp/iiha/cabinet/toothbrush/gc/p2020-min.jpg?39b0zo4wpu1kvqfj5t&cf63epvt1uo",55
dc40d755-3d04-4e2b-a089-644dab7904e7,"ﾙｼｪﾛ 歯ﾌﾞﾗｼ P-20M ﾋﾟｾﾗ 20本","ｼﾞｰｼｰ","https://image.rakuten.co.jp/iiha/cabinet/toothbrush/gc/ruscello1-min.jpg",55
79b20639-4611-497c-bd3e-be6fca6000cb,"ﾙｼｪﾛ 歯ﾌﾞﾗｼ P-20M ﾋﾟｾﾗ 20本","ｼﾞｰｼｰ","https://image.rakuten.co.jp/iiha/cabinet/toothbrush/gc/ruscello1-min.jpg",55
7a86211f-7f10-441e-87c8-e75bedce0632,"ﾙｼｪﾛ 歯ﾌﾞﾗｼ P-20S ﾋﾟｾﾗ 20本","ｼﾞｰｼｰ","https://m.media-amazon.com/images/I/21XG6c+WrcL._AC_UF894,1000_QL80_.jpg?r8g2ljy9q0vmh",73
e1eb955a-4f45-4d6c-bb7a-43a881246114,"ﾙｼｪﾛ 歯ﾌﾞﾗｼ P-20S ﾋﾟｾﾗ 20本","ｼﾞｰｼｰ","https://m.media-amazon.com/images/I/21XG6c+WrcL._AC_UF894,1000_QL80_.jpg?r8g2ljy9q0vmh",73
8d58a1de-0c3b-4f6e-b45e-e4f03304ba26,"ﾙｼｪﾛ 歯ﾌﾞﾗｼ P-21M ﾋﾟｾﾗ 20本","ｼﾞｰｼｰ","https://d1wdpa3etmuwz6.cloudfront.net/media/catalog/product/cache/1/image/500x500/9df78eab33525d08d6e5fb8d27136e95/_/p/_p-21m-20_.jpg",55
db927175-5696-44f0-adb2-ac15f7c90c9b,"ﾙｼｪﾛ 歯ﾌﾞﾗｼ P-21M ﾋﾟｾﾗ 20本","ｼﾞｰｼｰ","https://d1wdpa3etmuwz6.cloudfront.net/media/catalog/product/cache/1/image/500x500/9df78eab33525d08d6e5fb8d27136e95/_/p/_p-21m-20_.jpg",55
302eed51-1f22-4241-96d5-9847a93579e2,"ﾙｼｪﾛ 歯ﾌﾞﾗｼ P-21S ﾋﾟｾﾗ 20本","ｼﾞｰｼｰ","https://www.gc.dental/japan/sites/japan.gc.dental/files/styles/image_608x342/public/images/2025-10/P21_2.png.webp?itok=p3_W6XGa",94
792ffb3b-3fc3-47fe-ba33-7b109db6bde6,"ﾙｼｪﾛ 歯ﾌﾞﾗｼ P-21S ﾋﾟｾﾗ 20本","ｼﾞｰｼｰ","https://image.rakuten.co.jp/iiha/cabinet/toothbrush/gc/ruscello1-min.jpg",55
95a643cb-c59a-4959-843b-12ddd41fd7f2,"ﾙｼｪﾛ 歯ﾌﾞﾗｼ W-10 6本入り","ｼﾞｰｼｰ","https://shop.r10s.jp/cpro/cabinet/compass1723688620.jpg",55
1244fe7d-2e14-4bdb-bd9f-752e90cee440,"ﾙｼｪﾛ 歯ﾌﾞﾗｼ W-10 6本入り","ｼﾞｰｼｰ","https://shop.r10s.jp/cpro/cabinet/compass1723688620.jpg",55
e7278ad6-d622-4ecb-adef-8e20338de272,"ﾙｼｪﾛﾄｰﾀﾙｹｱﾊﾐｶﾞｷﾋﾞﾀｰﾐﾝﾄ 90ｇ","ｼﾞｰｼｰ","https://shop.r10s.jp/genki-sokai/cabinet/m_y130000-y134999/s_3400/y133490.jpg",52
129bcd67-c2b2-4f5d-80da-a54fd4116154,"ﾙｼｪﾛ歯みがきﾎﾜｲﾄ ﾋﾟｭｱﾐﾝﾄ 100g","ｼﾞｰｼｰ","https://shop.r10s.jp/powerfullworld/cabinet/10196786/imgrc0111645646.jpg",55
661b4fce-7fe3-464f-863d-0e7a91d5eff8,"ﾙｼｪﾛ歯みがきﾎﾜｲﾄ ﾋﾟｭｱﾐﾝﾄ 100g","ｼﾞｰｼｰ","https://shop.r10s.jp/powerfullworld/cabinet/10196786/10645907/imgrc0115454822.jpg",55
756cb96c-823c-4233-bc59-2f2eeae5db86,"ﾙｼｪﾛ歯みがきﾎﾜｲﾄ ﾌﾟﾚﾐｱﾑｹｱ 100g","ｼﾞｰｼｰ","https://item-shopping.c.yimg.jp/i/n/hagahaga_gcc-rpw103",50
e999978f-a4ce-4806-b0f6-bebe3042895b,"ﾙｼｪﾛ歯みがきﾎﾜｲﾄ ﾌﾟﾚﾐｱﾑｹｱ 100g","ｼﾞｰｼｰ","https://item-shopping.c.yimg.jp/i/n/officekanna_z4550565003535-1-j-i",50
7341bcb8-8e7d-475f-916a-d2ea09d10d74,"取付料","ｼﾞｰｼｰ","http://www.gc.dental/japan/sites/japan.gc.dental/files/japan-migration/Ko1oDS5X6ujy.jpg",102
3fb446bb-0c9d-4acc-8afb-fda6ffbd6859,"取付料","ｼﾞｰｼｰ","http://www.gc.dental/japan/sites/japan.gc.dental/files/japan-migration/Ko1oDS5X6ujy.jpg",102
14bcd331-9a45-4cde-90b5-7b4d1092d61a,"技術料 その他","ｼﾞｰｼｰ","https://www.gc.dental/japan/sites/japan.gc.dental/files/inline-images/img_sdgs_cases_expansion_covered_by_insurance_oralfunction.jpg",105
7e5022a9-50fc-4e71-a7bb-af5edc742305,"技術料 その他","ｼﾞｰｼｰ","https://www.gc.dental/japan/sites/japan.gc.dental/files/styles/image_608x342/public/japan-migration/X9cIXb7o01yg_0.jpg.webp?itok=TfXx171v",99
4896cdbf-dd10-4148-890d-06cfbe204b46,"改良ｵｽﾄﾛﾝﾓｰﾙﾄﾞ 組","ｼﾞｰｼｰ","https://www.gc.dental/japan/sites/japan.gc.dental/files/styles/related_products/public/japan-migration/X5TxJdAV6vBh.jpg.webp?itok=D8uLQ6ZO",90
4b920c85-1a92-43ce-8c44-5069c7a5ada2,"改良ｵｽﾄﾛﾝﾓｰﾙﾄﾞ 組","ｼﾞｰｼｰ","https://www.gc.dental/japan/sites/japan.gc.dental/files/styles/related_products/public/japan-migration/X5TxJdAV6vBh.jpg.webp?itok=D8uLQ6ZO",90
131f5304-9aaa-46ee-82c3-fb91596bee6c,"新ﾎﾟﾘｸﾞﾘｯﾌﾟ無添加 75g 1本","ｼﾞｰｼｰ","https://shop.r10s.jp/master/cabinet/200-35/a0149806.jpg",55
7dc2d0e0-4c30-48d3-b7d8-45c5ee67a295,"新ﾎﾟﾘｸﾞﾘｯﾌﾟ無添加 75g 1本","ｼﾞｰｼｰ","https://shop.r10s.jp/master/cabinet/200-35/a0149806.jpg",55
5226bc99-d3ed-4e87-886c-6c9870db60c6,"歯面清掃ﾊﾟｳﾀﾞｰﾌﾟﾗｽ 120ｇ","ｼﾞｰｼｰ","https://www.gc.dental/japan/sites/japan.gc.dental/files/microsites/regalo/product/img/pict_ins16.png",99
a605b83b-1e7b-4d25-b88b-f3f434fc357f,"滅菌器用排水ﾎｰｽ2","ｼﾞｰｼｰ","https://www.gcdental.co.jp/melag/img/product/vacuclave118318prime/modal_sec01_4_02.png",69
9465e5fd-597f-49f3-aadb-65cd5a90bc78,"滅菌器用排水ﾎｰｽ2","ｼﾞｰｼｰ","https://images-na.ssl-images-amazon.com/images/I/61320YKkL2L.jpg",75
55abf646-25bc-44f3-a924-a5e84f41823e,"石こう･埋没材 計量器","ｼﾞｰｼｰ","https://www.gc.dental/japan/sites/japan.gc.dental/files/japan-migration/KdBvqnumfumG.jpg",93
e4fa3aa1-fb8c-40cf-a3cc-e714f498236a,"石こう･埋没材 計量器","ｼﾞｰｼｰ","https://www.gc.dental/japan/sites/japan.gc.dental/files/japan-migration/KdBvqnumfumG.jpg",93
85f6182d-b96a-4c69-9416-1e475cc39020,"石膏･埋没材 計量器","ｼﾞｰｼｰ","https://www.gc.dental/japan/sites/japan.gc.dental/files/japan-migration/KdBvqnumfumG.jpg",93
e990647b-1850-495c-a396-d983a2495155,"石膏･埋没材 計量器","ｼﾞｰｼｰ","https://www.gc.dental/japan/sites/japan.gc.dental/files/japan-migration/KdBvqnumfumG.jpg",93
a9f5377d-319a-4253-b13e-f5a85193038f,"筆 NO.4 10本 共用小筆","ｼﾞｰｼｰ","https://www.gc.dental/japan/sites/japan.gc.dental/files/japan-migration/0h13aHQLdCW5.jpg",93
befd19dd-4c19-4661-a1bb-a8951ef10306,"筆 NO.4 10本 共用小筆","ｼﾞｰｼｰ","https://www.gc.dental/japan/sites/japan.gc.dental/files/japan-migration/0h13aHQLdCW5.jpg",93
58cd5d97-4a4d-4e3e-a9e0-170735f75de6,"練和紙 NO.1 30枚5冊","ｼﾞｰｼｰ","https://static.mercdn.net/item/detail/orig/photos/m61095794312_1.jpg?1735438168",55
68b739da-0477-4684-9ccd-68a8c96acdb6,"練和紙 NO.1 30枚5冊","ｼﾞｰｼｰ","https://m.media-amazon.com/images/I/71eIiIIw2YL._AC_SL1500_.jpg",71
2cf40234-ce0b-4f9f-b3d2-3322b73a1e5d,"練和紙 No.23 5冊1函","ｼﾞｰｼｰ","http://www.gc.dental/japan/sites/japan.gc.dental/files/japan-migration/czlGdvjz7Wzx.jpg",101
40b01610-6ad0-447e-bfad-d5ee4bd8ce5c,"練和紙 No.23 5冊1函","ｼﾞｰｼｰ","http://www.gc.dental/japan/sites/japan.gc.dental/files/japan-migration/czlGdvjz7Wzx.jpg",101
6c21f3d4-6326-49ff-8d62-95590d3ed3d6,"ｵﾙｿﾘｰ IPRﾊﾞｰ 6本入 T018-06fff","ｼﾞｰｼｰｵﾙｿﾘｰ","https://makeshop-multi-images.akamaized.net/gcortholy/itemimages/0000000000432_3PqZVOH.png",38
ab18c0fc-9f62-4308-beb1-2c919c2a94df,"ｵﾙｿﾘｰ IPRﾊﾞｰ 6本入 T018-06fff","ｼﾞｰｼｰｵﾙｿﾘｰ","https://makeshop-multi-images.akamaized.net/gcortholy/itemimages/0000000000432_3PqZVOH.png",38
fc3dc1a4-e300-4912-8a9e-ebab283644ac,"ｵﾙｿﾘｰ IPRﾊﾞｰ 6本入 T028-06fff","ｼﾞｰｼｰｵﾙｿﾘｰ","https://makeshop-multi-images.akamaized.net/gcortholy/itemimages/0000000000662_F12FUMB.png",38
2632160a-24d1-43c0-979d-46318a000d95,"ｵﾙｿﾘｰ IPRﾊﾞｰ 6本入 T038-06fff","ｼﾞｰｼｰｵﾙｿﾘｰ","https://makeshop-multi-images.akamaized.net/gcortholy/itemimages/0000000000422_2wjI1jY.png",38
e47dbc69-e5f3-4836-9263-7aaadac5c6c3,"ｵﾙｿﾘｰ IPRﾊﾞｰ 6本入 T038-06fff","ｼﾞｰｼｰｵﾙｿﾘｰ","https://makeshop-multi-images.akamaized.net/gcortholy/itemimages/0000000000422_2wjI1jY.png",38
9d581324-5beb-4d86-bc7e-fe9f07e2ff98,"ｵﾙｿﾘｰ IPRﾊﾞｰ ｱｿｰﾄ 6本入 T-Assort","ｼﾞｰｼｰｵﾙｿﾘｰ","https://makeshop-multi-images.akamaized.net/gcortholy/itemimages/0000000000082_tlWYfNi.png",48
709dee7b-4a3e-416c-a08c-22a7a98679be,"ｵﾙｿﾘｰ IPRﾊﾞｰ ｱｿｰﾄ 6本入 T-Assort","ｼﾞｰｼｰｵﾙｿﾘｰ","https://makeshop-multi-images.akamaized.net/gcortholy/itemimages/0000000000422_2wjI1jY.png",38
6d1465e9-169e-4311-a7d7-8b277e375c86,"ﾕﾆﾊﾞｰｻﾙﾎﾞﾝﾄﾞ ｽﾀｰﾀｰｾｯﾄ(ｸﾘｱ)","ｼﾞｰｼｰｵﾙｿﾘｰ","https://www.gcortholy.com/wp-content/uploads/2020/02/universalbond_img017-1.jpg",50
0896793b-0376-409f-9257-30f728174b5c,"ﾕﾆﾊﾞｰｻﾙﾎﾞﾝﾄﾞ ｽﾀｰﾀｰｾｯﾄ(ｸﾘｱ)","ｼﾞｰｼｰｵﾙｿﾘｰ","https://www.gcortholy.com/wp-content/uploads/2020/02/universalbond_img017-1.jpg",50
c53b6731-9f3e-4109-8571-fe03efe44f30,"AKIYAMA.S ﾏｲｸﾛｷｬﾘｱ","ｼｵﾀﾞ","https://auctions.c.yimg.jp/images.auctions.yahoo.co.jp/image/dr000/auc0410/users/9fa78642e597f00b5695babb0b529093b1e4159d/i-img1200x900-1698300722nlxig51563176.jpg",50
3c9e88aa-3451-4b3c-9936-1ab38f513c09,"ｴｲﾌﾞﾄﾚｰ ﾊｲﾌﾚｯｸｽAC右下左上用","ｼｻﾞｲｼｬ","https://www.gc.dental/japan/sites/japan.gc.dental/files/styles/image_608x342/public/japan-migration/n0CURDmRK77j.jpg.webp?itok=op3lzTb_",98
11eba943-cd91-44d7-9e6f-0cd9e0c701c2,"ｴｲﾌﾞﾄﾚｰ ﾊｲﾌﾚｯｸｽAC右下左上用","ｼｻﾞｲｼｬ","https://www.gc.dental/japan/sites/japan.gc.dental/files/styles/image_608x342/public/japan-migration/n0CURDmRK77j.jpg.webp?itok=op3lzTb_",98
bfae98b3-031f-42f3-919c-4ec34f5db070,"ｴｲﾌﾞﾄﾚｰ ﾊｲﾌﾚｯｸｽAC左下右上用","ｼｻﾞｲｼｬ","https://www.gc.dental/japan/sites/japan.gc.dental/files/styles/image_608x342/public/japan-migration/n0CURDmRK77j.jpg.webp?itok=op3lzTb_",98
e2002201-03ad-4635-b454-25979de4023b,"ｴｲﾌﾞﾄﾚｰ ﾊｲﾌﾚｯｸｽAC左下右上用","ｼｻﾞｲｼｬ","https://auctions.c.yimg.jp/images.auctions.yahoo.co.jp/image/dr000/auc0401/users/26bca47bb19e26fe1bcbb7f58d88ff281b40d8ee/i-img1088x1088-1673794662bzbbs5147643.jpg",55
c502a7f0-38ce-4c4f-b3c5-fa57e1d3e1d5,"ﾃﾞﾝﾀﾙﾌﾟﾛ 歯間ﾌﾞﾗｼ L字型 10本入/#1(SSS) 5103330","ｼﾞｬｯｸｽ","https://m.media-amazon.com/images/I/71gEfveHYpL.jpg",75
4cd74d5b-252b-4498-a864-c03df6cba4d2,"ﾃﾞﾝﾀﾙﾌﾟﾛ 歯間ﾌﾞﾗｼ L字型 10本入/#1(SSS) 5103330","ｼﾞｬｯｸｽ","https://m.media-amazon.com/images/I/71gEfveHYpL.jpg",75
0d3c1538-3157-4a8c-b603-10dae0a6dcfd,"ﾃﾞﾝﾀﾙﾌﾟﾛ 歯間ﾌﾞﾗｼ L字型 10本入/＃2(SS)","ｼﾞｬｯｸｽ","https://m.media-amazon.com/images/I/71gEfveHYpL.jpg",75
6eee5f85-1791-4eb9-a3a3-9c8d3c087398,"ﾃﾞﾝﾀﾙﾌﾟﾛ 歯間ﾌﾞﾗｼ L字型 10本入/#5(L) 5103178","ｼﾞｬｯｸｽ","https://m.media-amazon.com/images/I/71gEfveHYpL.jpg",75
508623b4-cbeb-4f6e-a2d8-195a2067026b,"ﾃﾞﾝﾀﾙﾌﾟﾛ 歯間ﾌﾞﾗｼ L字型 10本入/#5(L) 5103178","ｼﾞｬｯｸｽ","https://m.media-amazon.com/images/I/71gEfveHYpL.jpg",75
a0aad253-f22a-4e02-8edb-4c0818ba4802,"ﾃﾞﾝﾀﾙﾌﾟﾛ 歯間ﾌﾞﾗｼ L字型 ｻｲｽﾞ2(SS) 10本","ｼﾞｬｯｸｽ","https://image1.shopserve.jp/e-fujiyakuhin.jp/pic-labo/llimg/4973227306025.jpg",55
5e8b4ffd-2a48-4e3d-8704-eb30bf04d5b6,"ﾃﾞﾝﾀﾙﾌﾟﾛ 歯間ﾌﾞﾗｼ L字型 ｻｲｽﾞ2(SS) 10本","ｼﾞｬｯｸｽ","https://image1.shopserve.jp/e-fujiyakuhin.jp/pic-labo/llimg/4973227306025.jpg",55
ce308b16-3fcb-47fb-8a87-fb2e2f111136,"ｵｰﾗ注歯科用ｶｰﾄﾘｯｼﾞ 1.8mL 50入","ｼｮｳﾜ","https://shop.pdr.co.jp/resize/p1x2/g_images/series-941/series-941_u_50-4343.jpg",70
66c2a188-7c27-47dd-9ebe-e9b8b4706694,"ｵｰﾗ注歯科用ｶｰﾄﾘｯｼﾞ 1.8mL 50入","ｼｮｳﾜ","https://shop.pdr.co.jp/resize/p1x2/g_images/series-941/series-941_u_50-4343.jpg",70
87ba1b03-5b08-4e08-b394-82933d2fcd01,"ﾃﾞﾝｽﾎﾟｯﾄ 40g","ｼｮｳﾜ","https://d15ihgh2blymmz.cloudfront.net/uploads/item_image/4987094880311/4987094880311_1.jpg",55
276a6155-ccb6-4062-aeaf-c8eaf11a6511,"ﾃﾞﾝｽﾎﾟｯﾄ 40g","ｼｮｳﾜ","https://d15ihgh2blymmz.cloudfront.net/uploads/item_image/4987094880311/4987094880311_1.jpg",55
21be5c3a-d580-4e57-a65a-ca00cb65d4af,"ﾃﾞﾝﾌｨｯﾄS 1.5g","ｼｮｳﾜ","https://maiplemedical.com/cdn/shop/products/03011006_58b61e89c7f8c_580x.jpg?v=1605259656",55
dc8fbcfc-80f1-4d95-96f5-aaa45c82c521,"ﾐﾉｻｲｸﾘﾝ塩酸塩歯科用軟膏2%｢昭和｣","ｼｮｳﾜ","https://maiplemedical.com/cdn/shop/files/20240327_113510_0007_580x@2x.png?v=1711507541",55
3e0a2f95-1657-40d0-98d7-de15a7f3a094,"ﾐﾉｻｲｸﾘﾝ塩酸塩歯科用軟膏2%｢昭和｣","ｼｮｳﾜ","https://maiplemedical.com/cdn/shop/files/20240327_113510_0007_580x@2x.png?v=1711507541",55
c05fa950-b70c-48be-bbb2-533f1bdf03e1,"E-3112-7 ﾁｭﾆｯｸ ﾗｲﾄﾍﾞｰｼﾞｭXﾌﾞﾗｯｸ M","ｼﾛﾀ","https://www.j-b-m.co.jp/html/upload/save_image/0215113940_63ec45ec6e579.jpg",55
c04dc465-0a71-4ba7-9b95-f441cad66a3b,"E-3112-7 ﾁｭﾆｯｸ ﾗｲﾄﾍﾞｰｼﾞｭXﾌﾞﾗｯｸ M","ｼﾛﾀ","https://www.j-b-m.co.jp/html/upload/save_image/0215113940_63ec45ec6e579.jpg",55
9520c66b-3289-4d35-89b5-3a5a6b1d84a7,"E-3112-7 ﾁｭﾆｯｸ ﾗｲﾄﾍﾞｰｼﾞｭXﾌﾞﾗｯｸ S","ｼﾛﾀ","https://cdn.askul.co.jp/img/product/3L1/W578546_3L1.jpg",55
b79f609a-dca1-45ea-ab44-c415a13e3e50,"E-3112-7 ﾁｭﾆｯｸ ﾗｲﾄﾍﾞｰｼﾞｭXﾌﾞﾗｯｸ S","ｼﾛﾀ","https://cdn.askul.co.jp/img/product/3L1/W578546_3L1.jpg",55
f84f018b-7fd1-4010-94ec-a910550b24d3,"DAC排水ﾌｨﾙﾀｰ＆ｶﾞｽｹｯﾄ","ｼﾛﾅﾃﾞﾝﾀﾙ","http://www.primet.co.jp/images/products/pf_gasket.jpg",51
a4cde939-c99f-443d-925f-856313a5afc5,"DAC排水ﾌｨﾙﾀｰ＆ｶﾞｽｹｯﾄ","ｼﾛﾅﾃﾞﾝﾀﾙ","http://www.primet.co.jp/images/products/pf_gasket.jpg",51
573d09e9-f93b-4845-848b-feba522c97d6,"ｾﾚｯｸｽﾄｰﾝBC 1.2Kg 2個入","ｼﾛﾅﾃﾞﾝﾀﾙ","https://www.dentsplysirona.com/ja-jp/discover/discover-by-brand/inlab-profire/_jcr_content/root/container/image_1500429285.coreimg.jpeg/1739803454323/lab-image-inlab-prosinter-sintering-material-npm-web.jpeg",96
d70e0773-e57e-4e67-a334-46bc8d60ddca,"ｾﾚｯｸｽﾄｰﾝBC 1.2Kg 2個入","ｼﾛﾅﾃﾞﾝﾀﾙ","https://www.dentsplysirona.com/ja-jp/discover/discover-by-brand/inlab-profire/_jcr_content/root/container/image_1500429285.coreimg.jpeg/1739803454323/lab-image-inlab-prosinter-sintering-material-npm-web.jpeg",96
901d0a1c-cff3-420b-a797-5840d1279cc7,"ﾆﾄﾗﾃﾞﾑ ﾛﾝｸﾞﾗｲﾌﾌｨﾙﾀｰ","ｼﾛﾅﾃﾞﾝﾀﾙ","https://stat.ameba.jp/user_images/20190318/22/kimoto-dental/f1/dd/j/o1080081014374753564.jpg",50
e72f61f8-d771-44f5-b385-7856648aa2a4,"酸素吸入器 ｵｷｼｹﾞﾝ5型　2017","ｼﾝｴｲ","https://www.shinei.me/wp-content/themes/shinei/assets/img/products/25.jpg",55
d9f19b0f-b494-4348-ae7b-9c2e20024ae9,"酸素吸入器 ｵｷｼｹﾞﾝ5型　2017","ｼﾝｴｲ","https://www.shinei.me/wp-content/themes/shinei/assets/img/products/25.jpg",55
c5639644-03b7-4ead-99bb-22611915e681,"ｲﾝﾌﾟﾘﾝﾄ4 ｿﾌﾄﾄﾚｰﾎﾞﾃﾞｨ 71551","ｽﾘｰｴﾑ","https://multimedia.3m.com/mws/media/2231244J/3m-imprint-4-soft-tray-rf-jp-71551.jpg",80
feb5e066-b012-4e22-afe1-8f386c6d083c,"ｲﾝﾌﾟﾘﾝﾄ4 ｿﾌﾄﾄﾚｰﾎﾞﾃﾞｨ 71551","ｽﾘｰｴﾑ","https://multimedia.3m.com/mws/media/2231244J/3m-imprint-4-soft-tray-rf-jp-71551.jpg",80
d522cd84-5edf-4de5-bcb8-c7b55b2ec30d,"ｲﾝﾌﾟﾘﾝﾄ4 ﾊﾞｲﾄ 71529 （36850後継品）","ｽﾘｰｴﾑ","https://multimedia.3m.com/mws/media/2231244J/3m-imprint-4-soft-tray-rf-jp-71551.jpg",80
60b5f365-9d62-44ea-9e2d-6a237626d6d9,"ｲﾝﾌﾟﾘﾝﾄ4 ﾊﾞｲﾄ 71529 （36850後継品）","ｽﾘｰｴﾑ","https://d15ihgh2blymmz.cloudfront.net/uploads/item_image/4550309344948/4550309344948_1.jpg",55
990bbb4a-4c85-427c-baaf-d75fc1df3799,"ｴﾘﾊﾟｰﾃﾞｨｰﾌﾟｷｭｱLED光重合器","ｽﾘｰｴﾑ","https://fordynet.fordy.jp/storage/products/20160610144306_1.jpg",45
0a81bc6d-32bd-4c49-b6c7-f4f48cc60937,"ｴﾘﾊﾟｰﾃﾞｨｰﾌﾟｷｭｱLED光重合器","ｽﾘｰｴﾑ","https://fordynet.fordy.jp/storage/products/20160610144306_1.jpg",45
d3e9eda1-ca84-444f-84c4-fb5fbb6c0d27,"ｷﾞｬﾗﾝ ﾐｷｼﾝｸﾞﾁｯﾌﾟﾌﾞﾙｰ 71453","ｽﾘｰｴﾑ","https://maiplemedical.com/cdn/shop/products/08101034_598bb83ae8791_580x.jpg?v=1605257906",55
aa086b33-9072-4475-9b38-79d7540a808b,"ｷﾞｬﾗﾝ ﾐｷｼﾝｸﾞﾁｯﾌﾟﾌﾞﾙｰ 71453","ｽﾘｰｴﾑ","https://maiplemedical.com/cdn/shop/products/08101034_598bb83ae8791_580x.jpg?v=1605257906",55
31e6a150-acd4-4752-a310-a3a0f46b389f,"ｸﾘﾝﾌﾟﾛ 歯みがきﾍﾟｰｽﾄ F1450 90g1本 ｼﾄﾗｽﾐﾝﾄ 8212","ｽﾘｰｴﾑ","https://d15ihgh2blymmz.cloudfront.net/uploads/item_image/4549395823819/4549395823819_1.jpg",55
a9f9595e-fe18-4066-bab5-53b8e1dd339e,"ｸﾘﾝﾌﾟﾛ 歯みがきﾍﾟｰｽﾄ F1450 90g1本 ｼﾄﾗｽﾐﾝﾄ 8212","ｽﾘｰｴﾑ","https://d15ihgh2blymmz.cloudfront.net/uploads/item_image/4549395867752/4549395867752_1.jpg",55
f5751988-a3e6-48d1-9507-d41cb3e614bf,"ｸﾘﾝﾌﾟﾛXT ﾊﾞｰﾆｯｼｭ 5g 12248S","ｽﾘｰｴﾑ","http://nozakidc.com/wp-content/uploads/2018/06/IMG_6278-e1528372210392-1024x720.jpg",49
03a16d0d-ef84-4aa1-8b43-3fb31cc73ed4,"ｸﾘﾝﾌﾟﾛXT ﾊﾞｰﾆｯｼｭ 5g 12248S","ｽﾘｰｴﾑ","http://nozakidc.com/wp-content/uploads/2018/06/IMG_6278-e1528372210392-1024x720.jpg",49
dec93419-f7fc-499b-ad67-526e4804a34b,"ｸﾘﾝﾌﾟﾛｸﾘｰﾆﾝｸﾞﾍﾟｰｽﾄPMTC用50g 8241","ｽﾘｰｴﾑ","https://r.r10s.jp/ran/img/1001/0004/987/580/208/278/10010004987580208278_1.jpg",55
ca3c312d-2457-4e04-8d81-62c7cce101e3,"ｸﾘﾝﾌﾟﾛｸﾘｰﾆﾝｸﾞﾍﾟｰｽﾄPMTC用50g 8241","ｽﾘｰｴﾑ","https://r.r10s.jp/ran/img/1001/0004/987/580/208/278/10010004987580208278_1.jpg",55
6e8b938e-05e5-4101-8adc-f774f89fe25b,"ｹﾀｯｸｾﾑμｲｰｼﾞｰﾐｯｸｽ 基本ｾｯﾄ ｸﾞﾗｽｱｲｵﾉﾏｰ 56900","ｽﾘｰｴﾑ","https://assets.solventum.com/is/image/mmmspinco/56900_Ketac_Cem-1",50
eae4de01-6de8-4298-a1ee-29e49c0901f2,"ｹﾀｯｸｾﾑμｲｰｼﾞｰﾐｯｸｽ 基本ｾｯﾄ ｸﾞﾗｽｱｲｵﾉﾏｰ 56900","ｽﾘｰｴﾑ","https://assets.solventum.com/is/image/mmmspinco/56900_Ketac_Cem-1",50
435b5fa8-45f1-49b5-bc76-8881f74f3812,"ｽｺｯﾁB Uﾌﾟﾗｽｱﾄﾞﾋｰｼﾌﾞﾎﾞﾄﾙ W 41294W（旧41258W）","ｽﾘｰｴﾑ","https://shop.pdr.co.jp/g_images/series-11472/series-11472_01.jpg",80
34ea607b-79c0-4484-b4f4-0658c19666d3,"ｽｺｯﾁﾎﾞﾝﾄﾞUﾌﾟﾗｽｱﾄﾞﾋｰｼﾌﾞ ﾀﾞﾌﾞﾙP 41294WSP（旧41258W）","ｽﾘｰｴﾑ","https://shop.pdr.co.jp/g_images/series-11472/series-11472_01.jpg",80
19a0b9c2-2e6e-4d7e-8fe6-b5b902f0cf66,"ｽｺｯﾁﾎﾞﾝﾄﾞUﾌﾟﾗｽｱﾄﾞﾋｰｼﾌﾞ ﾀﾞﾌﾞﾙP 41294WSP（旧41258W）","ｽﾘｰｴﾑ","https://shop.pdr.co.jp/g_images/series-11472/series-11472_01.jpg",80
3182c217-d12e-4a64-9702-f81515e75c84,"ﾋﾞﾄﾚﾏｰ ﾙｰﾃｨﾝｸﾞｾﾒﾝ ﾄ 液9ml3505L","ｽﾘｰｴﾑ","https://multimedia.3m.com/mws/media/1253944J/3505j.jpg?width=506",89
e8b8d358-087d-4ddd-818d-5b4e81e96468,"ﾋﾞﾄﾚﾏｰ ﾙｰﾃｨﾝｸﾞｾﾒﾝ ﾄ 液9ml3505L","ｽﾘｰｴﾑ","https://multimedia.3m.com/mws/media/1253944J/3505j.jpg?width=506",89
c53b56e9-8a88-4798-8709-02e596ac0189,"ﾋﾞﾄﾚﾏｰ ﾙｰﾃｨﾝｸﾞｾﾒﾝﾄ 液9ml3505L","ｽﾘｰｴﾑ","https://multimedia.3m.com/mws/media/1253944J/3505j.jpg?width=506",89
4847055f-865f-4fd2-bb10-a6d5199bf01a,"ﾋﾞﾄﾚﾏｰ ﾙｰﾃｨﾝｸﾞｾﾒﾝﾄ 液9ml3505L","ｽﾘｰｴﾑ","https://multimedia.3m.com/mws/media/1253944J/3505j.jpg?width=506",89
a7752865-2079-482c-88bf-5fc7da082571,"ﾋﾞﾄﾚﾏｰ ﾙｰﾃｨﾝｸﾞﾌｧｽﾄｾｯﾄ 3504J","ｽﾘｰｴﾑ","https://multimedia.3m.com/mws/media/1253944J/3505j.jpg?width=506",89
44a25cb0-4a45-4622-a365-979413656c66,"ﾋﾞﾄﾚﾏｰ ﾙｰﾃｨﾝｸﾞﾌｧｽﾄｾｯﾄ 3504J","ｽﾘｰｴﾑ","https://shop.r10s.jp/genki-sokai/cabinet/m_y040000-y044999/s_3600/y043635-000-000.jpg",55
5fc01559-a270-43bf-b1ad-ad87a109018b,"ﾋﾞﾄﾚﾏｰﾙｰﾃｨﾝｸﾞｾﾒﾝﾄﾌｧｽﾄ液9mL3504","ｽﾘｰｴﾑ","https://shop.r10s.jp/yuzawakikaku/cabinet/m_y040000-y044999/s_3600/y043636-000-000.jpg",55
fc71235b-c0a0-4366-a0aa-7ccb35b39a87,"ﾋﾞﾄﾚﾏｰﾙｰﾃｨﾝｸﾞｾﾒﾝﾄﾌｧｽﾄ液9mL3504","ｽﾘｰｴﾑ","https://d15ihgh2blymmz.cloudfront.net/uploads/item_image/4987580113367/4987580113367_1.jpg",55
f2a1d590-496d-470a-8886-93f686ecdc35,"ﾌｨﾙﾃｯｸ ｼｭｰﾌﾟﾘｰﾑ XTE A1B 5915A1B","ｽﾘｰｴﾑ","https://denta-tec.com/media/16/93/ec/1753945378/123415-92734_Filtek_Supreme_XTE_A1B_body_Spritze_3g.jpg?ts=1753945378",70
0a8656ce-d149-4553-b3c0-1e0779193ab3,"ﾌｨﾙﾃｯｸ ｼｭｰﾌﾟﾘｰﾑ XTE A1B 5915A1B","ｽﾘｰｴﾑ","https://auctions.c.yimg.jp/images.auctions.yahoo.co.jp/image/dr000/auc0305/users/26bca47bb19e26fe1bcbb7f58d88ff281b40d8ee/i-img1088x1088-1653147473bxbury150827.jpg",55
acd241fe-4d8b-400f-8306-31d7290c6ae2,"ﾌｨﾙﾃｯｸ ｼｭｰﾌﾟﾘｰﾑ XTE A1D 5915A1D","ｽﾘｰｴﾑ","https://auctions.c.yimg.jp/images.auctions.yahoo.co.jp/image/dr000/auc0305/users/26bca47bb19e26fe1bcbb7f58d88ff281b40d8ee/i-img1088x1088-1653147473bxbury150827.jpg",55
586cef5c-0140-475b-9f3c-6472d38a457e,"ﾌｨﾙﾃｯｸ ｼｭｰﾌﾟﾘｰﾑ XTE A1D 5915A1D","ｽﾘｰｴﾑ","https://auctions.c.yimg.jp/images.auctions.yahoo.co.jp/image/dr000/auc0305/users/26bca47bb19e26fe1bcbb7f58d88ff281b40d8ee/i-img1088x1088-1653147473bxbury150827.jpg",55
2959e496-6f05-4916-85f0-536d3f4fb45f,"ﾌｨﾙﾃｯｸ ｼｭｰﾌﾟﾘｰﾑ XTE A1E 5915A1E","ｽﾘｰｴﾑ","https://auctions.c.yimg.jp/images.auctions.yahoo.co.jp/image/dr000/auc0305/users/26bca47bb19e26fe1bcbb7f58d88ff281b40d8ee/i-img1088x1088-1653147473bxbury150827.jpg",55
4d33ba6c-5e1d-4377-83ab-5ea91551232d,"ﾌｨﾙﾃｯｸ ｼｭｰﾌﾟﾘｰﾑ XTE A1E 5915A1E","ｽﾘｰｴﾑ","https://auctions.c.yimg.jp/images.auctions.yahoo.co.jp/image/dr000/auc0305/users/26bca47bb19e26fe1bcbb7f58d88ff281b40d8ee/i-img1088x1088-1653147473bxbury150827.jpg",55
881950ec-b6e9-4acf-80e4-7bbc6c9b3471,"ﾌｨﾙﾃｯｸ ｼｭｰﾌﾟﾘｰﾑ XTE A2B 5915A2B","ｽﾘｰｴﾑ","https://auctions.c.yimg.jp/images.auctions.yahoo.co.jp/image/dr000/auc0305/users/26bca47bb19e26fe1bcbb7f58d88ff281b40d8ee/i-img1088x1088-1653147473bxbury150827.jpg",55
a6d4959e-0607-4de3-abe9-9be8aa1ce61f,"ﾌｨﾙﾃｯｸ ｼｭｰﾌﾟﾘｰﾑ XTE A2B 5915A2B","ｽﾘｰｴﾑ","https://auctions.c.yimg.jp/images.auctions.yahoo.co.jp/image/dr000/auc0305/users/26bca47bb19e26fe1bcbb7f58d88ff281b40d8ee/i-img1088x1088-1653147473bxbury150827.jpg",55
54be4b99-536c-4005-9576-63acce6aa528,"ﾌｨﾙﾃｯｸ ｼｭｰﾌﾟﾘｰﾑ XTE A2D 5915A2D","ｽﾘｰｴﾑ","https://henryschein.com.au/images/ProductImages/TM-5915A2D_5.jpg",55
0d83398b-4e7b-4bb7-81ad-6f0ea4808fae,"ﾌｨﾙﾃｯｸ ｼｭｰﾌﾟﾘｰﾑ XTE A2D 5915A2D","ｽﾘｰｴﾑ","https://henryschein.com.au/images/ProductImages/TM-5915A2D_5.jpg",55
b44c9df5-f691-40ff-9fa8-dee09c62dd9c,"ﾌｨﾙﾃｯｸ ｼｭｰﾌﾟﾘｰﾑ XTE A2E 5915A2E","ｽﾘｰｴﾑ","https://auctions.c.yimg.jp/images.auctions.yahoo.co.jp/image/dr000/auc0305/users/26bca47bb19e26fe1bcbb7f58d88ff281b40d8ee/i-img1088x1088-1653147473bxbury150827.jpg",55
aafaf317-cac0-4cd8-802d-e98c4afc40f2,"ﾌｨﾙﾃｯｸ ｼｭｰﾌﾟﾘｰﾑ XTE A2E 5915A2E","ｽﾘｰｴﾑ","https://auctions.c.yimg.jp/images.auctions.yahoo.co.jp/image/dr000/auc0305/users/26bca47bb19e26fe1bcbb7f58d88ff281b40d8ee/i-img1088x1088-1653147473bxbury150827.jpg",55
5ed8f62b-a0de-4984-b99a-9afb6ec74c45,"ﾌｨﾙﾃｯｸ ｼｭｰﾌﾟﾘｰﾑ XTE B1B 5915B1B","ｽﾘｰｴﾑ","https://auctions.c.yimg.jp/images.auctions.yahoo.co.jp/image/dr000/auc0305/users/26bca47bb19e26fe1bcbb7f58d88ff281b40d8ee/i-img1088x1088-1653147473bxbury150827.jpg",55
7a1266c7-4e9c-44f6-b852-e40e9532d15f,"ﾌｨﾙﾃｯｸ ｼｭｰﾌﾟﾘｰﾑ XTE B1B 5915B1B","ｽﾘｰｴﾑ","https://d1wdpa3etmuwz6.cloudfront.net/media/catalog/product/cache/1/image/9df78eab33525d08d6e5fb8d27136e95/2/0/200192814001_001.png",55
1ea4d90d-1ce8-4088-b161-d07e606d50dc,"ﾌｨﾙﾃｯｸ ｼｭｰﾌﾟﾘｰﾑ XTE B1E 5915B1E","ｽﾘｰｴﾑ","https://www.plandent.no/globalassets/catalog-resources/no1/forbruksvarer/fyllinger/kompositt/30034230.jpeg",55
1a027a95-af8a-4fcb-987f-092d7f92255b,"ﾌｨﾙﾃｯｸ ｼｭｰﾌﾟﾘｰﾑ XTE B1E 5915B1E","ｽﾘｰｴﾑ","https://www.plandent.no/globalassets/catalog-resources/no1/forbruksvarer/fyllinger/kompositt/30034230.jpeg",55
73193e6f-4e51-4653-acbf-b1b18da4a1e6,"ﾌｨﾙﾃｯｸ ｼｭｰﾌﾟﾘｰﾑ XTE CT 5915CT","ｽﾘｰｴﾑ","https://auctions.c.yimg.jp/images.auctions.yahoo.co.jp/image/dr000/auc0305/users/26bca47bb19e26fe1bcbb7f58d88ff281b40d8ee/i-img1088x1088-1653147473bxbury150827.jpg",55
96a2699c-b4c3-40f5-9fb7-50b0ff8e68a8,"ﾌｨﾙﾃｯｸ ｼｭｰﾌﾟﾘｰﾑ XTE GT 5915GT","ｽﾘｰｴﾑ","https://auctions.c.yimg.jp/images.auctions.yahoo.co.jp/image/dr000/auc0305/users/26bca47bb19e26fe1bcbb7f58d88ff281b40d8ee/i-img1088x1088-1653147473bxbury150827.jpg",55
83342241-9c82-46f2-a6e6-ea1c5eba7ba4,"ﾌｨﾙﾃｯｸ ｼｭｰﾌﾟﾘｰﾑ XTE GT 5915GT","ｽﾘｰｴﾑ","https://auctions.c.yimg.jp/images.auctions.yahoo.co.jp/image/dr000/auc0305/users/26bca47bb19e26fe1bcbb7f58d88ff281b40d8ee/i-img1088x1088-1653147473bxbury150827.jpg",55
79636a77-64d1-46d2-bd9b-002e43812b80,"ﾌｨﾙﾃｯｸ ｼｭｰﾌﾟﾘｰﾑ XTE WB 5915WB","ｽﾘｰｴﾑ","https://auctions.c.yimg.jp/images.auctions.yahoo.co.jp/image/dr000/auc0305/users/26bca47bb19e26fe1bcbb7f58d88ff281b40d8ee/i-img1088x1088-1653147473bxbury150827.jpg",55
a5b16d26-fd0e-46e4-8b61-d6fe21ad7ea8,"ﾌｨﾙﾃｯｸ ｼｭｰﾌﾟﾘｰﾑ XTE WB 5915WB","ｽﾘｰｴﾑ","https://auctions.c.yimg.jp/images.auctions.yahoo.co.jp/image/dr000/auc0305/users/26bca47bb19e26fe1bcbb7f58d88ff281b40d8ee/i-img1088x1088-1653147473bxbury150827.jpg",55
680606af-3189-4fbc-9afc-5bb0fa8d072f,"ﾌｨﾙﾃｯｸ ｼｭｰﾌﾟﾘｰﾑ XTE WD 5915WD","ｽﾘｰｴﾑ","https://auctions.c.yimg.jp/images.auctions.yahoo.co.jp/image/dr000/auc0305/users/26bca47bb19e26fe1bcbb7f58d88ff281b40d8ee/i-img1088x1088-1653147473bxbury150827.jpg",55
0da3b6c7-5dc0-4e12-9922-d9b7f95d30b2,"ﾌｨﾙﾃｯｸ ｼｭｰﾌﾟﾘｰﾑ XTE WD 5915WD","ｽﾘｰｴﾑ","https://auctions.c.yimg.jp/images.auctions.yahoo.co.jp/image/dr000/auc0305/users/26bca47bb19e26fe1bcbb7f58d88ff281b40d8ee/i-img1088x1088-1653147473bxbury150827.jpg",55
e580a46f-74f9-4e66-9597-bd2c4ea74779,"ﾌｨﾙﾃｯｸ ｼｭｰﾌﾟﾘｰﾑ XTE WE 5915WE","ｽﾘｰｴﾑ","https://auctions.c.yimg.jp/images.auctions.yahoo.co.jp/image/dr000/auc0305/users/26bca47bb19e26fe1bcbb7f58d88ff281b40d8ee/i-img1088x1088-1653147473bxbury150827.jpg",55
8ed05ecb-9b33-432f-93d8-b67aedc05d21,"ﾌｨﾙﾃｯｸ ｼｭｰﾌﾟﾘｰﾑ XTE WE 5915WE","ｽﾘｰｴﾑ","https://auctions.c.yimg.jp/images.auctions.yahoo.co.jp/image/dr000/auc0305/users/26bca47bb19e26fe1bcbb7f58d88ff281b40d8ee/i-img1088x1088-1653147473bxbury150827.jpg",55
9ebcd49f-826d-4eb1-97e5-49c04ad07ed1,"ﾌｨﾙﾃｯｸ ｼｭｰﾌﾟﾘｰﾑ ｳﾙﾄﾗﾌﾛｰ ﾌﾟﾗｽ P6032A2","ｽﾘｰｴﾑ","https://d1wdpa3etmuwz6.cloudfront.net/media/catalog/product/cache/1/image/9df78eab33525d08d6e5fb8d27136e95/2/0/200192814001_001.png",55
57160d8e-3f9d-4b56-be40-f402ef6151fd,"ﾌｨﾙﾃｯｸ ｼｭｰﾌﾟﾘｰﾑ ｳﾙﾄﾗﾌﾛｰ ﾌﾟﾗｽ P6032A2","ｽﾘｰｴﾑ","https://d1wdpa3etmuwz6.cloudfront.net/media/catalog/product/cache/1/image/9df78eab33525d08d6e5fb8d27136e95/2/0/200192814001_001.png",55
ee547e89-ceb1-419b-beab-6a2cc3a96d23,"ﾌｨﾙﾃｯｸ ｼｭｰﾌﾟﾘｰﾑ ｳﾙﾄﾗﾌﾛｰ ﾌﾟﾗｽ P6032B1","ｽﾘｰｴﾑ","https://d1wdpa3etmuwz6.cloudfront.net/media/catalog/product/cache/1/image/9df78eab33525d08d6e5fb8d27136e95/2/0/200192814001_001.png",55
12bc892a-ba08-4dbd-b20e-7c65cd7bf9a8,"ﾌｨﾙﾃｯｸ ｼｭｰﾌﾟﾘｰﾑ ｳﾙﾄﾗﾌﾛｰ ﾌﾟﾗｽ P6032B1","ｽﾘｰｴﾑ","https://d1wdpa3etmuwz6.cloudfront.net/media/catalog/product/cache/1/image/9df78eab33525d08d6e5fb8d27136e95/2/0/200192814001_001.png",55
43eb73a1-2f83-4ed6-b577-00f1cb09145b,"ﾌｨﾙﾃｯｸ ｼｭｰﾌﾟﾘｰﾑ ｳﾙﾄﾗﾌﾛｰ ﾌﾟﾗｽ P6032W","ｽﾘｰｴﾑ","https://d15ihgh2blymmz.cloudfront.net/uploads/item_image/4550309034719/4550309034719_1.jpg",55
ba9793ef-62fd-49d0-8687-fae377004f70,"ﾌｨﾙﾃｯｸ ｼｭｰﾌﾟﾘｰﾑ ｳﾙﾄﾗﾌﾛｰ ﾌﾟﾗｽ P6032XW","ｽﾘｰｴﾑ","https://d15ihgh2blymmz.cloudfront.net/uploads/item_image/4550309034719/4550309034719_1.jpg",55
c3ce5ffb-53c4-4405-92ab-73a9a4f7e8c3,"ﾌｨﾙﾃｯｸ ｼｭｰﾌﾟﾘｰﾑ ｳﾙﾄﾗﾌﾛｰ ﾌﾟﾗｽ P6032XW","ｽﾘｰｴﾑ","https://d15ihgh2blymmz.cloudfront.net/uploads/item_image/4550309034719/4550309034719_1.jpg",55
fe00033e-09b3-4188-b1cc-5d807d4c1227,"ﾌｨﾙﾃｯｸ ｼｭｰﾌﾟﾘｰﾑ ｳﾙﾄﾗﾌﾛｰ ﾌﾟﾗｽ ﾄﾘﾌﾟﾙVﾊﾟｯｸ P6032A2T","ｽﾘｰｴﾑ","https://d15ihgh2blymmz.cloudfront.net/uploads/item_image/4550309034863/4550309034863_1.jpg",55
c25428e3-74ce-4d4c-9fdb-ac2afc3c71eb,"ﾌｨﾙﾃｯｸ ｼｭｰﾌﾟﾘｰﾑ ｳﾙﾄﾗﾌﾛｰ ﾌﾟﾗｽ ﾄﾘﾌﾟﾙVﾊﾟｯｸ P6032A2T","ｽﾘｰｴﾑ","https://d15ihgh2blymmz.cloudfront.net/uploads/item_image/4550309034863/4550309034863_1.jpg",55
9d2cbd3c-199f-447f-8e7f-d252d5e87322,"ﾌｨﾙﾃｯｸ ｼｭｰﾌﾟﾘｰﾑｳﾙﾄﾗﾌﾛｰ P6032W","ｽﾘｰｴﾑ","https://d1wdpa3etmuwz6.cloudfront.net/media/catalog/product/cache/1/image/9df78eab33525d08d6e5fb8d27136e95/2/0/200192814001_001.png",55
255c0d6d-5eeb-4bc1-a14c-dfc1f54a95ab,"ﾌｨﾙﾃｯｸ ｼｭｰﾌﾟﾘｰﾑｳﾙﾄﾗﾌﾛｰ P6032W","ｽﾘｰｴﾑ","https://d1wdpa3etmuwz6.cloudfront.net/media/catalog/product/cache/1/image/9df78eab33525d08d6e5fb8d27136e95/2/0/200192814001_001.png",55
d71b7aa7-4567-4baa-90e3-93800db3aa41,"ﾌﾟﾛﾃﾝﾌﾟ4 ﾃﾝﾎﾟﾗﾘｰM ｽﾀｰﾀｰ 46953SP","ｽﾘｰｴﾑ","https://cdn.shopify.com/s/files/1/0508/9706/0033/products/08101101_598bbe7669d41_580x.jpg?v=1605260715",55
a7b738d5-d5d5-43ba-97b5-a6d96504bedc,"ﾌﾟﾛﾃﾝﾌﾟ4 ﾃﾝﾎﾟﾗﾘｰM ｽﾀｰﾀｰ 46953SP","ｽﾘｰｴﾑ","https://cdn.shopify.com/s/files/1/0508/9706/0033/products/08101101_598bbe7669d41_580x.jpg?v=1605260715",55
dd68b403-e97c-4b1e-8c50-b1c8edd68625,"ﾌﾟﾛﾃﾝﾌﾟ4 ﾃﾝﾎﾟﾗﾘｰMｶｰﾄﾘｯｼﾞA1 46954","ｽﾘｰｴﾑ","https://www.dentalmastersupply.com/wp-content/uploads/2025/02/3M-ESPE-Protemp-4-Garant-A1-Temporization-Crown-_-Bridge-Material-46954-1024x1024.jpg",105
277d6bed-93d7-455d-a2d7-eb1f79df2556,"ﾌﾟﾛﾃﾝﾌﾟ4 ﾃﾝﾎﾟﾗﾘｰMｶｰﾄﾘｯｼﾞA1 46954","ｽﾘｰｴﾑ","https://www.dentalmastersupply.com/wp-content/uploads/2025/02/3M-ESPE-Protemp-4-Garant-A1-Temporization-Crown-_-Bridge-Material-46954-1024x1024.jpg",105
f7e58cbd-69a7-4375-a730-f159388010bf,"ﾌﾟﾛﾃﾝﾌﾟ4 ﾃﾝﾎﾟﾗﾘｰMｶｰﾄﾘｯｼﾞA2 46956","ｽﾘｰｴﾑ","https://multimedia.3m.com/mws/media/2341048J/3m-protemp-4-temporization-material-46956-shade-a2.jpg",80
d65d2394-3af9-420d-a4a1-b330e3dd6b26,"ﾌﾟﾛﾃﾝﾌﾟ4 ﾃﾝﾎﾟﾗﾘｰMｶｰﾄﾘｯｼﾞA2 46956","ｽﾘｰｴﾑ","https://multimedia.3m.com/mws/media/2341048J/3m-protemp-4-temporization-material-46956-shade-a2.jpg",80
c6b1c249-b006-409d-903a-5930c6db7078,"ﾕﾆｾﾑ2 ﾐｷｼﾝｸﾞﾁｯﾌﾟ 56851","ｽﾘｰｴﾑ","https://d1wdpa3etmuwz6.cloudfront.net/media/catalog/product/cache/1/image/9df78eab33525d08d6e5fb8d27136e95/2/0/200192428001_001.png",55
783e0190-e6ad-4037-a425-dfa0db03bab1,"ﾕﾆｾﾑ2 ﾐｷｼﾝｸﾞﾁｯﾌﾟ 56851","ｽﾘｰｴﾑ","https://d1wdpa3etmuwz6.cloudfront.net/media/catalog/product/cache/1/image/9df78eab33525d08d6e5fb8d27136e95/2/0/200192428001_001.png",55
a124a551-3020-4557-948e-59837582720e,"ﾘﾗｲｴｯｸｽ ﾕﾆﾊﾞｰｻﾙ A1 ﾕﾆﾊﾞｰｻﾙ 56972","ｽﾘｰｴﾑ","https://auctions.c.yimg.jp/images.auctions.yahoo.co.jp/image/dr000/auc0305/users/26bca47bb19e26fe1bcbb7f58d88ff281b40d8ee/i-img1088x1088-1653232536mr1ieb239096.jpg",55
bd56dfc3-5ed2-4be1-b0b9-b19bf823faa5,"ﾘﾗｲｴｯｸｽ ﾕﾆﾊﾞｰｻﾙ A1 ﾕﾆﾊﾞｰｻﾙ 56972","ｽﾘｰｴﾑ","https://auctions.c.yimg.jp/images.auctions.yahoo.co.jp/image/dr000/auc0305/users/26bca47bb19e26fe1bcbb7f58d88ff281b40d8ee/i-img1088x1088-1653232536mr1ieb239096.jpg",55
bca6363f-81a4-4fc2-b565-363affbf2cc9,"ﾘﾗｲｴｯｸｽ ﾕﾆﾊﾞｰｻﾙ ﾀﾞﾌﾞﾙP A1 56972W","ｽﾘｰｴﾑ","https://d15ihgh2blymmz.cloudfront.net/uploads/item_image/4550309114954/4550309114954_1.jpg",55
881badb5-8ba0-44dc-9830-8d67edd1978f,"ﾘﾗｲｴｯｸｽ ﾕﾆﾊﾞｰｻﾙ ﾀﾞﾌﾞﾙP A1 56972W","ｽﾘｰｴﾑ","https://d15ihgh2blymmz.cloudfront.net/uploads/item_image/4550309114954/4550309114954_1.jpg",55
93f55e74-16e5-4b31-99d8-5356ff580095,"ﾘﾗｲｴｯｸｽ ﾕﾆﾊﾞｰｻﾙ ﾀﾞﾌﾞﾙP TR 56971W（旧56890WA）","ｽﾘｰｴﾑ","https://d15ihgh2blymmz.cloudfront.net/uploads/item_image/4550309114954/4550309114954_1.jpg",55
8a0a2cae-258e-49a8-ae46-13fe3409ec80,"ﾘﾗｲｴｯｸｽ ﾕﾆﾊﾞｰｻﾙ ﾀﾞﾌﾞﾙP TR 56971W（旧56890WA）","ｽﾘｰｴﾑ","https://fordynet.fordy.jp/storage/products/20210215133723_1.jpg",55
c7acfb2a-b2c1-41f5-b252-281bdd088558,"圧排ﾍﾟｰｽﾄ ｽﾀｰﾀｰﾊﾟｯｸ 56940S","ｽﾘｰｴﾑ","https://image.rakuten.co.jp/misora-mart/cabinet/09094036/09453806/imgrc0076145538.jpg",55
05546018-307e-471d-9eda-1e9387bf515c,"圧排ﾍﾟｰｽﾄ ｽﾀｰﾀｰﾊﾟｯｸ 56940S","ｽﾘｰｴﾑ","https://shop.r10s.jp/lmaster/cabinet/200-48/a0213466_3.jpg",55
a5efd5cf-d7b9-48d9-9466-4cbdfb2dc9c9,"圧排ﾍﾟｰｽﾄ ﾊﾞﾘｭｰﾊﾟｯｸ 100個 56942","ｽﾘｰｴﾑ","https://s7d9.scene7.com/is/image/mmmspinco/56944_OP_Center",50
30bf5335-4008-4be8-8f8b-82910bcc49e3,"圧排ﾍﾟｰｽﾄ ﾊﾞﾘｭｰﾊﾟｯｸ 100個 56942","ｽﾘｰｴﾑ","https://s7d9.scene7.com/is/image/mmmspinco/56944_OP_Center",50
48865cb5-95f5-4f03-a1d6-dfb95535de63,"圧排ﾍﾟｰｽﾄ ﾊﾞﾘｭｰﾊﾟｯｸ 100個 56945","ｽﾘｰｴﾑ","https://shop.r10s.jp/lmaster/cabinet/200-48/a0213466_3.jpg",55
68d41ff6-18b3-425b-acf0-78fa516125fa,"圧排ﾍﾟｰｽﾄ ﾊﾞﾘｭｰﾊﾟｯｸ 100個 56945","ｽﾘｰｴﾑ","https://shop.r10s.jp/lmaster/cabinet/200-48/a0213466_3.jpg",55
2a136b97-3ff0-491a-91c1-4049c665631f,"聴診器 ﾘｯﾄﾏﾝ 新生児用 ｸﾗｼｯｸⅡ ｶﾘﾋﾞｱﾝﾌﾞﾙｰ　2124","ｽﾘｰｴﾑ","https://www.matsuyoshi.co.jp/files/item/item-images/00884827_main.jpg",55
825c860a-f1f4-4c50-b8e3-a98dea2bc0c4,"聴診器 ﾘｯﾄﾏﾝ 新生児用 ｸﾗｼｯｸⅡ ｶﾘﾋﾞｱﾝﾌﾞﾙｰ　2124","ｽﾘｰｴﾑ","https://www.matsuyoshi.co.jp/files/item/item-images/00884827_main.jpg",55
6f3f2957-ffcd-43df-8db8-823d8b09b300,"聴診器 ﾘｯﾄﾏﾝ 新生児用 ｸﾗｼｯｸⅡ ﾚｯﾄﾞ　2114R","ｽﾘｰｴﾑ","https://shop.r10s.jp/matsuyoshi-web/cabinet/0005/lm003_main_y.jpg",55
be8cc3c4-88ff-42ff-9202-5475a348b618,"聴診器 ﾘｯﾄﾏﾝ 新生児用 ｸﾗｼｯｸⅡ ﾚｯﾄﾞ　2114R","ｽﾘｰｴﾑ","https://shop.r10s.jp/matsuyoshi-web/cabinet/0005/lm003_main_y.jpg",55
2abc7960-6d36-4e8a-b939-90d555a6edca,"ｾﾃﾞﾝﾄ ﾀﾞｽﾄｶﾞｰﾄﾞｾｯﾄ","ｾｷﾑﾗ","https://d15ihgh2blymmz.cloudfront.net/uploads/item_image/4582255185504/4582255185504_1.jpg",55
f9ca63db-6c74-4938-bc6b-f2db15c06f39,"ｾﾃﾞﾝﾄ ﾀﾞｽﾄｶﾞｰﾄﾞｾｯﾄ","ｾｷﾑﾗ","https://d15ihgh2blymmz.cloudfront.net/uploads/item_image/4582255185504/4582255185504_1.jpg",55
19b6c668-acdb-427b-a927-1fd8e261ac98,"ﾊﾟﾙﾌｨｽ WB-100","ｾｷﾑﾗ","https://image.rakuten.co.jp/kyunyuki/cabinet/03121003/imgrc0092381892.jpg",55
081f18b8-0f2d-4da7-ac92-be72e8712970,"ﾊﾟﾙﾌｨｽ WB-100","ｾｷﾑﾗ","https://d15ihgh2blymmz.cloudfront.net/uploads/item_image/4931140100038/4931140100038_1.jpg",55
a1978f43-9316-49e2-964c-9c05e2e48721,"JMｴｱｰｶﾞﾝｷｯﾄ2 組","ｾﾝｼﾞｮｰ","https://auctions.c.yimg.jp/images.auctions.yahoo.co.jp/image/dr000/auc0503/users/c2049c298fd4c92f33a8ab283d1b3f592ba87240/i-img1200x936-1710813052wzhsox62162.jpg",51
bd3618c8-0b1e-4ee8-a70e-d4d2a7722555,"JMｴｱｰｶﾞﾝｷｯﾄ2 組","ｾﾝｼﾞｮｰ","https://auctions.c.yimg.jp/images.auctions.yahoo.co.jp/image/dr000/auc0503/users/c2049c298fd4c92f33a8ab283d1b3f592ba87240/i-img1200x936-1710813052wzhsox62162.jpg",51
51d116cc-5a26-418c-a7b0-09a7d5d6bb63,"ｶﾗｰﾊﾞｷｭｰﾑﾁｯﾌﾟｺﾞﾑｿﾌﾄ10MM10ｺLBL","ｾﾝｼﾞｮｰ","https://service.yoshida-dental.co.jp/s3images/ca/series/11082/images/550916_.jpg",89
d23847ac-dfe9-4d3b-9d15-4e99588573c1,"ｶﾗｰﾊﾞｷｭｰﾑﾁｯﾌﾟｺﾞﾑｿﾌﾄ10MM10ｺLBL","ｾﾝｼﾞｮｰ","https://service.yoshida-dental.co.jp/s3images/ca/series/11082/images/550916_.jpg",89
e0b6d2ba-d7e5-41a2-b74a-6defc59169b0,"ｶﾗｰﾊﾞｷｭｰﾑﾁｯﾌﾟｺﾞﾑｿﾌﾄ11MM10ｺ BL","ｾﾝｼﾞｮｰ","https://service.yoshida-dental.co.jp/s3images/ca/products/4230/images/550916_v_.jpg",89
63214f0e-d035-4b58-8e05-0f7438c200a6,"ｶﾗｰﾊﾞｷｭｰﾑﾁｯﾌﾟｺﾞﾑｿﾌﾄ11MM10ｺ BL","ｾﾝｼﾞｮｰ","https://service.yoshida-dental.co.jp/s3images/ca/series/11082/images/550916_.jpg",89
772a673e-f68c-43c4-9b4e-092681d7154a,"ｶﾗｰﾊﾞｷｭｰﾑﾁｯﾌﾟｺﾞﾑｿﾌﾄ11MM10ｺLBL","ｾﾝｼﾞｮｰ","https://service.yoshida-dental.co.jp/s3images/ca/series/11082/images/550916_.jpg",89
31ba9d73-4d56-42fb-9601-31e0dede5ccb,"ｶﾗｰﾊﾞｷｭｰﾑﾁｯﾌﾟｺﾞﾑｿﾌﾄ11MM10ｺLBL","ｾﾝｼﾞｮｰ","https://service.yoshida-dental.co.jp/s3images/ca/series/11082/images/550916_.jpg",89
9a3b5dfa-3c5e-4388-b0eb-721289b7f2ba,"ｶﾗｰﾊﾞｷｭｰﾑﾁｯﾌﾟｺﾞﾑｿﾌﾄΦ11MM10ｺ P","ｾﾝｼﾞｮｰ","https://service.yoshida-dental.co.jp/s3images/ca/series/11082/images/550916_.jpg",89
3d9b9d95-c813-4a90-93b3-dad68c003050,"ｶﾗｰﾊﾞｷｭｰﾑﾁｯﾌﾟｺﾞﾑｿﾌﾄΦ11MM10ｺ P","ｾﾝｼﾞｮｰ","https://service.yoshida-dental.co.jp/s3images/ca/products/4230/images/550916_v_.jpg",89
904e0f57-1bdd-4c25-b22f-e323db463cf6,"CRｼﾘﾝｼﾞ用ﾉｽﾞﾙ ﾚｷﾞｭﾗｰﾀｲﾌﾟ 100ｺ","ｾﾝﾄﾘｯｸｽ","https://d15ihgh2blymmz.cloudfront.net/uploads/item_image/4560222479894/4560222479894_1.jpg",55
0aa441ab-f42c-4b2b-995f-e4f48c0c3a57,"CRｼﾘﾝｼﾞ用ﾉｽﾞﾙ ﾚｷﾞｭﾗｰﾀｲﾌﾟ 100ｺ","ｾﾝﾄﾘｯｸｽ","https://d15ihgh2blymmz.cloudfront.net/uploads/item_image/4560222479894/4560222479894_1.jpg",55
41aff4db-1a7d-4bff-8fe0-45c9d392d7a7,"42052-1 ｱﾝｼﾞｮｱ ｽｸﾗﾌﾞ　ﾈｲﾋﾞｰ 11号","ｿﾉﾀ","https://makeshop-multi-images.akamaized.net/uniform1404/shopimages/81/07/6_000000000781.jpg?1713493463",55
0f9de4f8-e4a6-4b2d-a35b-daa20a1c43ae,"42052-1 ｱﾝｼﾞｮｱ ｽｸﾗﾌﾞ　ﾈｲﾋﾞｰ 11号","ｿﾉﾀ","https://makeshop-multi-images.akamaized.net/uniform1404/shopimages/81/07/6_000000000781.jpg?1713493463",55
8e442cf2-f0d7-41e9-ba8d-90f56a5c9870,"42052-1 ｱﾝｼﾞｮｱ ｽｸﾗﾌﾞ　ﾈｲﾋﾞｰ 13号","ｿﾉﾀ","https://makeshop-multi-images.akamaized.net/uniform1404/shopimages/81/07/6_000000000781.jpg?1713493463",55
5bcbdb6e-315c-4802-ad4e-5ae389cc4094,"42052-1 ｱﾝｼﾞｮｱ ｽｸﾗﾌﾞ　ﾈｲﾋﾞｰ 13号","ｿﾉﾀ","https://makeshop-multi-images.akamaized.net/uniform1404/shopimages/81/07/6_000000000781.jpg?1713493463",55
709bd9ee-44a3-4dad-a757-85e8452934c3,"42052-1 ｱﾝｼﾞｮｱ ｽｸﾗﾌﾞ　ﾈｲﾋﾞｰ 15号","ｿﾉﾀ","https://medicollection.com/upload/save_image/05081757_663b3e8137dfc.jpg",55
6fd6c5d3-515e-4cec-b66d-90fe09bc8807,"42052-1 ｱﾝｼﾞｮｱ ｽｸﾗﾌﾞ　ﾈｲﾋﾞｰ 15号","ｿﾉﾀ","https://m.media-amazon.com/images/I/41ZA9TtXVlL._AC_SX679_.jpg",75
e0505167-96ec-4a94-874e-307e21617b29,"42052-1 ｱﾝｼﾞｮｱ ｽｸﾗﾌﾞ　ﾈｲﾋﾞｰ 9号","ｿﾉﾀ","https://makeshop-multi-images.akamaized.net/uniform1404/shopimages/81/07/6_000000000781.jpg?1713493463",55
84785355-6aac-48b6-8e94-4924f2fdfb27,"42052-1 ｱﾝｼﾞｮｱ ｽｸﾗﾌﾞ　ﾈｲﾋﾞｰ 9号","ｿﾉﾀ","https://makeshop-multi-images.akamaized.net/uniform1404/shopimages/81/07/6_000000000781.jpg?1713493463",55
8926446f-f33d-4024-87d5-d8c8266af48a,"42052-16 ｱﾝｼﾞｮｱ ｽｸﾗﾌﾞ　ﾜｲﾝ 11号","ｿﾉﾀ","https://makeshop-multi-images.akamaized.net/uniformbank/shopimages/24/13/13_000000001324.jpg?1704934171",55
b59f8923-c98f-4ec2-93f8-44ce154468c2,"42052-16 ｱﾝｼﾞｮｱ ｽｸﾗﾌﾞ　ﾜｲﾝ 11号","ｿﾉﾀ","https://makeshop-multi-images.akamaized.net/uniformbank/shopimages/24/13/13_000000001324.jpg?1704934171",55
06cea114-9b2c-4dda-b0fa-9f907de9490d,"42052-16 ｱﾝｼﾞｮｱ ｽｸﾗﾌﾞ　ﾜｲﾝ 9号","ｿﾉﾀ","https://makeshop-multi-images.akamaized.net/uniformbank/shopimages/24/13/13_000000001324.jpg?1704934171",55
8251d79d-3251-427c-af9c-5d49dd2acbc9,"42052-16 ｱﾝｼﾞｮｱ ｽｸﾗﾌﾞ　ﾜｲﾝ 9号","ｿﾉﾀ","https://makeshop-multi-images.akamaized.net/uniformbank/shopimages/24/13/13_000000001324.jpg?1704934171",55
1f1accff-7ee1-477c-a451-4260f0e3ab56,"42052-2 ｱﾝｼﾞｮｱ ｽｸﾗﾌﾞ　ﾌﾞﾗｯｸ 11号","ｿﾉﾀ","https://shop.r10s.jp/kodawari-kobo/cabinet/shouhin/enjoie/42052_t1.jpg",55
52151d02-8dc8-44c0-9b53-bc5a1e7e7119,"42052-2 ｱﾝｼﾞｮｱ ｽｸﾗﾌﾞ　ﾌﾞﾗｯｸ 11号","ｿﾉﾀ","https://img21.shop-pro.jp/PA01378/909/product/172778402_o11.jpg",55
4b37a43f-31c9-4ece-a36d-4d4089224f5a,"42052-2 ｱﾝｼﾞｮｱ ｽｸﾗﾌﾞ　ﾌﾞﾗｯｸ 7号","ｿﾉﾀ","https://m.media-amazon.com/images/I/41ZA9TtXVlL._AC_SX679_.jpg",75
da488b0b-56be-4408-b57b-3e216273c361,"42052-2 ｱﾝｼﾞｮｱ ｽｸﾗﾌﾞ　ﾌﾞﾗｯｸ 7号","ｿﾉﾀ","https://m.media-amazon.com/images/I/41ZA9TtXVlL._AC_SX569_.jpg",75
f60ea13a-7d1d-4886-8f4d-2050f5fada72,"42052-2 ｱﾝｼﾞｮｱ ｽｸﾗﾌﾞ　ﾌﾞﾗｯｸ 9号","ｿﾉﾀ","https://m.media-amazon.com/images/I/41ZA9TtXVlL._AC_SX425_.jpg",65
9b09543c-0738-4795-89fa-2b14ebb95c12,"42052-2 ｱﾝｼﾞｮｱ ｽｸﾗﾌﾞ　ﾌﾞﾗｯｸ 9号","ｿﾉﾀ","https://m.media-amazon.com/images/I/41ZA9TtXVlL._AC_SX425_.jpg",65
3fb5cf3b-b336-4b46-82cf-f1739f2f4147,"42056-1 ｱﾝｼﾞｮｱ ﾁｭﾆｯｸ　ﾈｲﾋﾞｰ 11号","ｿﾉﾀ","https://makeshop-multi-images.akamaized.net/uniform1404/shopimages/84/07/1_000000000784.jpg?1713493491",55
d609611d-4b60-4fd0-984e-e4944dee560d,"42056-1 ｱﾝｼﾞｮｱ ﾁｭﾆｯｸ　ﾈｲﾋﾞｰ 11号","ｿﾉﾀ","https://makeshop-multi-images.akamaized.net/uniform1404/shopimages/84/07/1_000000000784.jpg?1713493491",55
a038a3f5-3a14-4042-82ad-73c015b207e2,"42056-1 ｱﾝｼﾞｮｱ ﾁｭﾆｯｸ　ﾈｲﾋﾞｰ 7号","ｿﾉﾀ","https://makeshop-multi-images.akamaized.net/uniform1404/shopimages/84/07/1_000000000784.jpg?1713493491",55
acd59e23-14fe-42eb-a5c9-42f01f91631f,"42056-1 ｱﾝｼﾞｮｱ ﾁｭﾆｯｸ　ﾈｲﾋﾞｰ 7号","ｿﾉﾀ","https://makeshop-multi-images.akamaized.net/uniform1404/shopimages/84/07/1_000000000784.jpg?1713493491",55
b6e922e4-2bff-4630-8cac-0e1b0867eb47,"42056-1 ｱﾝｼﾞｮｱ ﾁｭﾆｯｸ　ﾈｲﾋﾞｰ 9号","ｿﾉﾀ","https://makeshop-multi-images.akamaized.net/uniform1404/shopimages/84/07/1_000000000784.jpg?1713493491",55
bd8cad8b-413f-413a-bcc3-eaf0d2f4b35c,"42056-2 ｱﾝｼﾞｮｱ ﾁｭﾆｯｸ　ﾌﾞﾗｯｸ 11号","ｿﾉﾀ","https://img21.shop-pro.jp/PA01482/998/product/177980277_o2.jpg?cmsp_timestamp=20231106103639",55
58b57a3b-fd3a-4a33-8e17-3c39e1835c8c,"42056-2 ｱﾝｼﾞｮｱ ﾁｭﾆｯｸ　ﾌﾞﾗｯｸ 11号","ｿﾉﾀ","https://img21.shop-pro.jp/PA01482/998/product/177980277_o2.jpg?cmsp_timestamp=20231106103639",55
937c32be-e773-405b-ab8c-eb28fdc5698a,"42056-2 ｱﾝｼﾞｮｱ ﾁｭﾆｯｸ　ﾌﾞﾗｯｸ 7号","ｿﾉﾀ","https://makeshop-multi-images.akamaized.net/uniformbank/shopimages/28/13/11_000000001328.jpg?1704934223",55
8cbb5f31-e9a3-411d-81f2-8f7397147cd8,"42056-2 ｱﾝｼﾞｮｱ ﾁｭﾆｯｸ　ﾌﾞﾗｯｸ 7号","ｿﾉﾀ","https://shop.r10s.jp/otokudanet-otsuki/cabinet/joa/42056_1.jpg",55
f598ffd8-616e-4586-b6d6-8eb2d06a3e1e,"42056-2 ｱﾝｼﾞｮｱ ﾁｭﾆｯｸ　ﾌﾞﾗｯｸ 9号","ｿﾉﾀ","https://makeshop-multi-images.akamaized.net/uniformbank/shopimages/28/13/11_000000001328.jpg?1704934223",55
9121b13b-c9e9-4881-9ecf-93f8ea8f7ff4,"42056-2 ｱﾝｼﾞｮｱ ﾁｭﾆｯｸ　ﾌﾞﾗｯｸ 9号","ｿﾉﾀ","",0
c926a465-e9e4-4c3e-a55b-c1051c5446bd,"72053-2 ｱﾝｼﾞｮｱ ﾊﾟﾝﾂ　ﾌﾞﾗｯｸ L","ｿﾉﾀ","https://img21.shop-pro.jp/PA01378/909/product/172778478_o11.jpg",55
1bab0489-aa0d-4fd8-bfdd-68c0c562df17,"72053-2 ｱﾝｼﾞｮｱ ﾊﾟﾝﾂ　ﾌﾞﾗｯｸ L","ｿﾉﾀ","https://img21.shop-pro.jp/PA01378/909/product/172778478_o11.jpg",55
554a0376-9de2-42bd-967c-93aab994c475,"72053-2 ｱﾝｼﾞｮｱ ﾊﾟﾝﾂ　ﾌﾞﾗｯｸ M","ｿﾉﾀ","https://img21.shop-pro.jp/PA01378/909/product/172778478_o11.jpg",55
90d48d9e-363e-498b-a76b-e23c401afd16,"72053-2 ｱﾝｼﾞｮｱ ﾊﾟﾝﾂ　ﾌﾞﾗｯｸ M","ｿﾉﾀ","https://img21.shop-pro.jp/PA01378/909/product/177346414_o18.jpg",55
ad483d0c-9946-432f-b420-e52b012a9d30,"72053-2 ｱﾝｼﾞｮｱ ﾊﾟﾝﾂ　ﾌﾞﾗｯｸ S","ｿﾉﾀ","https://img21.shop-pro.jp/PA01378/909/product/177346414_o18.jpg",55
23f63f97-90f7-462f-9c68-d2058e659f58,"72053-2 ｱﾝｼﾞｮｱ ﾊﾟﾝﾂ　ﾌﾞﾗｯｸ S","ｿﾉﾀ","https://img21.shop-pro.jp/PA01378/909/product/172778478_o11.jpg",55
d1924be1-25c9-44ec-8f72-b6891627e68b,"COLBOR　CL60R RGB LED","ｿﾉﾀ","https://www.bhphotovideo.com/images/images2500x2500/colbor_colbor_cl60r_65w_rgb_cob_led_1733192.jpg",55
a029657b-5703-4450-a577-40e8d6aa1e03,"ENDｲﾘｹﾞｰｼｮﾝﾆｰﾄﾞﾙ ｼﾝｸﾞﾙﾎｰﾙ 27G 100入　02360","ｿﾉﾀ","https://d15ihgh2blymmz.cloudfront.net/uploads/item_image/4589898167485/4589898167485_1.jpg",55
157c0b3b-a414-4153-87d2-bae52c8ca28f,"ENDｲﾘｹﾞｰｼｮﾝﾆｰﾄﾞﾙ ﾀﾞﾌﾞﾙﾎｰﾙ 30G 100入　02363","ｿﾉﾀ","https://d15ihgh2blymmz.cloudfront.net/uploads/item_image/4589898164484/4589898164484_1.jpg",55
9e7f04a8-5217-4add-b7d7-f8305ae98553,"ENDｲﾘｹﾞｰｼｮﾝﾆｰﾄﾞﾙ ﾀﾞﾌﾞﾙﾎｰﾙ 30G 100入　02363","ｿﾉﾀ","https://d15ihgh2blymmz.cloudfront.net/uploads/item_image/4589898164484/4589898164484_1.jpg",55
864cc816-9f6c-4862-a234-fd6658300ac9,"KENKO　ﾚﾝｽﾞﾌｨﾙﾀｰ　NO.4　55㎜","ｿﾉﾀ","https://m.media-amazon.com/images/I/71UaDx90lRL.jpg",75
f368668b-d7fb-4a57-823c-d946c7240fc4,"Microsoft office2021 ｿﾌﾄｳｪｱ","ｿﾉﾀ","https://esdcodes.com/457-large_default/microsoft-office-2021-professional-plus-lifetime.jpg",55
4ff1ce81-f7e3-441d-a7b2-30441b83d633,"Microsoft office2021 ｿﾌﾄｳｪｱ","ｿﾉﾀ","https://lowsoft.it/media/24/58/21/1691664834/lowsoft_office_21_std_neuheit_freigestellt.png",55
d24335c0-00a8-4273-af25-ebb6eeef9de3,"TARION　八角形55㎝","ｿﾉﾀ","https://cdn2.2ndstreet.jp/img/pc/goods/232981/28/44601/2.jpg",50
56817e81-13ba-451c-bd6a-21bde1820090,"USBｹｰﾌﾞﾙ 延長 1Mｵｽﾒｽ　ｴﾚｺﾑ","ｿﾉﾀ","https://m.media-amazon.com/images/I/61TpwEoxvrL._AC_SS450_.jpg",65
c15c2446-ad2c-4718-9a78-0d97cd085684,"USBｹｰﾌﾞﾙ 延長 1Mｵｽﾒｽ　ｴﾚｺﾑ","ｿﾉﾀ","https://m.media-amazon.com/images/I/61TpwEoxvrL._AC_SS450_.jpg",65
a3ca710c-8f29-49e1-bdbf-78694a0ba7e8,"ｱｼｽﾀﾝﾄ歯科医ﾄﾞｸﾀｰﾁｪｱ用ｽﾂｰﾙ","ｿﾉﾀ","https://m.media-amazon.com/images/I/51-6vuoJ4LL._AC_SL1500_.jpg",69
3edd8d2a-52ea-45ce-9aee-644267f59011,"ｱﾙｼﾞﾈｰﾄ用ﾐｯｸｽﾎﾞｳﾙ S　7475852","ｿﾉﾀ","https://m.media-amazon.com/images/I/61pJP20syGL._AC_SL1500_.jpg",75
3fa571b6-1616-4dfe-bfdc-ad243e639458,"ｲﾔﾎﾝ","ｿﾉﾀ","https://cdn2.2ndstreet.jp/img/pc/goods/234211/38/61610/2.jpg",50
200040bb-722c-4c74-b7b7-5c86a70cfbef,"カップ容器 ｽﾃﾝﾚｽ製","ｿﾉﾀ","https://m.media-amazon.com/images/I/616Qjwob5FL._AC_SL1500_.jpg",75
0b2a1e47-3f69-4d55-8402-cb61fa43a3d3,"ｺﾝﾊﾟｸﾄﾘｸﾗｲﾆﾝｸﾞﾁｪｱ","ｿﾉﾀ","https://cdn2.2ndstreet.jp/img/pc/goods/232114/41/32494/1.jpg",50
f02a0800-24d8-4e2d-b0fb-ddb4f1e5c47b,"ｻﾝﾃﾞｨｽｸ　ﾏｲｸﾛSDｶｰﾄﾞ　128GB","ｿﾉﾀ","https://image.ksdenki.com/img/goods/5/45230/4523052022579_5.jpg",55
7ca730ee-93c3-49b7-91bb-fdafa95a26cc,"ｼﾝｸﾞﾙﾕｰｽ蘇生ﾊﾞｯｸﾞ 成人用 Eｰ60121（ｼﾞｰｴﾑﾒﾃﾞｨｶﾙ）","ｿﾉﾀ","https://d15ihgh2blymmz.cloudfront.net/uploads/item_image/4571434391034/4571434391034_1.jpg",55
73c95d74-a329-406a-a300-07fd713324b0,"ﾁｪｱｻｲﾄﾞ 34ﾓﾆﾀｰ　ｲｲﾔﾏ　ｳﾙﾄﾗﾜｲﾄﾞ","ｿﾉﾀ","https://bottoms-programming.com/wp-content/uploads/2023/06/IMG_2505-2048x1536.jpg",50
ac46812b-d19b-4c75-b6cd-6a5a21b356b5,"テレビ壁掛け金具 14-24ｲﾝﾁ小型軽量","ｿﾉﾀ","https://m.media-amazon.com/images/I/719Xh1FJUQL._AC_.jpg",69
b176634d-2691-4deb-bfac-c4729d002b04,"テレビ壁掛け金具 14-24ｲﾝﾁ小型軽量","ｿﾉﾀ","https://m.media-amazon.com/images/I/719Xh1FJUQL._AC_.jpg",69
ef118339-c0c2-458c-aa76-d1f8319671b9,"テレビ壁掛け金具 MH-453B","ｿﾉﾀ","https://tshop.r10s.jp/10pos/cabinet/06958088/06958092/mh-453b_main.jpg?fitin=300:300",65
7885b4b8-3045-48dc-b032-4d18d2e7e377,"テレビ壁掛け金具 MH-453B","ｿﾉﾀ","https://tshop.r10s.jp/10pos/cabinet/06958088/06958092/mh-453b_main.jpg?fitin=300:300",65
c39e0f48-c1c9-4cad-8a06-8b7eefe2a89c,"ﾃﾞﾝﾄﾀﾞﾑ　4240","ｿﾉﾀ","https://d15ihgh2blymmz.cloudfront.net/uploads/item_image/4580532529317/4580532529317_1.jpg",55
2150b745-e8e5-427b-bcce-aa9a9fda7cfd,"ﾃﾞﾝﾄﾀﾞﾑ　4240","ｿﾉﾀ","https://d15ihgh2blymmz.cloudfront.net/uploads/item_image/4580532529317/4580532529317_1.jpg",55
28451318-5e29-44a3-8d6a-b7db1e39f083,"ﾄﾞｱｽﾄｯﾊﾟｰ","ｿﾉﾀ","https://cdn2.2ndstreet.jp/img/pc/goods/231919/20/62603/4.jpg",50
3499567e-dc49-478f-abbb-01b7fe5a0597,"ﾊﾞｲﾌﾞﾚｰﾀｰ　103400","ｿﾉﾀ","https://m.media-amazon.com/images/I/61XOErMdHXL._AC_SL1500_.jpg",74
fcc8192c-4c02-474f-ae22-bf005672a7a1,"ﾊﾞｯﾌｧﾛｰ　ﾎﾟｰﾀﾌﾞﾙHDD　4TB","ｿﾉﾀ","https://m.media-amazon.com/images/I/41ycx9rcryL._SL500_.jpg",75
cff4d139-ae58-44e6-80db-3dca577b73df,"ﾌﾟﾘﾝｶｯﾌﾟ10個　 B0D6GFH7VS_x000D_","ｿﾉﾀ","https://m.media-amazon.com/images/S/aplus-media-library-service-media/ba1f42eb-ac8b-4190-9f6f-3916127b4286.__CR0,0,970,600_PT0_SX970_V1___.jpg",67
7fc48bb6-4907-4fa5-9376-54e668e3b5d5,"べニア収納ﾎﾞｯｸｽ","ｿﾉﾀ","https://c.imgz.jp/332/96403332/96403332b_17_d_500.jpg",52
cc32f3f4-aa4d-46dc-a25f-178461ff852e,"ﾎﾞｰﾝｳｪﾙ 1030-4　06370","ｿﾉﾀ","https://cdn2.2ndstreet.jp/img/pc/goods/233562/25/81544/1.jpg",50
7c175d9d-d500-4a79-954e-12dbdc4d87a9,"ﾎﾞｰﾝｳｪﾙ 1030-4　06370","ｿﾉﾀ","https://cdn2.2ndstreet.jp/img/pc/goods/233562/25/81544/1.jpg",50
caf49f6b-d21a-4ccc-b83d-6b589187ad68,"ﾎﾞｰﾝｷｭﾚｯﾄ ﾙｰｶｽ 曲 661/85 MEDESY 鋭匙　23659","ｿﾉﾀ","https://d15ihgh2blymmz.cloudfront.net/uploads/item_image/4562324600350/4562324600350_1.jpg",55
3e606b91-4bd8-4245-b69e-4b2901f094e1,"ﾎﾞｰﾝｷｭﾚｯﾄ ﾙｰｶｽ 曲 661/85 MEDESY 鋭匙　23659","ｿﾉﾀ","https://d15ihgh2blymmz.cloudfront.net/uploads/item_image/4562324600350/4562324600350_1.jpg",55
ad47582f-87ff-4e01-bd36-b816b7c2abad,"ﾏｽｸ ﾎﾜｲﾄ 50枚入","ｿﾉﾀ","https://san-web.co-sansyo.co.jp/THUMBNAIL-L/23-2301.jpg",55
571aeb0e-f5bd-44ca-9681-2d7c2e2b88f6,"ﾏｽｸ ﾎﾜｲﾄ 50枚入","ｿﾉﾀ","https://san-web.co-sansyo.co.jp/THUMBNAIL-L/23-2301.jpg",55
bd5421f0-8cfe-443d-9a18-39c03a18e75d,"ﾐｽﾄﾗﾙ ﾀｲﾊﾞｯｸ ﾌﾞﾙｰ 50枚×10箱 1ｹｰｽ　40-3590","ｿﾉﾀ","https://shop.pdr.co.jp/g_images/series-930/series-930_01.jpg",80
a5514676-a666-463b-8ea3-da7f376ee2ee,"ﾐﾐﾗｸﾀﾞ 立体型 50枚×10箱 1ｹｰｽ　40-8297","ｿﾉﾀ","https://baseec-img-mng.akamaized.net/images/item/origin/508079528e63a3304d8e68d2ce0c47b5.jpg?imformat=generic",55
155c5729-84eb-4438-90e7-1d394e84608e,"ﾒｼﾞｬｰﾘﾝｸﾞﾃﾞﾊﾞｲｽ ﾒﾀﾙ用　3016312","ｿﾉﾀ","https://d15ihgh2blymmz.cloudfront.net/uploads/item_image/4571195650494/4571195650494_1.jpg",55
d4e6a591-5ed4-44ac-8816-888a07c34684,"ﾚﾌ板","ｿﾉﾀ","https://m.media-amazon.com/images/I/61oSG+LIUxL.jpg",75
320c3ee5-b0c3-46d2-bdd7-618ce51a5aed,"ﾚﾌ板　60×90㎝","ｿﾉﾀ","https://www.rakuten.ne.jp/gold/redelephant/item/portraitgoods/rifa60_90_a.jpg",55
b6cb2c81-6c47-4392-9d35-5af88867c0ce,"ﾜｲﾔﾚｽﾏｳｽｷｰﾎﾞｰﾄﾞｾｯﾄ","ｿﾉﾀ","https://m.media-amazon.com/images/I/61yYaiE0AIL._AC_.jpg",66
bf559edd-5927-446d-bdec-6fa1ccb96386,"ﾜｲﾔﾚｽﾏｳｽｷｰﾎﾞｰﾄﾞｾｯﾄ","ｿﾉﾀ","https://m.media-amazon.com/images/I/718uAZ2ly7L._AC_SL1500_.jpg",74
10edf48a-3aec-4ec0-b7d2-9db68814a0e7,"不用品廃棄料","ｿﾉﾀ","https://www.nna-osaka.co.jp/wp-content/uploads/2025/12/IMG_6496.jpeg",50
0bf03521-e27f-4330-bf84-80bef24d5cbc,"不用品廃棄料","ｿﾉﾀ","https://www.nna-osaka.co.jp/wp-content/uploads/2025/12/IMG_6496.jpeg",50
4f24e3f9-5724-4913-8e73-09474f4366df,"代品貸出料：ｽﾌﾟﾗｿﾝ","ｿﾉﾀ","https://kyushu-dentalshow.jp/2024/wp-content/uploads/2023/04/4bb16acf3620b8083d039435bd6c79ac.jpg",55
f2e247ea-ca2b-4fca-8393-6792d20871ef,"代品貸出料：ﾏｲｸﾛｴｯﾁｬｰⅡA","ｿﾉﾀ","https://www.morimura-jpn.co.jp/wp-content/uploads/2015/03/ME-2A-image.jpg",50
8c4fe728-7693-421d-903d-86a48b8428ce,"代品貸出料：ﾏｸﾞﾈｯﾄｼｰﾗｰ","ｿﾉﾀ","https://image.rakuten.co.jp/honmachi-store/cabinet/image/import-0164-1.jpg",55
5cb45383-7110-4f00-9d23-10cc6c6bdec6,"値引き","ｿﾉﾀ","https://img.fril.jp/img/788117847/l/2678925694.jpg?1757705393",55
fbe4951f-d83d-4ab3-9804-2d6383f36680,"割れない いきいきﾐﾗｰﾊﾝﾄﾞﾙ IK-05　106587","ｿﾉﾀ","https://d2n1yksyrui2ua.cloudfront.net/img/goods/4/2500100801159_d.jpg",55
3dc37bef-88c0-4c19-87e2-3a1e8af4abd2,"割れない いきいきﾐﾗｰﾊﾝﾄﾞﾙ IK-05　106587","ｿﾉﾀ","https://d2n1yksyrui2ua.cloudfront.net/img/goods/4/2500100801159_d.jpg",55
dca89915-c249-4ba7-b1b7-c9cc9c5ff262,"収納ﾎﾞｯｸｽ　ｱｲﾘｽｵｰﾔﾏ","ｿﾉﾀ","https://m.media-amazon.com/images/I/51cgBRc3D2L._AC_SL1000_.jpg",72
bb083159-d144-40a8-bb65-eda8ee35835b,"口腔ｹｱｽﾌﾟﾚｰ ﾘﾌﾚｹｱﾐｽﾄ 50mL　5663","ｿﾉﾀ","https://images-na.ssl-images-amazon.com/images/I/71C6RjjwrjL._AC_SL1200_.jpg",75
f818d4e6-de28-423b-af74-9eacec6931e3,"口腔ｹｱｽﾌﾟﾚｰ ﾘﾌﾚｹｱﾐｽﾄ 50mL　5663","ｿﾉﾀ","https://m.media-amazon.com/images/I/71C6RjjwrjL._AC_SL1200_.jpg",75
e58b6d48-bda0-4d5f-b1e3-0081c5ac8588,"口腔ｹｱ用ｼﾞｪﾙ ﾘﾌﾚｹｱ りんご味 90g 101079","ｿﾉﾀ","https://tshop.r10s.jp/mds1943/cabinet/mem_item/07490625.jpg?a5n0m2hbpkul",62
4bfabc8e-6466-4d5e-8b0e-7f67cfd7c4e4,"口腔ｹｱ用ｼﾞｪﾙ ﾘﾌﾚｹｱ りんご味 90g 101079","ｿﾉﾀ","https://tshop.r10s.jp/mds1943/cabinet/mem_item/07490625.jpg?a5n0m2hbpkul",62
2036720c-2c98-4977-9ce3-234c3e9b22a9,"撮影用ﾜｰｸｽﾃｰｼｮﾝPC改修部品","ｿﾉﾀ","https://www.pc-koubou.jp/wp/wp-content/uploads/2023/07/pc_server_workstation_v6_720.jpg",52
fc20cc2e-9df2-412c-9f83-52aea1b00265,"棚移動代","ｿﾉﾀ","https://cdn2.2ndstreet.jp/img/pc/goods/234441/31/79532/3.jpg",50
408dc298-7719-43b1-a602-d2b1054d38b6,"次亜塩素酸ﾅﾄﾘｳﾑ 10%　19956","ｿﾉﾀ","https://d15ihgh2blymmz.cloudfront.net/uploads/item_image/2000000733678/2000000733678_1.jpg",55
0a6f5a18-a08c-4cfa-a86d-9a85eb560936,"次亜塩素酸ﾅﾄﾘｳﾑ 10%　19956","ｿﾉﾀ","https://d15ihgh2blymmz.cloudfront.net/uploads/item_image/2000000733678/2000000733678_1.jpg",55
b0843435-c5b7-4115-a26c-10acc71d44ad,"歯科ｶﾙﾃ2号(黒) B5 7481518","ｿﾉﾀ","https://d15ihgh2blymmz.cloudfront.net/uploads/item_image/4580532517284/4580532517284_1.jpg",55
aa1b6dca-5256-46d6-8bc4-0170e0818a7d,"歯科ｶﾙﾃ2号(黒) B5 7481518","ｿﾉﾀ","https://d15ihgh2blymmz.cloudfront.net/uploads/item_image/4580532517208/4580532517208_1.jpg",55
18145988-1fa2-49cd-a20a-35b5ac5d4478,"歯科用写真ﾐﾗｰ　LEDﾊﾝﾄﾞﾙ付き防曇口口腔ﾐﾗｰ　ｷｯﾄ","ｿﾉﾀ","https://shop.r10s.jp/pica-holic/cabinet/image15/dzdx1532996.jpg",55
5b9d7299-0eb0-4104-a06d-234cb20db525,"立て看板","ｿﾉﾀ","https://kanbanshop.itembox.design/product/064/000000006407/000000006407-01-xl.jpg?t=20230922135552",55
e1b27b00-9f5a-4d25-8456-e11fd88c6348,"肌にやさしいﾃｰﾌﾟ（お口のﾃｰﾌﾟ）","ｿﾉﾀ","https://m.media-amazon.com/images/I/61RdoA3q2TL._SL1001_.jpg",75
06564553-e041-4393-9d24-a2a3c0abd32e,"超音波ｶｯﾀｰ用ネジ","ｿﾉﾀ","https://auctions.c.yimg.jp/images.auctions.yahoo.co.jp/image/dr000/auc0109/user/438e12ff01607c52a160bca890e13191a7ba4d83197e7b694d5cb9e69d4917f4/i-img1200x1200-17567974542951rlvn6x1269.jpg",55
8ea051e8-58fc-4caf-b8d5-131605249545,"送料","ｿﾉﾀ","https://img.fril.jp/img/797814157/l/2718638892.jpg?1762118788",55
8003559f-aad9-4254-bb76-14a7465be5bb,"ｱｲｵﾃﾞｰﾀ　21.5ｲﾝﾁﾓﾆﾀｰ","その他","https://m.media-amazon.com/images/I/71RKz0Js5+L._AC_SL1500_.jpg",71
af7d61e8-1f36-49bc-9368-4c9a2b88bc84,"ｱｲｵﾃﾞｰﾀ　50ｲﾝﾁﾓﾆﾀｰ","その他","https://m.media-amazon.com/images/I/71lpI-usu-L._AC_.jpg",68
af3d02e8-e425-4f43-a5ba-a34ca45aa45a,"ｼｬｰﾌﾟ50ｲﾝﾁﾃﾞｼﾞﾀﾙｻｲﾈｰｼﾞ","その他","https://makeshop-multi-images.akamaized.net/central/itemimages/000000000684_7G9Gxpq.jpg",55
1235432c-f9bf-4445-8177-d7d37d3ae34d,"ﾃﾞｽｸﾄｯﾌﾟPC　GALLERIA","その他","https://auctions.c.yimg.jp/images.auctions.yahoo.co.jp/image/dr000/auc0507/users/af14fb92207a57ae3c4c9bf0a15c5cdcb8882880/i-img1200x1200-1720480930sql8bq298093.jpg",55
6000abe6-90c4-451c-9b2b-59df632a845d,"ﾃﾞｽｸﾄｯﾌﾟPC　Magnate　IM","その他","https://auctions.c.yimg.jp/images.auctions.yahoo.co.jp/image/dr000/auc0507/users/af14fb92207a57ae3c4c9bf0a15c5cdcb8882880/i-img1200x1200-1720241954mkmekg218840.jpg",55
e231d106-e0d0-49f9-940d-abdf24b169ca,"デントクレーブ500Ｍ","その他","https://service.yoshida-dental.co.jp/s3images/ca/series/10513/images/%E3%83%87%E3%83%B3%E3%83%88%E3%82%AF%E3%83%AC%E3%83%BC%E3%83%96500M_.jpg?w=500&h=500&t=r&q=90",91
8daaca27-073a-4073-aa7f-c7ea48a6e92f,"デントクレーブ500Ｍ","その他","https://service.yoshida-dental.co.jp/s3images/ca/series/10513/images/%E3%83%87%E3%83%B3%E3%83%88%E3%82%AF%E3%83%AC%E3%83%BC%E3%83%96500M_.jpg",101
0de31d3b-336f-44b1-91bd-0d3572e260fa,"ﾊﾟｿｺﾝ：CrucialPROﾃﾞｸｽﾄｯﾌﾟ用ﾒﾓﾘ32GBX2枚DDR5-5600","その他","https://m.media-amazon.com/images/I/51qZqQI02oL._AC_SL1080_.jpg",65
ec98312f-aadd-4cc7-aa39-f5d79a22b237,"ﾊﾟｿｺﾝ：Samsung990PRO4TBPcleGen4.0×4内臓SSD","その他","https://images.samsung.com/is/image/samsung/p6pim/ca/mz-v9p4t0b-am/gallery/ca-990pro-nvme-m2-ssd-436124-mz-v9p4t0b-am-538881567?$650_519_PNG$",46
7189c212-12a7-4b8b-a188-24d1aa8e06a4,"ﾊﾟｿｺﾝ：ﾏｳｽCPﾃﾞｽｸﾄｯﾌﾟPC MagnateIm(1TB)","その他","https://auctions.c.yimg.jp/images.auctions.yahoo.co.jp/image/dr000/auc0409/users/5d90a82bea01e5f6ba4f67ffbec2b44a606bc085/i-img800x800-1694749603bmnojd85240.jpg",55
2541c375-d16f-453b-b4ae-1f49ecfa2429,"ﾊﾟｿｺﾝ関係：NEC Wi-Fiﾙｰﾀｰ2600　ﾙｰﾀｰ設置","その他","https://tshop.r10s.jp/farson/cabinet/08150334/08863468/000000132130.jpg",75
606f906d-0bfb-4186-9ba0-7919696cfb16,"ﾊﾟｿｺﾝ関係：TopLink　TL-SG1016D","その他","https://auctions.c.yimg.jp/images.auctions.yahoo.co.jp/image/dr000/auc0404/users/d2422487f23230c54a35240f8d87d9f2ad7b272c/i-img1200x1200-1680748612svbbkt377448.jpg",55
2db2db49-f668-41e7-925c-d6f157d540c8,"ﾊﾟｿｺﾝ関係：Wi-Fiﾙｰﾀｰ2600ｼﾘｰｽﾞｼﾘｰｽﾞ ﾙｰﾀｰ設置","その他","https://tshop.r10s.jp/farson/cabinet/08150334/08863468/000000132130.jpg",75
1b53cd0e-050c-4733-aff4-0397201290da,"ﾊﾟｿｺﾝ関係：ｴﾚｺﾑHDMIｹｰﾌﾞﾙ5ｍCAC-HD1450BK/ID","その他","https://m.media-amazon.com/images/I/61FrNzfbyQL._AC_.jpg",75
95e629a7-db7b-4c00-b49b-c75ca490825c,"ﾊﾟｿｺﾝ関係：ﾊﾞｯﾌｧﾛ-USB外付けHDD HD-LE4U3-BB","その他","https://makeshop-multi-images.akamaized.net/pcshopdomu/itemimages/000000000726_3mboHMt.jpg",55
08403b95-2aca-45c8-94e7-245390d66a54,"ﾊﾟｿｺﾝ関係：変換ｱﾀﾞﾌﾟﾀ多機能変換線","その他","https://shop.r10s.jp/shimachan-store/cabinet/shimc63/shimc63-1.jpg",55
0473e0f9-a0bd-4114-a555-5b7b68141119,"ﾊﾟｿｺﾝ関係出張運搬費","その他","https://pbs.twimg.com/media/Fvyv7sFaAAAT_6Q.png",51
0e86410d-7068-4857-b9ef-73de2f0f9d3e,"ﾓﾆﾀｰ：ｱｲｵｰﾃﾞｰﾀ23.8ｲﾝﾁLCD-C241DB(ﾌﾞﾗｯｸ)","その他","https://m.media-amazon.com/images/I/71Aphio4fUL._AC_.jpg",71
a07dca9a-3ae9-4cef-9eeb-bb1e5177b6bd,"ﾓﾆﾀｰ：ｱｲｵｰﾃﾞｰﾀ43ｲﾝﾁLCD-U431DX","その他","https://makeshop-multi-images.akamaized.net/pcshopdomu/itemimages/000000005510_45lN5Dk.jpg",55
e5ce5f86-18e3-491b-b432-b6b71c9c5fe0,"変換ｱﾀﾞﾌﾟﾀ","その他","https://m.media-amazon.com/images/I/51acJyFCTvL._AC_SL1000_.jpg",75
ea11d7a4-fd3a-468b-8906-b24dbfeedf5d,"送料(ｵｵｶﾜ)","その他","https://img.fril.jp/img/752071983/l/2536544073.jpg?1742616643",55
af23d65d-91a4-4b86-bf3b-74acfec5c51b,"送料（材料発送）","その他","https://auctions.c.yimg.jp/images.auctions.yahoo.co.jp/image/dr000/auc0509/users/338d04eebef5de1ec6ce84b812adc9f9e051fa23/i-img1075x950-1727474677xu2yex7.jpg",53
d1add037-542f-4fdf-858e-ae78f91e9826,"ｲﾒｰｼﾞﾝｸﾞﾌﾟﾚｰﾄ(1枚)ｻｲｽﾞ2 PSﾋﾟｯｸｽ2","ｿﾌﾟﾛ","https://www.hakusui-trading.co.jp/wp-content/uploads/2020/05/PS%E3%83%94%E3%83%83%E3%82%AF%E3%82%B924.jpg",55
990440ab-36d1-4af7-8895-bdd7ae974ef4,"ｲﾒｰｼﾞﾝｸﾞﾌﾟﾚｰﾄ(1枚)ｻｲｽﾞ2 PSﾋﾟｯｸｽ2","ｿﾌﾟﾛ","https://www.hakusui-trading.co.jp/wp-content/uploads/2020/05/PS%E3%83%94%E3%83%83%E3%82%AF%E3%82%B924.jpg",55
40881a6b-01a2-4afc-9c77-a4de86588cb5,"ﾊｲｼﾞｰﾝﾊﾞｯｸ 250枚入 ｻｲｽﾞ1","ｿﾌﾟﾛ","https://files.bcart.jp/shippharmacy/uploads/Products/palmedical/PHP01_hygeine01b.jpg",55
c4e8b9c7-e0a3-4dbb-bacb-7a8a6ea26c06,"ﾊｲｼﾞｰﾝﾊﾞｯｸ 250枚入 ｻｲｽﾞ1","ｿﾌﾟﾛ","https://cdn.askul.co.jp/img/product/3L1/UK80287_3L1.jpg",55
7b2c8331-22aa-4824-b104-c25c142652e4,"ﾊｲｼﾞｰﾝﾊﾞｯｸ 250枚入 ｻｲｽﾞ2","ｿﾌﾟﾛ","https://auctions.c.yimg.jp/images.auctions.yahoo.co.jp/image/dr000/auc0502/users/e9bd7598c4daf9a55697fd38c578742b19ee9001/i-img1200x1200-1707530772hnurtg323516.jpg",55
230dbbf9-1d7b-484f-aa55-38eb3af7ae40,"ﾊｲｼﾞｰﾝﾊﾞｯｸ 250枚入 ｻｲｽﾞ2","ｿﾌﾟﾛ","https://auctions.c.yimg.jp/images.auctions.yahoo.co.jp/image/dr000/auc0502/users/e9bd7598c4daf9a55697fd38c578742b19ee9001/i-img1200x1200-1707530772hnurtg323516.jpg",55
1096e96b-516d-4ca0-abad-546d9f5e752c,"ｴﾝｾﾞﾙ ｸﾘｰﾝﾎﾟﾘﾏｰ400ｇ","ﾀﾞｲｴｲ","http://fordynet.fordy.jp/storage/products/20170518123517.jpg",55
4f7d0c4a-b5ad-4a40-8893-42d01206aa5f,"ｴﾝｾﾞﾙ ｸﾘｰﾝﾎﾟﾘﾏｰ400ｇ","ﾀﾞｲｴｲ","http://fordynet.fordy.jp/storage/products/20170518123517.jpg",55
33ac9329-c3b8-46f4-9f05-2b0acd7a0e01,"ｽﾁｰﾑｸﾘｰﾅｰﾛｺﾓ(G型)","ﾀﾞｲｴｲ","https://www.daiei-dental.jp/wp-content/uploads/2021/09/040da99b34c06d353e05f0b416f065d4.jpg",55
9a436455-1760-41b7-b647-ac50447988d1,"ｽﾁｰﾑｸﾘｰﾅｰﾛｺﾓ(G型)","ﾀﾞｲｴｲ","https://www.daiei-dental.jp/wp-content/uploads/2021/09/040da99b34c06d353e05f0b416f065d4.jpg",55
cba06a13-8db4-4408-bc59-06258b8b77cf,"2%ｽﾃﾘｷｯﾄ 5L","ﾀｲﾍｲｶｶﾞｸ","https://www.taihei-chem.co.jp/uploads/2022/05/e58c894d9ae7bbd930d26859ae9ef001.jpg",55
3109daed-b371-43ce-9f61-0da867554543,"2%ｽﾃﾘｷｯﾄ 5L","ﾀｲﾍｲｶｶﾞｸ","https://www.taihei-chem.co.jp/uploads/2022/05/e58c894d9ae7bbd930d26859ae9ef001.jpg",55
e3e7d57d-e258-44c4-8267-4a9647879cdb,"ｲﾝﾌﾟﾛｽﾃﾘﾝﾌﾟﾗｽ 2L","ﾀｲﾍｲｶｶﾞｸ","https://maiplemedical.com/cdn/shop/products/03041007_56d8dfc300de4_300x300.jpg?v=1605250916",45
bd5590df-7c43-4cd3-af4a-839e8d8b65d4,"ｲﾝﾌﾟﾛｽﾃﾘﾝﾌﾟﾗｽ 2L","ﾀｲﾍｲｶｶﾞｸ","https://maiplemedical.com/cdn/shop/products/03041007_56d8dfc300de4_300x300.jpg?v=1605250916",45
04b1f546-7a6f-4f02-9ede-9e7289251543,"ﾀｲﾌﾚｯｼｭ･ｴｰｽNEOⅡ 4L","ﾀｲﾍｲｶｶﾞｸ","https://files.bcart.jp/juseidonya/uploads/images/products/shodoku/tk03-0101000.jpg",55
c8a06dd5-1846-4cd7-a669-6a6f2898400d,"ﾀｲﾌﾚｯｼｭ･ｴｰｽNEOⅡ 4L","ﾀｲﾍｲｶｶﾞｸ","https://files.bcart.jp/juseidonya/uploads/images/products/shodoku/tk03-0101000.jpg",55
7ca65909-03b0-4d07-9a1e-3a3f80cd618f,"ﾀｲﾌﾚｯｼｭ･ｿｰﾌﾟ 4L","ﾀｲﾍｲｶｶﾞｸ","https://fordynet.fordy.jp/storage/products/20190711135023.jpg",55
bad7ee97-a7cc-4dfe-995b-8556ab9f6386,"ﾀｲﾌﾚｯｼｭ･ｿｰﾌﾟ 4L","ﾀｲﾍｲｶｶﾞｸ","https://fordynet.fordy.jp/storage/products/20190711135023.jpg",55
d0dee828-fe00-4dec-a3f2-c5c83e2169b4,"ﾌﾀﾗｰﾙ消毒液0.55%｢ﾒﾀﾙ｣5L 1本","ﾀｲﾍｲｶｶﾞｸ","https://www.gc.dental/japan/sites/japan.gc.dental/files/styles/image_608x342/public/japan-migration/9ry0wgC7boxl.jpg.webp?itok=AInGmZVp",102
e8c6cbb3-e053-46de-aa15-bb006bb59632,"ﾌﾀﾗｰﾙ消毒液0.55%｢ﾒﾀﾙ｣5L 1本","ﾀｲﾍｲｶｶﾞｸ","https://www.gc.dental/japan/sites/japan.gc.dental/files/styles/image_608x342/public/japan-migration/9ry0wgC7boxl.jpg.webp?itok=AInGmZVp",102
33479408-51a1-4e4d-99a1-26924bb8dee3,"ﾂｲｰﾄﾞｱｰﾁﾍﾞﾝﾃﾞｨﾝｸﾞﾌﾟﾗｲﾔｰ 60-303","ﾀｽｸ","https://task-ortho-inc.net/wp-content/uploads/2020/12/60-303-768x1037.jpg",50
31de4bf3-a3bd-437d-a34b-8e6f6c308dc1,"ﾂｲｰﾄﾞｱｰﾁﾍﾞﾝﾃﾞｨﾝｸﾞﾌﾟﾗｲﾔｰ 60-303","ﾀｽｸ","https://task-ortho-inc.net/wp-content/uploads/2020/12/60-303-768x1037.jpg",50
fd9b7163-c594-4d34-bc20-9b145ff02ebd,"ﾂｲｰﾄﾞｱｰﾁﾍﾞﾝﾃﾞｨﾝｸﾞﾌﾟﾗｲﾔｰ 60-303T","ﾀｽｸ","https://task-ortho-inc.net/wp-content/uploads/2020/12/60-303-768x1037.jpg",50
a9a884d8-8902-42de-9a60-c96ade1ce391,"ﾂｲｰﾄﾞｱｰﾁﾍﾞﾝﾃﾞｨﾝｸﾞﾌﾟﾗｲﾔｰ 60-303T","ﾀｽｸ","https://task-ortho-inc.net/wp-content/uploads/2020/12/60-303-768x1037.jpg",50
44368a6c-f9f9-4c2a-beca-a62030cb567d,"ﾃﾞｨｽﾀﾙｴﾝﾄﾞｾｰﾌﾃｨｰｶｯﾀｰ ｽﾘﾑ ﾛﾝｸﾞ 30-550SL","ﾀｽｸ","https://task-ortho-inc.net/wp-content/uploads/2020/10/30-550K.jpg",50
75eee902-7f63-4202-948f-9f80e967e408,"ﾃﾞｨｽﾀﾙｴﾝﾄﾞｾｰﾌﾃｨｰｶｯﾀｰ ｽﾘﾑ ﾛﾝｸﾞ 30-550SL","ﾀｽｸ","https://shop.pdr.co.jp/resize/p1x2/g_images/series-11522/series-11522_u_94-7912.jpg",70
dcbf7f74-0aac-4e90-80b9-3ee131b098e6,"ﾃﾞｨｽﾀﾙｴﾝﾄﾞｾｰﾌﾃｨｰｶｯﾀｰｽﾘﾑ ﾌﾗｯｼｭｶｯﾄ ﾛﾝｸﾞ 30-550FL","ﾀｽｸ","https://shop.pdr.co.jp/resize/p1x2/g_images/series-11522/series-11522_u_94-7912.jpg",70
1128832d-436d-4b75-b915-1b5f4ed57b69,"ﾃﾞｨｽﾀﾙｴﾝﾄﾞｾｰﾌﾃｨｰｶｯﾀｰｽﾘﾑ ﾌﾗｯｼｭｶｯﾄ ﾛﾝｸﾞ 30-550FL","ﾀｽｸ","https://shop.pdr.co.jp/resize/p1x2/g_images/series-11522/series-11522_u_94-7912.jpg",70
cdc56227-c803-48fa-999b-e652c3e86a5b,"ﾃﾞｨﾎﾞﾝﾃﾞｨﾝｸﾞﾌﾟﾗｲﾔｰ 60-335T","ﾀｽｸ","https://www.jmortho.co.jp/wp-content/uploads/2023/10/60-335TG_02.jpg",55
986237f5-0743-4e3f-a1a4-6eb9ca9ba665,"ﾃﾞｨﾎﾞﾝﾃﾞｨﾝｸﾞﾌﾟﾗｲﾔｰ 60-335T","ﾀｽｸ","https://www.jmortho.co.jp/wp-content/uploads/2023/10/60-335TG_02.jpg",55
54b5ce04-8d83-463d-9f58-032834b0fc38,"ﾌｫｰﾐﾝｸﾞﾌﾟﾗｲﾔｰ 60-223T","ﾀｽｸ","https://task-ortho-inc.net/wp-content/uploads/2020/12/60-223TG.jpg",50
f64f902a-22a0-4ede-9841-8f9bd6df9d28,"ﾌｫｰﾐﾝｸﾞﾌﾟﾗｲﾔｰ 60-223T","ﾀｽｸ","https://task-ortho-inc.net/wp-content/uploads/2020/12/60-223TG.jpg",50
5f2aed0c-3814-4337-a84c-dbc3d6793629,"ﾗｲﾄﾜｲﾔｰﾌﾟﾗｲﾔｰ 30-316C","ﾀｽｸ","https://auctions.c.yimg.jp/images.auctions.yahoo.co.jp/image/dr000/auc0406/users/06ceb9846937d9f40a7ed08f6d064d926465e2ae/i-img1143x1200-1686892158a6ysme683059.jpg",54
9a932d7e-4c9b-4ee5-bbcc-7b1590881bd8,"ﾗｲﾄﾜｲﾔｰﾌﾟﾗｲﾔｰ 30-316C","ﾀｽｸ","https://auctions.c.yimg.jp/images.auctions.yahoo.co.jp/image/dr000/auc0406/users/06ceb9846937d9f40a7ed08f6d064d926465e2ae/i-img1143x1200-1686892158a6ysme683059.jpg",54
b776a949-94bd-4f0b-9900-5f003326fff5,"ﾘｶﾞﾁｬｰﾀｲﾆﾝｸﾞﾌﾟﾗｲﾔｰ 60-101C","ﾀｽｸ","https://d15ihgh2blymmz.cloudfront.net/uploads/item_image/4589898153709/4589898153709_1.jpg",55
e02f84a7-fc63-4e9f-a5e1-6a634ee1df42,"ﾘｶﾞﾁｬｰﾀｲﾆﾝｸﾞﾌﾟﾗｲﾔｰ 60-101C","ﾀｽｸ","https://d15ihgh2blymmz.cloudfront.net/uploads/item_image/4589898153709/4589898153709_1.jpg",55
7ad0a166-cf6a-4451-adb0-2e5dd6530535,"交換用ﾎｰﾙﾄﾞﾘﾝｸﾞ","ﾀｽｸ","https://task-ortho-inc.net/wp-content/uploads/2021/01/30-950.jpg",55
52fc6aff-055f-4afb-8d4c-c80d04e45324,"交換用ﾎｰﾙﾄﾞﾘﾝｸﾞ","ﾀｽｸ","https://task-ortho-inc.net/wp-content/uploads/2021/01/30-950.jpg",55
948934ab-a000-4494-9925-a0dad0b4daef,"持針器 ｶｽﾄﾛﾋﾞｰｼﾞｮ(曲) 14cm","ﾀｽｸ","https://www.shika-yogojiten.jp/_WP/wp-content/uploads/2022/12/D_219_02.jpg",55
54b4d072-f8b2-406e-a6e9-4e46cf6ac8d9,"持針器 ｶｽﾄﾛﾋﾞｰｼﾞｮ(曲) 14cm","ﾀｽｸ","https://www.shika-yogojiten.jp/_WP/wp-content/uploads/2022/12/D_219_02.jpg",55
bf0f9e31-5236-4f4e-820b-02e89156ad85,"持針器 ｶｽﾄﾛﾋﾞｰｼﾞｮ(直) 14cm","ﾀｽｸ","https://service.yoshida-dental.co.jp/s3images/ca/products/10226/images/10226_5801677511.jpg",66
79208d5f-1aed-4556-bc2d-62a521bec9d7,"持針器 ｶｽﾄﾛﾋﾞｰｼﾞｮ(直) 14cm","ﾀｽｸ","https://service.yoshida-dental.co.jp/s3images/ca/products/10226/images/10226_5801677511.jpg",66
5e642817-3c25-4132-85d9-68f652a3fe75,"ﾀﾞﾝﾋﾞﾙｺﾝﾀｸﾄ ﾏﾄﾘｯｸｽ ｿﾌﾄ ｽﾓｰﾙ","ﾀﾞﾝﾋﾞﾙ","https://www.sparxsystems.jp/products/EA/tech/MatrixEX_multi.png",49
9d91e187-095e-4ad6-91d8-6272b3e59a16,"ﾀﾞﾝﾋﾞﾙｺﾝﾀｸﾄ ﾏﾄﾘｯｸｽ ｿﾌﾄ ｽﾓｰﾙ","ﾀﾞﾝﾋﾞﾙ","https://www.sparxsystems.jp/products/EA/tech/MatrixEX_multi.png",49
2384bf9b-146d-4371-9d3f-74603d54d0e8,"ﾀﾞﾝﾋﾞﾙｺﾝﾀｸﾄ ﾏﾄﾘｯｸｽ ｿﾌﾄ ﾗｰｼﾞ","ﾀﾞﾝﾋﾞﾙ","https://storage.googleapis.com/public-files-station-asp/images/dracad19.jpg",47
0ffd8a62-89c2-41ea-af53-8534f13e2fa2,"ﾏｲｸﾛｴｯﾁﾌﾞﾛｰｽﾌﾟﾚｰ 250G 2本入","ﾀﾞﾝﾋﾞﾙ","https://d1wdpa3etmuwz6.cloudfront.net/media/catalog/product/cache/1/image/1800x/040ec09b1e35df139433887a97daa66f/2/2/220620048001_01.png",55
5bea6d12-4b2b-43b4-a74a-1b5eb7419e74,"ﾏｲｸﾛｴｯﾁﾌﾞﾛｰｽﾌﾟﾚｰ 250G 2本入","ﾀﾞﾝﾋﾞﾙ","https://d1wdpa3etmuwz6.cloudfront.net/media/catalog/product/cache/1/image/1800x/040ec09b1e35df139433887a97daa66f/2/2/220620048001_01.png",55
b9ee3a5a-9e6a-4241-86cc-5039ea3d148d,"ﾏｲｸﾛｴｯﾁﾌﾞﾛｰﾎﾞﾝﾍﾞ 250g 2本入","ﾀﾞﾝﾋﾞﾙ","https://d1wdpa3etmuwz6.cloudfront.net/media/catalog/product/cache/1/image/1800x/040ec09b1e35df139433887a97daa66f/2/2/220620048001_01.png",55
3397f23a-b9a3-430f-bd63-f97210e3f0a4,"ﾏｲｸﾛｴｯﾁﾌﾞﾛｰﾎﾞﾝﾍﾞ 250g 2本入","ﾀﾞﾝﾋﾞﾙ","https://d1wdpa3etmuwz6.cloudfront.net/media/catalog/product/cache/1/image/9df78eab33525d08d6e5fb8d27136e95/2/2/220620048001_01.png",55
b06be6d4-7802-48d5-affa-02c3bdb7316b,"ﾏｲｸﾛｴｯﾁｬｰⅡA ﾌﾞﾛｰｷｯﾄ","ﾀﾞﾝﾋﾞﾙ","https://www.mitsuba-ortho.com/images/2021/07/poli_02.png",52
5234e156-d904-4528-a8a1-521baddd0591,"ﾏｲｸﾛｴｯﾁｬｰⅡA ﾌﾞﾛｰｷｯﾄ","ﾀﾞﾝﾋﾞﾙ","https://www.mitsuba-ortho.com/images/2021/07/poli_02.png",52
f7e19551-9aa1-4e68-abf1-472d4332f04e,"酸化ｱﾙﾐﾅ 50ﾐｸﾛﾝ(白)453g","ﾀﾞﾝﾋﾞﾙ","https://d1wdpa3etmuwz6.cloudfront.net/media/catalog/product/cache/1/image/500x500/9df78eab33525d08d6e5fb8d27136e95/2/2/220622616001_01.png",55
5bd820dc-9264-461b-aab4-cc9e44f4442c,"酸化ｱﾙﾐﾅ 50ﾐｸﾛﾝ(白)453g","ﾀﾞﾝﾋﾞﾙ","https://d1wdpa3etmuwz6.cloudfront.net/media/catalog/product/cache/1/image/500x500/9df78eab33525d08d6e5fb8d27136e95/2/2/220622616001_01.png",55
9c0b3418-68cc-4f19-b1f4-517d0200d663,"MK-0041-10 ﾐｯｼｪﾙｸﾗﾝﾌｧｽﾅｰｼﾞｬｹｯﾄ M ﾌﾞﾗｯｸ×ﾍﾞｰｼﾞｭ","ﾁﾄｾ","https://makeshop-multi-images.akamaized.net/eshopchitose/shopimages/67/02/3_000000000267.jpg?1703049534",55
7b60dfe3-8c44-46f4-81c0-81201f4e734b,"MK-0041-10 ﾐｯｼｪﾙｸﾗﾝﾌｧｽﾅｰｼﾞｬｹｯﾄ M ﾌﾞﾗｯｸ×ﾍﾞｰｼﾞｭ","ﾁﾄｾ","https://makeshop-multi-images.akamaized.net/eshopchitose/shopimages/67/02/3_000000000267.jpg?1703049534",55
20531ab3-e6c8-4228-bfd1-0acfa151bfe5,"MK-0042-10 ﾐｯｼｪﾙｸﾗﾝﾊﾟﾝﾂ M ﾌﾞﾗｯｸ","ﾁﾄｾ","https://shop.r10s.jp/uniform-japan/cabinet/08342333/imgrc0126494805.jpg",55
fc227e90-edb5-41ca-b4f0-34eda313d61e,"MK-0042-10 ﾐｯｼｪﾙｸﾗﾝﾊﾟﾝﾂ M ﾌﾞﾗｯｸ","ﾁﾄｾ","https://shop.r10s.jp/uniform-japan/cabinet/08342333/imgrc0126494805.jpg",55
0ed096b1-5e72-4fbe-ab36-a209ffa14131,"ﾎﾟｹｯﾄ線量計 ﾏｲﾄﾞｰｽﾞﾐﾆ PDM-122","ﾁﾖﾀﾞﾃｸﾉﾙ","http://ecx.images-amazon.com/images/I/41YHX9xSYwL._SL160_.jpg",50
23fca785-4fed-4d9b-a38e-43f14e93449d,"ﾎﾟｹｯﾄ線量計 ﾏｲﾄﾞｰｽﾞﾐﾆ PDM-122","ﾁﾖﾀﾞﾃｸﾉﾙ","https://static.mercdn.net/item/detail/orig/photos/m87821757501_1.jpg?1744681121",50
6bc9da8b-9b8e-41e6-a825-b71094b0f692,"FD366ｾﾝｼﾃｨﾌﾞﾜｲﾌﾟ 50枚入　429195","ﾃﾞｭｰﾙ","https://www.ivoclar.com/medias/759506.jpg?context=bWFzdGVyfGNlbHVtLWNvbm5lY3QyLWFzc2V0c3wzMjE0NTd8aW1hZ2UvanBlZ3xhR1JtTDJoaVpDOHhNVFUwTmpFek1EZzNORE01T0M4M05UazFNRFl1YW5CbnwzYTI3OTUyZjJjZDA1YThiN2E2ZDhlZDlhOTg0ZWEwNmM1OTZiZTFlNDE3NTcyYWRiMjFjMjhlNjMzOWIyYzI4",105
3a115e5f-23a3-42d2-a494-07853e8f1ba9,"FD366ｾﾝｼﾃｨﾌﾞﾜｲﾌﾟ 50枚入　429195","ﾃﾞｭｰﾙ","https://www.ivoclar.com/medias/759506.jpg?context=bWFzdGVyfGNlbHVtLWNvbm5lY3QyLWFzc2V0c3wzMjE0NTd8aW1hZ2UvanBlZ3xhR1JtTDJoaVpDOHhNVFUwTmpFek1EZzNORE01T0M4M05UazFNRFl1YW5CbnwzYTI3OTUyZjJjZDA1YThiN2E2ZDhlZDlhOTg0ZWEwNmM1OTZiZTFlNDE3NTcyYWRiMjFjMjhlNjMzOWIyYzI4",105
6fc6c0e2-b1d2-430c-847b-4ee3cbf941ee,"ﾃﾞｭｰﾙ 吸引ﾌｨﾙﾀｰ","ﾃﾞｭｰﾙ","https://d15ihgh2blymmz.cloudfront.net/uploads/item_image/2000000857336/2000000857336_1.jpg",55
f0c63390-55e7-4055-acc3-2ca805fd2f7d,"ﾃﾞｭｰﾙ 吸引ﾌｨﾙﾀｰ","ﾃﾞｭｰﾙ","https://d15ihgh2blymmz.cloudfront.net/uploads/item_image/2000000857336/2000000857336_1.jpg",55
6cba6e13-3941-4f04-bf5a-3cc30038c39f,"ｼﾘﾝｼﾞ 5mL ﾛｯｸ SS-05LZ 100本/箱","ﾃﾙﾓ","https://matsuura-ss.co.jp/wp-content/uploads/2023/04/01491002s_EC-2.jpg",55
c5a4f13a-baf2-475e-8887-e6faf9735185,"ｼﾘﾝｼﾞ 5mL ﾛｯｸ SS-05LZ 100本/箱","ﾃﾙﾓ","https://matsuura-ss.co.jp/wp-content/uploads/2023/04/01491002s_EC-2.jpg",55
da664b1f-b643-4bc6-8a45-4182e6612881,"ﾃﾙﾓｼﾘﾝｼﾞ 50ml 20本入り SS-50CZ","ﾃﾙﾓ","https://m.media-amazon.com/images/I/41hFlmGJkJL.jpg",59
50f847c9-2f39-4cb0-86d7-6989d33e22e3,"ﾃﾙﾓｼﾘﾝｼﾞ1ML中口 100本　SS-01T","ﾃﾙﾓ","https://m.media-amazon.com/images/I/61K6tHUYvLL._AC_SL1500_.jpg",67
ff693327-d087-4925-a06a-4bce1f05f7ef,"ﾃﾙﾓｼﾘﾝｼﾞ1ML中口 100本　SS-01T","ﾃﾙﾓ","https://m.media-amazon.com/images/I/61K6tHUYvLL._AC_SL1500_.jpg",67
541ef696-b15a-4f91-b6ca-2c5c1e1e39c3,"ﾃﾙﾓｼﾘﾝｼﾞ2.5ML中口  SS-02SZ 100本","ﾃﾙﾓ","https://aimg.as-1.co.jp/c/1/4908/02/01490802s_EC.jpg?v=2287c6a11bb5020eb6af050d42c493ed9f4d7e45",55
27452704-7851-4165-9107-2e0abcd04954,"ﾃﾙﾓｼﾘﾝｼﾞ2.5ML中口  SS-02SZ 100本","ﾃﾙﾓ","https://aimg.as-1.co.jp/c/1/4908/02/01490802s_EC.jpg?v=2287c6a11bb5020eb6af050d42c493ed9f4d7e45",55
dc727033-b197-43b5-be80-d69379c54489,"ﾃﾙﾓ歯科用注射針 30GS","ﾃﾙﾓ","",0
c856e5ec-75e1-4aee-8b5d-1aed03088c99,"ﾃﾙﾓ歯科用注射針 30GS","ﾃﾙﾓ","https://d1wdpa3etmuwz6.cloudfront.net/media/catalog/product/cache/1/image/9df78eab33525d08d6e5fb8d27136e95/2/0/205590001001.jpg",55
f28aab1a-22a1-476c-82cd-70713338ee96,"ﾃﾙﾓ歯科用注射針31G-ES","ﾃﾙﾓ","https://d1wdpa3etmuwz6.cloudfront.net/media/catalog/product/cache/1/image/9df78eab33525d08d6e5fb8d27136e95/2/0/205539623001.jpg",55
bef965b8-d2ad-4698-85f6-4b7ed44ad8da,"ﾃﾙﾓ歯科用注射針31G-ES","ﾃﾙﾓ","https://d1wdpa3etmuwz6.cloudfront.net/media/catalog/product/cache/1/image/9df78eab33525d08d6e5fb8d27136e95/2/0/205539623001.jpg",55
0a3a3047-5c00-4f56-96b5-0bd18b6ef4c3,"ﾃﾙﾓ注射針 ﾈｵﾗｽ 25G 1-1/2(38㎜)NN-2538R　100本入","ﾃﾙﾓ","https://d15ihgh2blymmz.cloudfront.net/uploads/item_image/4987350390813/4987350390813_1.jpg",55
b51c50fb-1d6f-4b96-8b6f-d998b2239544,"ﾃﾙﾓ注射針 ﾈｵﾗｽ 25G 1-1/2(38㎜)NN-2538R　100本入","ﾃﾙﾓ","https://d15ihgh2blymmz.cloudfront.net/uploads/item_image/4987350390813/4987350390813_1.jpg",55
9ad5fd30-ec58-4aef-abfb-a65cf36ec128,"ﾈｵﾗｽ針 RB 25G 1RB NN-2525R 100本","ﾃﾙﾓ","https://d15ihgh2blymmz.cloudfront.net/uploads/item_image/4987350390837/4987350390837_1.jpg",55
59baf1c2-6795-4eaf-b4b8-88f99eb097a3,"ﾈｵﾗｽ針 RB 25G 1RB NN-2525R 100本","ﾃﾙﾓ","https://d15ihgh2blymmz.cloudfront.net/uploads/item_image/4987350390837/4987350390837_1.jpg",55
39bf8d2d-deca-4d8b-ad3f-02c4faee48d0,"ﾍﾞﾉｼﾞｪｸﾄⅡ 真空採血管 100本入 7ml VP-P070K30","ﾃﾙﾓ","https://d15ihgh2blymmz.cloudfront.net/uploads/item_image/4987350248732/4987350248732_1.jpg",55
29ecf3e3-b6e7-468b-a3b8-b83e9fbad4db,"ﾍﾞﾉｼﾞｪｸﾄⅡ 真空採血管 100本入 7ml VP-P070K30","ﾃﾙﾓ","https://d15ihgh2blymmz.cloudfront.net/uploads/item_image/4987350248732/4987350248732_1.jpg",55
af1ea6a5-5f38-42b8-ada9-059b35f8b7b3,"ｽｸﾘｭｰﾎﾟｽﾄ用ﾘｰﾏｰ L1  3本入","ﾃﾞﾝﾀﾀｽ","https://d15ihgh2blymmz.cloudfront.net/uploads/item_image/4582253298992/4582253298992_1.jpg",55
4cede5d2-36be-40e3-ba71-10b8aa6bbb6c,"ｽｸﾘｭｰﾎﾟｽﾄ用ﾘｰﾏｰ L1  3本入","ﾃﾞﾝﾀﾀｽ","https://d15ihgh2blymmz.cloudfront.net/uploads/item_image/4582253298992/4582253298992_1.jpg",55
9afbaf7f-5f62-4b9e-9808-b18636948db5,"ﾃﾞﾝﾀｰﾀｽ RSTｽｸﾘｭｰﾎﾟｽﾄ L1 15本入","ﾃﾞﾝﾀﾀｽ","https://d15ihgh2blymmz.cloudfront.net/uploads/item_image/4582253298817/4582253298817_1.jpg",55
9cfab854-5862-48c4-a107-8a613e900fca,"ﾌﾟﾛﾌｨﾝPDXﾊﾝﾄﾞﾋﾟｰｽ ｽﾀｰﾀｰｷｯﾄ 712-416","ﾃﾞﾝﾀﾀｽ","https://img.shoplineapp.com/media/image_clips/60555d201abe89001db1710c/original.jpg?1616207136",55
91c2e48c-bdbf-43e0-b6ff-c98aab28489a,"ﾌﾟﾛﾌｨﾝPDXﾊﾝﾄﾞﾋﾟｰｽ ｽﾀｰﾀｰｷｯﾄ 712-416","ﾃﾞﾝﾀﾀｽ","https://img.shoplineapp.com/media/image_clips/60555d201abe89001db1710c/original.jpg?1616207136",55
edecc8f0-bee7-48a7-9986-53f41201c27d,"ｶﾞｯﾀｰｶｯﾄ ﾐﾆ","ﾃﾞﾝﾀｯﾁ","https://mokuda.biz/uploads/DENTouch/54302.png",55
942f1866-da47-499f-9c96-82b2fa15a9c3,"ｶﾞｯﾀｰｶｯﾄ ﾐﾆ","ﾃﾞﾝﾀｯﾁ","https://mokuda.biz/uploads/DENTouch/54302.png",55
5c932b54-eab2-41f3-be17-5500970aece1,"ﾊﾞｼﾛｼﾞｯｸ ｴﾝﾄﾞﾌｧｲﾙｼｽﾃﾑ入門","ﾃﾞﾝﾀﾙﾀﾞｲﾔﾓﾝﾄﾞ","https://r.r10s.jp/ran/img/2001/0009/784/885/105/913/20010009784885105913_1.jpg",51
e4f63616-9aca-4025-bec6-1e52e371ba19,"ﾊﾞｼﾛｼﾞｯｸ ｴﾝﾄﾞﾌｧｲﾙｼｽﾃﾑ入門","ﾃﾞﾝﾀﾙﾀﾞｲﾔﾓﾝﾄﾞ","https://dental-diamond.jp/pages/wp-content/uploads/2022/11/Dd%E8%AA%8C%E7%B4%B9%E4%BB%8B.png",48
0cefb17e-1893-421a-b349-bf98cf0b94ce,"Cﾌﾟﾗｽﾌｧｲﾙ 25MM #06","ﾃﾞﾝﾂﾌﾟﾗｲ","https://www.dentsplysirona.com/content/dam/master/ecom/product-procedure-brand-categories/endodontics/product-categories/files-motors-lubricants/hand-instruments/ready-steel/images/END-Product-Image-transparent-background-ReadySteel-C-Plus-File.png",68
86518431-6c35-4a32-84ea-db4e4a1d44da,"Cﾌﾟﾗｽﾌｧｲﾙ 25MM #08","ﾃﾞﾝﾂﾌﾟﾗｲ","https://www.dentsplysirona.com/ja-jp/discover/discover-by-category/endodontics/endodontic-hand-files/_jcr_content/root/container/dentsplycontainer/teaser_1572349762_co_355851500/image.coreimg.jpeg/1739517852751/end-product-image-white-background-readysteel-15-40-blister-570x342px.jpeg",57
bd2442e9-3c52-4315-ba14-b9e55371aa24,"Cﾌﾟﾗｽﾌｧｲﾙ 25MM #10","ﾃﾞﾝﾂﾌﾟﾗｲ","https://www.dentsplysirona.com/content/dam/master/ecom/product-procedure-brand-categories/endodontics/product-categories/files-motors-lubricants/hand-instruments/ready-steel/images/END-Product-Image-transparent-background-ReadySteel-C-Plus-File.png",68
90094d1b-ae40-4051-bd4d-4d4dfa6053be,"Cﾌﾟﾗｽﾌｧｲﾙ 25MM #10","ﾃﾞﾝﾂﾌﾟﾗｲ","https://www.dentsplysirona.com/content/dam/master/ecom/product-procedure-brand-categories/endodontics/product-categories/files-motors-lubricants/hand-instruments/ready-steel/images/END-Product-Image-transparent-background-ReadySteel-C-Plus-File.png",68
f8ba8f5e-ffdf-47af-b743-4d801275860c,"ﾒﾙﾌｧｰﾌﾟﾛﾃｰﾊﾟｰﾌｨﾆｯｼﾝｸﾞ25mm/F2","ﾃﾞﾝﾂﾌﾟﾗｲｻﾝｷﾝ","https://d15ihgh2blymmz.cloudfront.net/uploads/item_image/4987741162531/4987741162531_1.jpg",55
bd56935f-70d9-4597-83c5-deeb480b0baf,"ﾒﾙﾌｧｰﾌﾟﾛﾃｰﾊﾟｰﾌｨﾆｯｼﾝｸﾞ25mm/F2","ﾃﾞﾝﾂﾌﾟﾗｲｻﾝｷﾝ","https://d15ihgh2blymmz.cloudfront.net/uploads/item_image/4987741162531/4987741162531_1.jpg",55
7da2e4ba-924b-455e-a35b-9cd2907cbde7,"歯科用ｼﾀﾈｽﾄ-ｵｸﾀﾌﾟﾚｼﾝｶｰﾄﾘｯｼﾞ","ﾃﾞﾝﾂﾌﾟﾗｲｻﾝｷﾝ","https://d15ihgh2blymmz.cloudfront.net/uploads/item_image/4987741223652/4987741223652_1.jpg",55
a042c046-f25d-47bf-9fe6-b23dabc22476,"歯科用ｼﾀﾈｽﾄ-ｵｸﾀﾌﾟﾚｼﾝｶｰﾄﾘｯｼﾞ","ﾃﾞﾝﾂﾌﾟﾗｲｻﾝｷﾝ","https://d15ihgh2blymmz.cloudfront.net/uploads/item_image/4987741223652/4987741223652_1.jpg",55
9ba3b04b-8bdb-49b5-9cab-2365ffdc3294,"ｷｬﾘﾌﾞﾗｾﾗﾑ ﾐﾃﾞｨｱﾑｼｪｰﾄﾞ","ﾃﾞﾝﾂﾌﾟﾗｲｼﾛﾅ","https://www.dentsplysirona.com/ja-jp/academy/education-centers/_jcr_content/root/container/teaser_copy_copy_336_1934772414/image.coreimg.jpeg/1722004917447/fukuoka-branch.jpeg",98
c61a6fc1-e33b-439f-9188-9b273cc619dc,"ｷｬﾘﾌﾞﾗｾﾗﾑ ﾐﾃﾞｨｱﾑｼｪｰﾄﾞ","ﾃﾞﾝﾂﾌﾟﾗｲｼﾛﾅ","https://www.dentsplysirona.com/ja-jp/discover/discover-by-brand/sinius/_jcr_content/root/container/dentsplycontainer_1103167443/teaser_1572349762_co/image.coreimg.jpeg/1724154529869/525x375-0004-m4103339.jpeg",99
330137d8-3239-4fe6-ae7f-f8511ce2874a,"ﾌﾟﾛﾃｰﾊﾟｰ･ｺﾞｰﾙﾄﾞ 25mm ｱｿｰﾄ 6本","ﾃﾞﾝﾂﾌﾟﾗｲｼﾛﾅ","https://www.dentsplysirona.com/ja-jp/discover/discover-by-category/endodontics/root-canal-shaping/_jcr_content/root/container/dentsplycontainer/teaser_copy_18721342/image.coreimg.jpeg/1726228101772/end-image-product-white-background-protaper-gold-main-file-sequence-570x342px.jpeg",57
54ba395f-6b4d-448c-83dc-544bb766a241,"ﾌﾟﾛﾃｰﾊﾟｰ･ｺﾞｰﾙﾄﾞ 25mm ｱｿｰﾄ 6本","ﾃﾞﾝﾂﾌﾟﾗｲｼﾛﾅ","https://www.dentsplysirona.com/ja-jp/discover/discover-by-category/endodontics/root-canal-shaping/_jcr_content/root/container/dentsplycontainer/teaser_copy_18721342/image.coreimg.jpeg/1726228101772/end-image-product-white-background-protaper-gold-main-file-sequence-570x342px.jpeg",57
fdcc99e9-6874-4855-a5c6-0cca5dc0c8a3,"出張料　滅菌器","ﾃﾞﾝﾂﾌﾟﾗｲｼﾛﾅ","https://auctions.afimg.jp/t1108483491/ya/image/t1108483491.1.jpg",52
a1581374-63a2-4f39-85db-8c26977db1b9,"出張料　滅菌器","ﾃﾞﾝﾂﾌﾟﾗｲｼﾛﾅ","https://auctions.afimg.jp/t1108483491/ya/image/t1108483491.1.jpg",52
04105234-e7c0-442f-8887-0f4452e10c49,"出張料　滅菌器　30Km未満","ﾃﾞﾝﾂﾌﾟﾗｲｼﾛﾅ","https://www.dentsplysirona.com/ja-jp/discover/discover-by-category/restorative/cad-cam-materials-for-the-dental-practice/_jcr_content/root/container/dentsplycontainer_co_1743804456/teaser_518286007_cop_2034179164/image.coreimg.png/1724061594696/cer-image-product-primemill-left-side.png",98
adae1284-09ec-4d81-9a7b-6cb8de161b37,"出張料　滅菌器　30Km未満","ﾃﾞﾝﾂﾌﾟﾗｲｼﾛﾅ","https://www.dentsplysirona.com/ja-jp/discover/discover-by-category/restorative/cad-cam-materials-for-the-dental-practice/_jcr_content/root/container/dentsplycontainer_co_1743804456/teaser_518286007_cop_2034179164/image.coreimg.png/1724061594696/cer-image-product-primemill-left-side.png",98
7a0fb143-b062-4e98-9c33-92348097dd4d,"KSKｸﾗﾝﾌﾟﾌｫｰｾｯﾌﾟｽ","ﾃﾞﾝﾃｯｸ","https://technika.co.jp/cdn/shop/files/0819153803_62ff2fcbc7978.jpg?v=1721903155&width=1445",55
646fe01d-553a-47f5-bc05-1736dabd9e73,"KSKｸﾗﾝﾌﾟﾌｫｰｾｯﾌﾟｽ","ﾃﾞﾝﾃｯｸ","https://technika.co.jp/cdn/shop/files/0819153803_62ff2fcbc7978.jpg?v=1721903155&width=1445",55
8dff14a2-1779-4de1-816d-c1e8ba185605,"KSKﾗﾊﾞｰﾀﾞﾑｸﾗﾝﾌﾟ #14 ﾉｰﾏﾙ 大臼歯用","ﾃﾞﾝﾃｯｸ","https://technika.co.jp/cdn/shop/files/0819113458_62fef6d244828.jpg?v=1721903019&width=1445",55
ae829a89-a18f-4cb8-960a-e46ec3404b26,"KSKﾗﾊﾞｰﾀﾞﾑｸﾗﾝﾌﾟ ＃201 ﾉｰﾏﾙ 大臼歯用","ﾃﾞﾝﾃｯｸ","https://d15ihgh2blymmz.cloudfront.net/uploads/item_image/4560218660312/4560218660312_1.jpg",55
4457960e-4538-412d-93d8-3112899a82ce,"KSKﾗﾊﾞｰﾀﾞﾑｸﾗﾝﾌﾟ ＃201 ﾉｰﾏﾙ 大臼歯用","ﾃﾞﾝﾃｯｸ","https://d15ihgh2blymmz.cloudfront.net/uploads/item_image/4560218660312/4560218660312_1.jpg",55
7fcb2839-d5e3-415b-ac9d-8386c38a8412,"KSKﾗﾊﾞｰﾀﾞﾑｸﾗﾝﾌﾟ #202 ﾉｰﾏﾙ 大臼歯用","ﾃﾞﾝﾃｯｸ","https://technika.co.jp/cdn/shop/files/0819142610_62ff1ef28fa8a.jpg?v=1721902703&width=1946",55
d41a08d2-03a3-4de7-ae67-623ce13c01cd,"KSKﾗﾊﾞｰﾀﾞﾑｸﾗﾝﾌﾟ #202 ﾉｰﾏﾙ 大臼歯用","ﾃﾞﾝﾃｯｸ","https://technika.co.jp/cdn/shop/files/0819142610_62ff1ef28fa8a.jpg?v=1721902703&width=1946",55
38ba99e7-4cda-4bc3-bf0e-7a6413ecefd4,"KSKﾗﾊﾞｰﾀﾞﾑｸﾗﾝﾌﾟ #203 ﾉｰﾏﾙ 大臼歯用","ﾃﾞﾝﾃｯｸ","https://www.dentech.co.jp/wp-content/uploads/sites/1/2022/01/203-1.png",50
cabd5022-ae9b-4ad1-9b16-ad1da2d5985f,"KSKﾗﾊﾞｰﾀﾞﾑｸﾗﾝﾌﾟ #203 ﾉｰﾏﾙ 大臼歯用","ﾃﾞﾝﾃｯｸ","https://auctions.c.yimg.jp/images.auctions.yahoo.co.jp/image/dr000/auc0405/users/819714e8fc2b0cd9236a30d01b64a018f248e457/i-img1024x1024-1684042719e8l8zz113821.jpg",55
da3da79e-8c41-43c3-8651-eeddbd2ebc6d,"KSKﾗﾊﾞｰﾀﾞﾑｸﾗﾝﾌﾟ ＃207 ﾉｰﾏﾙ 小臼歯用","ﾃﾞﾝﾃｯｸ","https://technika.co.jp/cdn/shop/files/0819132539_62ff10c320c37.jpg?v=1721902839&width=1206",55
fe69e715-deee-4462-ba82-ae58200d987b,"KSKﾗﾊﾞｰﾀﾞﾑｸﾗﾝﾌﾟ ＃207 ﾉｰﾏﾙ 小臼歯用","ﾃﾞﾝﾃｯｸ","https://technika.co.jp/cdn/shop/files/0819132539_62ff10c320c37.jpg?v=1721902839&width=1206",55
853b174a-510b-4efd-9291-dcaf9e6c20e4,"KSKﾗﾊﾞｰﾀﾞﾑｸﾗﾝﾌﾟ ＃210 ﾉｰﾏﾙ 前歯用","ﾃﾞﾝﾃｯｸ","https://auctions.c.yimg.jp/images.auctions.yahoo.co.jp/image/dr000/auc0405/users/819714e8fc2b0cd9236a30d01b64a018f248e457/i-img1024x1024-1684042719e8l8zz113821.jpg",55
96481407-d392-4cac-b38e-c600fa365887,"KSKﾗﾊﾞｰﾀﾞﾑｸﾗﾝﾌﾟ ＃210 ﾉｰﾏﾙ 前歯用","ﾃﾞﾝﾃｯｸ","http://technika.co.jp/cdn/shop/files/0819132744_62ff11408304d.jpg?v=1721902857",55
f0d3f9ea-b3aa-4fbf-b64f-a1238cbd086f,"KSKﾗﾊﾞｰﾀﾞﾑｸﾗﾝﾌﾟ ＃212 ﾉｰﾏﾙ 前歯用","ﾃﾞﾝﾃｯｸ","https://auctions.c.yimg.jp/images.auctions.yahoo.co.jp/image/dr000/auc0405/users/819714e8fc2b0cd9236a30d01b64a018f248e457/i-img1024x1024-1684042719e8l8zz113821.jpg",55
93bfb181-7e40-4414-bc22-39a458a20b80,"KSKﾗﾊﾞｰﾀﾞﾑｸﾗﾝﾌﾟ ＃212 ﾉｰﾏﾙ 前歯用","ﾃﾞﾝﾃｯｸ","https://auctions.c.yimg.jp/images.auctions.yahoo.co.jp/image/dr000/auc0405/users/819714e8fc2b0cd9236a30d01b64a018f248e457/i-img1024x1024-1684042719e8l8zz113821.jpg",55
186b7991-5cad-4d8f-9ff7-19f33be8befe,"KSKﾗﾊﾞｰﾀﾞﾑｸﾗﾝﾌﾟ ＃26 ﾉｰﾏﾙ 大臼歯用","ﾃﾞﾝﾃｯｸ","https://www.dentech.co.jp/wp-content/uploads/sites/1/2022/01/26-1-1024x1024.png",55
d22c9164-0c13-4d62-ab34-6169b3f510c0,"KSKﾗﾊﾞｰﾀﾞﾑｸﾗﾝﾌﾟ ＃26 ﾉｰﾏﾙ 大臼歯用","ﾃﾞﾝﾃｯｸ","https://www.dentech.co.jp/wp-content/uploads/sites/1/2022/01/26-1-1024x1024.png",55
022d8603-1e58-4ed4-8e54-4575e918ee3f,"KSKﾗﾊﾞｰﾀﾞﾑｸﾗﾝﾌﾟ ＃27 ﾉｰﾏﾙ 小臼歯用","ﾃﾞﾝﾃｯｸ","https://www.dentech.co.jp/wp-content/uploads/sites/1/2022/01/27-1.png",50
5b86cc41-347d-4732-9e76-c8d1259d86b5,"KSKﾗﾊﾞｰﾀﾞﾑｸﾗﾝﾌﾟ ＃27 ﾉｰﾏﾙ 小臼歯用","ﾃﾞﾝﾃｯｸ","https://www.dentech.co.jp/wp-content/uploads/sites/1/2022/01/27-1.png",50
e6b793f3-9705-43dd-9053-a251bcbe47ff,"KSKﾗﾊﾞｰﾀﾞﾑｸﾗﾝﾌﾟ ＃28 ﾉｰﾏﾙ 大臼歯用","ﾃﾞﾝﾃｯｸ","https://auctions.c.yimg.jp/images.auctions.yahoo.co.jp/image/dr000/auc0405/users/819714e8fc2b0cd9236a30d01b64a018f248e457/i-img1024x1024-1684042719e8l8zz113821.jpg",55
3491812c-1584-4888-ba80-e71b7a3de994,"KSKﾗﾊﾞｰﾀﾞﾑｸﾗﾝﾌﾟ ＃28 ﾉｰﾏﾙ 大臼歯用","ﾃﾞﾝﾃｯｸ","https://auctions.c.yimg.jp/images.auctions.yahoo.co.jp/image/dr000/auc0405/users/819714e8fc2b0cd9236a30d01b64a018f248e457/i-img1024x1024-1684042719e8l8zz113821.jpg",55
a902fc4e-77f3-4953-bfaa-5921beea3bb7,"KSKﾗﾊﾞｰﾀﾞﾑｸﾗﾝﾌﾟ ＃2A ﾉｰﾏﾙ 小臼歯用","ﾃﾞﾝﾃｯｸ","https://d15ihgh2blymmz.cloudfront.net/uploads/item_image/4560218660923/4560218660923_1.jpg",55
9698e3b3-7c99-4b8d-b966-b5c201add074,"KSKﾗﾊﾞｰﾀﾞﾑｸﾗﾝﾌﾟ ＃2A ﾉｰﾏﾙ 小臼歯用","ﾃﾞﾝﾃｯｸ","https://d15ihgh2blymmz.cloudfront.net/uploads/item_image/4560218660923/4560218660923_1.jpg",55
4d707206-7df8-4ff0-b803-5c45ec52c1b3,"KSKﾗﾊﾞｰﾀﾞﾑｸﾗﾝﾌﾟ ＃42 ﾉｰﾏﾙ 上顎左大臼歯用","ﾃﾞﾝﾃｯｸ","https://shizaiichiba.ocnk.net/data/shizaiichiba/product/20220904_85106c.png",50
fdf4c93b-3927-44dd-8568-2de087dc02f4,"KSKﾗﾊﾞｰﾀﾞﾑｸﾗﾝﾌﾟ ＃42 ﾉｰﾏﾙ 上顎左大臼歯用","ﾃﾞﾝﾃｯｸ","https://auctions.c.yimg.jp/images.auctions.yahoo.co.jp/image/dr000/auc0405/users/819714e8fc2b0cd9236a30d01b64a018f248e457/i-img1024x1024-1684042719e8l8zz113821.jpg",55
58ce9a7e-caa5-48cb-b916-42df20698937,"KSKﾗﾊﾞｰﾀﾞﾑｸﾗﾝﾌﾟ ＃43 ﾉｰﾏﾙ 上顎右大臼歯用","ﾃﾞﾝﾃｯｸ","http://technika.co.jp/cdn/shop/files/0819144204_62ff22acdf11d.jpg?v=1721902697",55
de86fb62-30e9-421c-aee5-f7e783393a71,"KSKﾗﾊﾞｰﾀﾞﾑｸﾗﾝﾌﾟ ＃44 ﾉｰﾏﾙ 前歯用","ﾃﾞﾝﾃｯｸ","https://auctions.c.yimg.jp/images.auctions.yahoo.co.jp/image/dr000/auc0405/users/819714e8fc2b0cd9236a30d01b64a018f248e457/i-img1024x1024-1684042719e8l8zz113821.jpg",55
34550b68-787a-4992-9832-bd064de222d0,"KSKﾗﾊﾞｰﾀﾞﾑｸﾗﾝﾌﾟ ＃44 ﾉｰﾏﾙ 前歯用","ﾃﾞﾝﾃｯｸ","https://auctions.c.yimg.jp/images.auctions.yahoo.co.jp/image/dr000/auc0405/users/819714e8fc2b0cd9236a30d01b64a018f248e457/i-img1024x1024-1684042719e8l8zz113821.jpg",55
ccc54535-eb34-4fbe-bf08-c9bdbc9e27b1,"KSKﾗﾊﾞｰﾀﾞﾑｸﾗﾝﾌﾟ ＃56 ﾉｰﾏﾙ 大臼歯用","ﾃﾞﾝﾃｯｸ","https://d15ihgh2blymmz.cloudfront.net/uploads/item_image/4560218660251/4560218660251_1.jpg",55
9b7203d6-3ca9-4706-b900-c8f2539979a9,"KSKﾗﾊﾞｰﾀﾞﾑｸﾗﾝﾌﾟ ＃56 ﾉｰﾏﾙ 大臼歯用","ﾃﾞﾝﾃｯｸ","https://d15ihgh2blymmz.cloudfront.net/uploads/item_image/4560218660251/4560218660251_1.jpg",55
5e845874-3d42-4920-a641-e6a1d7b9d875,"KSKﾗﾊﾞｰﾀﾞﾑｸﾗﾝﾌﾟ ＃W2A ﾉｰﾏﾙ 小臼歯用","ﾃﾞﾝﾃｯｸ","https://www.dentech.co.jp/wp-content/uploads/sites/1/2022/01/W2A-1.png",50
6c796d39-bac1-4b10-9ba1-b606be20c406,"KSKﾗﾊﾞｰﾀﾞﾑｸﾗﾝﾌﾟ ＃W2A ﾉｰﾏﾙ 小臼歯用","ﾃﾞﾝﾃｯｸ","https://www.dentech.co.jp/wp-content/uploads/sites/1/2022/01/W2A-1.png",50
21f64740-133a-4d60-b238-04072e2c494f,"KSKﾗﾊﾞｰﾀﾞﾑｸﾗﾝﾌﾟ ﾀｲｶﾞｰ #56T","ﾃﾞﾝﾃｯｸ","https://d15ihgh2blymmz.cloudfront.net/uploads/item_image/4560218660862/4560218660862_1.jpg",55
0a875751-6cca-4217-b5e3-d05dd0abcc9f,"KSKﾗﾊﾞｰﾀﾞﾑｸﾗﾝﾌﾟ ﾀｲｶﾞｰ #56T","ﾃﾞﾝﾃｯｸ","https://d15ihgh2blymmz.cloudfront.net/uploads/item_image/4560218660862/4560218660862_1.jpg",55
72ada8ad-1549-4da7-932b-144db3dae01a,"KSKﾗﾊﾞｰﾀﾞﾑｸﾗﾝﾌﾟ小児D組 P-1･P-2 ﾉｰﾏﾙ","ﾃﾞﾝﾃｯｸ","https://d15ihgh2blymmz.cloudfront.net/uploads/item_image/4560218660893/4560218660893_1.jpg",55
6ba00616-6e29-4e4d-a13e-3d88e652d29c,"RTPﾘｰﾏｰ CA #1 4本入","ﾃﾞﾝﾃｯｸ","https://d15ihgh2blymmz.cloudfront.net/uploads/item_image/4560218662637/4560218662637_1.jpg",55
9bd80b38-ef3a-4792-b07f-157bba9f975a,"RTPﾘｰﾏｰ CA #1 4本入","ﾃﾞﾝﾃｯｸ","https://www.dentech.co.jp/wp-content/uploads/sites/1/2022/01/RTP_1.png",55
69a59e02-0d09-4235-8f61-7fe6b96bd20f,"RTPﾘｰﾏｰ CA #2 4本入","ﾃﾞﾝﾃｯｸ","https://d15ihgh2blymmz.cloudfront.net/uploads/item_image/4560218662644/4560218662644_1.jpg",55
45cb902d-8003-4500-903b-f1ff153dad66,"RTPﾘｰﾏｰ CA #2 4本入","ﾃﾞﾝﾃｯｸ","https://d15ihgh2blymmz.cloudfront.net/uploads/item_image/4560218662644/4560218662644_1.jpg",55
1053b7d9-67e7-4e2d-b742-53096cd65afe,"RTPﾘｰﾏｰ CA #3 4本入","ﾃﾞﾝﾃｯｸ","https://d15ihgh2blymmz.cloudfront.net/uploads/item_image/4560218662651/4560218662651_1.jpg",55
d88b2913-6ac7-4849-8358-bea792f38884,"RTPﾘｰﾏｰ CA #3 4本入","ﾃﾞﾝﾃｯｸ","https://d15ihgh2blymmz.cloudfront.net/uploads/item_image/4560218662651/4560218662651_1.jpg",55
207d2c8f-99a7-42eb-ae55-58bbcd075e95,"ｱｲﾎﾞﾘｰｾﾊﾟﾚｰﾀｰ 1個","ﾃﾞﾝﾃｯｸ","https://auctions.c.yimg.jp/images.auctions.yahoo.co.jp/image/dr000/auc0404/users/c2049c298fd4c92f33a8ab283d1b3f592ba87240/i-img1200x1200-168171657391zyuc242973.jpg",55
c648e68e-87c2-4d1f-8e9b-779c93baef32,"ｱｲﾎﾞﾘｰｾﾊﾟﾚｰﾀｰ 1個","ﾃﾞﾝﾃｯｸ","https://auctions.c.yimg.jp/images.auctions.yahoo.co.jp/image/dr000/auc0404/users/c2049c298fd4c92f33a8ab283d1b3f592ba87240/i-img1200x1200-168171657391zyuc242973.jpg",55
e630a2b6-5e1a-4879-a29b-26011cffce25,"ﾗﾊﾞｰﾀﾞﾑﾊﾟﾝﾁ 内ﾊﾞﾈ　ｱｲﾝｽﾜｰｸ型","ﾃﾞﾝﾃｯｸ","https://shop.pdr.co.jp/g_images/series-10720/series-10720_02.jpg",80
80f6b6a1-e8f2-44df-a57a-fc0c3e1d4def,"ﾗﾊﾞｰﾀﾞﾑﾊﾟﾝﾁ 内ﾊﾞﾈ　ｱｲﾝｽﾜｰｸ型","ﾃﾞﾝﾃｯｸ","https://shop.pdr.co.jp/g_images/series-10720/series-10720_02.jpg",80
e43bd319-1b80-4106-b537-0509b9299157,"ｶｰﾄｼﾘﾝｼﾞA","ﾃﾞﾝﾄﾛﾆｸｽ","https://d15ihgh2blymmz.cloudfront.net/uploads/item_image/4560232500229/4560232500229_1.jpg",55
49f6b80d-e468-447b-926d-4d80091c81e5,"ｶｰﾄｼﾘﾝｼﾞAﾕﾆｶｰﾄ用針3S曲 3本","ﾃﾞﾝﾄﾛﾆｸｽ","https://shop.pdr.co.jp/resize/p1x2/g_images/series-10578/series-10578_u_50-6094.jpg",70
c970b60f-4651-4a94-9934-976a808901bf,"ｶｰﾄｼﾘﾝｼﾞAﾕﾆｶｰﾄ用針3S曲 3本","ﾃﾞﾝﾄﾛﾆｸｽ","https://shop.pdr.co.jp/resize/p1x2/g_images/series-10578/series-10578_u_50-6094.jpg",70
d7376b82-f519-49f1-a6ff-11dee94f8f1a,"ｶｰﾄｼﾘﾝｼﾞ掃除棒 A 2本入","ﾃﾞﾝﾄﾛﾆｸｽ","https://maiplemedical.com/cdn/shop/products/01131211_5878455f45b86_580x.jpg?v=1605248985",55
d87403e9-55a0-4ccc-9f58-b4c67a5c576d,"ｶｰﾄｼﾘﾝｼﾞ掃除棒 A 2本入","ﾃﾞﾝﾄﾛﾆｸｽ","https://d15ihgh2blymmz.cloudfront.net/uploads/item_image/4560232500229/4560232500229_1.jpg",55
457cbf6f-0f8c-4466-8149-741ae3fd4f7d,"ｷﾁﾘ","ﾃﾞﾝﾄﾛﾆｸｽ","https://shop.pdr.co.jp/resize/p1x2/g_images/series-10578/series-10578_u_50-6094.jpg",70
71f54a6e-c427-481c-b6da-441a39131e8f,"ｷﾁﾘ","ﾃﾞﾝﾄﾛﾆｸｽ","https://shop.pdr.co.jp/resize/p1x2/g_images/series-10578/series-10578_u_50-6094.jpg",70
3342fb0a-d276-42fa-be01-2a18feebface,"ﾃﾞﾝﾄﾛｲﾄﾞ ﾌﾞﾙｰ ｶｰﾄﾛｲﾄﾞ 56本","ﾃﾞﾝﾄﾛﾆｸｽ","http://genki-sokai.net/html/upload/save_image_y040000-y044999/y043328-000-000.jpg",55
8df5a404-e3c2-4a87-af81-aa35464878d6,"ﾃﾞﾝﾄﾛｲﾄﾞ ﾌﾞﾙｰ ｶｰﾄﾛｲﾄﾞ 56本","ﾃﾞﾝﾄﾛﾆｸｽ","https://maiplemedical.com/cdn/shop/products/01171029_587d7360752a0_580x.jpg?v=1605248147",55
ef336fa7-1407-4427-9a2f-7761b3d6ef93,"ﾗｼﾞｱﾙﾋﾟﾝﾃﾞﾗｯｸｽ 赤","ﾃﾞﾝﾄﾛﾆｸｽ","https://shop.pdr.co.jp/resize/p1x2/g_images/series-10578/series-10578_u_50-8219.jpg",70
576d7d77-2c96-4b4a-b70b-5d99c9004e22,"ﾗｼﾞｱﾙﾋﾟﾝﾃﾞﾗｯｸｽ 赤","ﾃﾞﾝﾄﾛﾆｸｽ","https://shop.pdr.co.jp/resize/p1x2/g_images/series-10578/series-10578_u_50-6094.jpg",70
f699df0e-f7c8-4d78-a723-320a243da0a4,"注射針 NO.30(0.30X12mm)100本入","ﾃﾞﾝﾄﾛﾆｸｽ","https://shop.pdr.co.jp/resize/p1x2/g_images/series-10578/series-10578_u_50-8219.jpg",70
238fbc4f-12c7-4de6-849c-54fb5c97ea64,"注射針 NO.30(0.30X12mm)100本入","ﾃﾞﾝﾄﾛﾆｸｽ","https://shop.pdr.co.jp/resize/p1x2/g_images/series-10578/series-10578_u_50-8219.jpg",70
b3742106-ec16-46f8-8a08-8dd6f84b3318,"ﾆｭｰｻｰｼﾞｶﾙｸﾞﾛｰﾌﾞ ﾗﾃｯｸｽPF6.5","ﾄｰﾏ","https://www.matsuyoshi.co.jp/files/item/item-images/00078509_main.jpg",55
49d32c0f-d3b9-4b44-9499-31c652f8f777,"ﾆｭｰｻｰｼﾞｶﾙｸﾞﾛｰﾌﾞ ﾗﾃｯｸｽPF6.5","ﾄｰﾏ","https://www.matsuyoshi.co.jp/files/item/item-images/00078509_main.jpg",55
771be4ba-f610-4da3-9ead-05ba1e24d616,"ﾆｭｰｻｰｼﾞｶﾙｸﾞﾛｰﾌﾞ ﾗﾃｯｸｽPF6.5　8226","ﾄｰﾏ","https://www.matsuyoshi.co.jp/files/item/item-images/00078509_main.jpg",55
e10aed69-e9ea-4f91-8698-edbbdbb18d04,"ﾆｭｰｻｰｼﾞｶﾙｸﾞﾛｰﾌﾞ ﾗﾃｯｸｽPF6.5　8226","ﾄｰﾏ","https://www.matsuyoshi.co.jp/files/item/item-images/00078509_main.jpg",55
78637577-4eca-4b65-83cf-0a347431ecc9,"ﾆｭｰｻｰｼﾞｶﾙｸﾞﾛｰﾌﾞ ﾗﾃｯｸｽPF7.0","ﾄｰﾏ","https://d15ihgh2blymmz.cloudfront.net/uploads/item_image/4976366005231/4976366005231_1.jpg",55
9268642e-acf7-46c5-ad6d-ca972e64fcf2,"ﾆｭｰｻｰｼﾞｶﾙｸﾞﾛｰﾌﾞ ﾗﾃｯｸｽPF7.0","ﾄｰﾏ","https://d15ihgh2blymmz.cloudfront.net/uploads/item_image/4976366005231/4976366005231_1.jpg",55
702414b6-2d4e-4570-9115-88d98c6938de,"DESIC用操作盤DS(1.6kW)","ﾄｳｷｮｳｷﾞｹﾝ","https://www.tokyogiken.com/wp/wp-content/uploads/2023/09/55ffb3a6a7b4f2162a80814af78a8859-scaled.jpg",49
246659da-59a3-4d0d-b004-d5a3608daaac,"EXﾄﾞﾗｲﾔ","ﾄｳｷｮｳｷﾞｹﾝ","https://kyushu-dentalshow.jp/2023/wp-content/uploads/2022/09/1380f32617359fd83397ae7c69a5857a.jpg",52
35476e8b-e63a-4fd1-bac2-e1b86d3aa339,"EXﾄﾞﾗｲﾔ","ﾄｳｷｮｳｷﾞｹﾝ","https://kyushu-dentalshow.jp/2023/wp-content/uploads/2022/09/1380f32617359fd83397ae7c69a5857a.jpg",52
08ddf774-669d-470e-b0e3-9b836edcd3bc,"EXﾄﾞﾗｲﾔ（EX-Dﾌｨﾙﾀ付）","ﾄｳｷｮｳｷﾞｹﾝ","https://fordynet.fordy.jp/storage/products/20181023104131_2.jpg",55
64796bd7-fed9-4b77-9140-54fdedb08da8,"EXﾄﾞﾗｲﾔ（EX-Dﾌｨﾙﾀ付）","ﾄｳｷｮｳｷﾞｹﾝ","https://fordynet.fordy.jp/storage/products/20181023104131_2.jpg",55
9b320d8d-f2a8-4719-96e6-b9f3f62d5956,"PO-0.75LETN 日立/200V50/60Hz","ﾄｳｷｮｳｷﾞｹﾝ","https://auctions.c.yimg.jp/images.auctions.yahoo.co.jp/image/dr000/auc0504/users/b9a83f1fecf302a3396a2939d35f8a7772541ef4/i-img1200x1200-17133101418dv3eb5008.jpg",55
e3a48a53-6982-430a-9e38-1f0a89c5a8a3,"PO-0.75LETN 日立/200V50/60Hz","ﾄｳｷｮｳｷﾞｹﾝ","https://auctions.c.yimg.jp/images.auctions.yahoo.co.jp/image/dr000/auc0504/users/b9a83f1fecf302a3396a2939d35f8a7772541ef4/i-img1200x1200-17133101418dv3eb5008.jpg",55
29fd3182-56a3-4d90-83ab-78036a5936b1,"SBF-S(取付金具付)B353","ﾄｳｷｮｳｷﾞｹﾝ","https://shop.r10s.jp/kagilabo/cabinet/lock-set/lock-set-giken/giken-hl-4-main.jpg",55
8c3a221b-9d42-44b3-ad2b-cec93effb2d9,"ST-38C　日立","ﾄｳｷｮｳｷﾞｹﾝ","http://actool.jp/cdn/shop/files/2vGAy8nJ8XxJKByHBi4MnjngKGtwFGitfvBGy7kK.jpg?v=1732772837",55
d254416a-0927-492b-9de3-b4d10c9274a2,"ST-38C　日立","ﾄｳｷｮｳｷﾞｹﾝ","http://actool.jp/cdn/shop/files/2vGAy8nJ8XxJKByHBi4MnjngKGtwFGitfvBGy7kK.jpg?v=1732772837",55
eb1ad244-b673-4b37-b690-e6229fca2ec4,"TCS-1.5MAX 50Hz A127","ﾄｳｷｮｳｷﾞｹﾝ","http://uinndo1.web.fc2.com/aaaasikagisisjhsssss2.jpg",55
bc872fde-970e-4a1a-a898-db82e8b28dc0,"TCS-1.5MAX 50Hz A127","ﾄｳｷｮｳｷﾞｹﾝ","http://uinndo1.web.fc2.com/aaaasikagisisjhsssss2.jpg",55
6e0776bb-d1a9-4321-a892-a898e3b7ac8a,"ｱｲｵﾆｰ ｶｰﾄﾘｯｼﾞ B375","ﾄｳｷｮｳｷﾞｹﾝ","https://www.tokyogiken.com/img/pickup-3.jpg",55
b28b053f-9069-4489-81ed-0a9732a203b0,"ｱｲｵﾆｰ ｶｰﾄﾘｯｼﾞ B375","ﾄｳｷｮｳｷﾞｹﾝ","https://www.tokyogiken.com/img/pickup-3.jpg",55
7c4f787d-1949-4517-a842-b1cd6036cb7c,"ｱﾙﾃｵLﾌｰﾄﾞ","ﾄｳｷｮｳｷﾞｹﾝ","https://www.matsuyoshi.co.jp/files/item/item-images/00893567_main.jpg",55
a2493d74-2fb6-4723-91d2-b95ab98f9e55,"ｱﾙﾃｵLﾌｰﾄﾞ","ﾄｳｷｮｳｷﾞｹﾝ","https://www.matsuyoshi.co.jp/files/item/item-images/00893567_main.jpg",55
83e00046-4b6a-449e-b41f-eb548668a0f5,"ｵｰﾄﾄﾞﾚﾝ本体","ﾄｳｷｮｳｷﾞｹﾝ","https://r-mugendou.com/item/tool/bin/bin250215141350003.jpg",55
a7924ee7-f29d-4137-844e-c9599eacaba9,"ｵｰﾄﾄﾞﾚﾝ本体","ﾄｳｷｮｳｷﾞｹﾝ","https://www.komeri.com/images/goods/023/950/31/2395031.jpg",55
44151901-59dc-487e-9b2f-d6dd213aefba,"ｺﾝﾌﾟﾚｯｻ用ｽﾄﾚｰﾅ","ﾄｳｷｮｳｷﾞｹﾝ","https://auctions.c.yimg.jp/images.auctions.yahoo.co.jp/image/dr000/auc0405/users/a1a0ecbbc8e8e2a5bef9e3361f7bb8c4ebe04e2b/i-img1000x1000-1684493441xq8dqf34792.jpg",55
cc983f72-bdd6-4b82-8c7d-d7be40f7a5d2,"ｺﾝﾌﾟﾚｯｻ用ｽﾄﾚｰﾅ","ﾄｳｷｮｳｷﾞｹﾝ","https://auctions.c.yimg.jp/images.auctions.yahoo.co.jp/image/dr000/auc0405/users/a1a0ecbbc8e8e2a5bef9e3361f7bb8c4ebe04e2b/i-img1000x1000-1684493441xq8dqf34792.jpg",55
79910459-278a-4408-9b96-af0564463286,"ｺﾝﾌﾟﾚｯｻ用ﾚｷﾞｭﾚｰﾀｰ DX-990","ﾄｳｷｮｳｷﾞｹﾝ","https://www.komeri.com/images/goods/024/178/78/2417878.jpg",55
fe7d8646-891c-4ce7-87cd-9345a263e4f5,"ｺﾝﾌﾟﾚｯｻ用ﾚｷﾞｭﾚｰﾀｰ DX-990","ﾄｳｷｮｳｷﾞｹﾝ","https://m.media-amazon.com/images/I/61LEHHAALAL._AC_SL1500_.jpg",67
65582c52-2fd4-4ef0-b1c4-93a772a22b81,"ｺﾝﾌﾟﾚｯｻ相互運転切替BOX","ﾄｳｷｮｳｷﾞｹﾝ","https://img.aucfree.com/j1157466329.1.jpg",54
c7119041-565a-403f-ba12-271dcf428d9c,"ｺﾝﾌﾟﾚｯｻ相互運転切替BOX","ﾄｳｷｮｳｷﾞｹﾝ","https://img.aucfree.com/j1157466329.1.jpg",54
ae3f765e-24a7-4609-b7f5-fe874cf37610,"ｻﾞ・ﾏｳｽ ﾎｰｽ付","ﾄｳｷｮｳｷﾞｹﾝ","https://d15ihgh2blymmz.cloudfront.net/uploads/item_image/4562199981264/4562199981264_1.jpg",55
70522530-e01f-4809-838e-59bf353fb5c5,"ｻﾞ・ﾏｳｽ ﾎｰｽ付","ﾄｳｷｮｳｷﾞｹﾝ","https://d15ihgh2blymmz.cloudfront.net/uploads/item_image/4562199981264/4562199981264_1.jpg",55
9b87cecb-e0e8-4566-94c9-a4e87715b415,"ｻｸｼｮﾝ操作盤1.5kw","ﾄｳｷｮｳｷﾞｹﾝ","https://www.tokyogiken.com/wp/wp-content/uploads/2023/09/e2b62a03f93676127e6271db593eede5-954x1024.jpg",54
5ce4cb05-821c-4cad-a421-4b0b1d2c9c61,"ｻｸｼｮﾝ操作盤1.5kw","ﾄｳｷｮｳｷﾞｹﾝ","https://www.tokyogiken.com/wp/wp-content/uploads/2023/09/e2b62a03f93676127e6271db593eede5.jpg",54
824901a1-65f8-4fd1-b46e-2eccba3c90a9,"ｼｰﾃｸﾄｸﾘｰﾆﾝｸﾞﾘﾓｺﾝ","ﾄｳｷｮｳｷﾞｹﾝ","https://www.tokyogiken.com/wp/wp-content/uploads/2023/09/b407841792b34e7a7444be3ca12902b0-1-scaled.jpg",50
7121ba99-1f6f-4eb8-b383-0c6a2d42eead,"ｼｰﾃｸﾄｸﾘｰﾆﾝｸﾞﾘﾓｺﾝ","ﾄｳｷｮｳｷﾞｹﾝ","https://www.tokyogiken.com/wp/wp-content/uploads/2023/09/b407841792b34e7a7444be3ca12902b0-1-scaled.jpg",50
39dcf39e-24ee-449c-a0f0-093897c8a73a,"ｼｰﾃｸﾄｸﾘｰﾆﾝｸﾞﾘﾓｺﾝ値引","ﾄｳｷｮｳｷﾞｹﾝ","https://www.tokyogiken.com/wp/wp-content/uploads/2023/09/b407841792b34e7a7444be3ca12902b0-1-scaled.jpg",50
b6947dfe-f0ae-431e-b9a1-b9372c4847ad,"ｼｰﾃｸﾄｸﾘｰﾆﾝｸﾞﾘﾓｺﾝ値引","ﾄｳｷｮｳｷﾞｹﾝ","https://www.tokyogiken.com/wp/wp-content/uploads/2023/09/b407841792b34e7a7444be3ca12902b0-1-scaled.jpg",50
18cc743c-0cf9-4924-9fad-5d1671cafe01,"ﾄﾗｲｻﾞｰ2/12ｹ入 B318","ﾄｳｷｮｳｷﾞｹﾝ","https://auctions.c.yimg.jp/images.auctions.yahoo.co.jp/image/dr000/auc0512/user/834ca9f46f2febf5df188026c9191fc2d0071ada2bbeb49572b3342ec66eae5e/i-img1200x1200-17341600410486bbppuq42793.jpg",55
b2fb45c5-87de-4078-a8fa-b977d86b258b,"ﾄﾗｲｻﾞｰ2/12ｹ入 B318","ﾄｳｷｮｳｷﾞｹﾝ","https://auctions.c.yimg.jp/images.auctions.yahoo.co.jp/image/dr000/auc0512/user/834ca9f46f2febf5df188026c9191fc2d0071ada2bbeb49572b3342ec66eae5e/i-img1200x1200-17341600410486bbppuq42793.jpg",55
ff4cb02b-9916-463f-8331-e85c9fd89393,"ﾄﾞﾗｲﾃｯｸ2　48686","ﾄｳｷｮｳｷﾞｹﾝ","https://d15ihgh2blymmz.cloudfront.net/uploads/item_image/4562199983916/4562199983916_1.jpg",55
3bd49017-6b2f-4a67-8ac8-48528b49cf5c,"ﾄﾞﾗｲﾃｯｸ2　48686","ﾄｳｷｮｳｷﾞｹﾝ","https://d15ihgh2blymmz.cloudfront.net/uploads/item_image/4562199983916/4562199983916_1.jpg",55
ddfec40a-d76e-467f-9326-fb3a5344ad93,"ﾄﾗｯﾌﾟ 丸型用廃棄ﾈｯﾄ12ﾏｲ","ﾄｳｷｮｳｷﾞｹﾝ","https://shop.pdr.co.jp/g_images/series-230/series-230_01.jpg",80
689f88ec-332a-4720-a649-0b208a20e677,"ﾄﾗｯﾌﾟ 丸型用廃棄ﾈｯﾄ12ﾏｲ","ﾄｳｷｮｳｷﾞｹﾝ","https://shop.pdr.co.jp/g_images/series-230/series-230_01.jpg",80
16e424c7-c38d-4c92-b00a-c9cc7aadde9e,"ﾌｨﾙﾀｰﾎﾞｯｸｽ(単体丸型)","ﾄｳｷｮｳｷﾞｹﾝ","https://www.superaircool.com/wp-content/uploads/2024/07/FB-Filte-Box-for-Round-Duct-2-768x768.jpg",55
6086a83e-f424-4842-ab5f-86f703e930a0,"ﾌｨﾙﾀｰﾎﾞｯｸｽ(単体丸型)","ﾄｳｷｮｳｷﾞｹﾝ","https://www.superaircool.com/wp-content/uploads/2024/07/FB-Filte-Box-for-Round-Duct-2-768x768.jpg",55
f158f40e-b10a-4ef9-a230-74c0fd81f827,"ﾌﾘｰｱｰﾑ・ｼｰﾃｸﾄ　FI","ﾄｳｷｮｳｷﾞｹﾝ","https://www.tokyogiken.com/wp/wp-content/uploads/2025/06/1bbd7692c12224bd0cfbaacc0b95f194.jpg",51
97edb39e-459f-41e1-95d5-9817b01511fb,"ﾌﾘｰｱｰﾑ・ｼｰﾃｸﾄ　FI","ﾄｳｷｮｳｷﾞｹﾝ","https://www.tokyogiken.com/wp/wp-content/uploads/2025/06/1bbd7692c12224bd0cfbaacc0b95f194.jpg",51
90ffaf49-b76d-4796-bc6c-2fe21f0984f5,"ﾌﾘｰｱｰﾑ・ﾊﾞﾌﾞﾘﾗｲｻﾞｰ","ﾄｳｷｮｳｷﾞｹﾝ","https://fordynet.fordy.jp/storage/products/product3586-20240902103833sub_image1.jpg",55
9d235009-08fc-4450-b8ef-6dc570363b11,"ﾌﾘｰｱｰﾑ・ﾊﾞﾌﾞﾘﾗｲｻﾞｰ","ﾄｳｷｮｳｷﾞｹﾝ","https://fordynet.fordy.jp/storage/products/product3586-20240902103833sub_image1.jpg",55
6e0c21b2-a12f-4362-8109-0d674c5fd6b7,"ﾌﾘｰｱｰﾑ21S用防塵受ﾌｨﾙﾀｰ","ﾄｳｷｮｳｷﾞｹﾝ","https://imgix.cainz.com/4984596171503/product/4984596171503_01.jpg",55
4f6ec576-5944-4bb0-98f5-0d841969a886,"ﾌﾘｰｱｰﾑ21S用防塵受ﾌｨﾙﾀｰ","ﾄｳｷｮｳｷﾞｹﾝ","https://imgix.cainz.com/4984596171503/product/4984596171503_01.jpg",55
0dec2cc0-2656-4507-ad8c-98addde0e55a,"ﾌﾘｰｱｰﾑS用ﾊﾞｯｸﾌｨﾙﾀｰ","ﾄｳｷｮｳｷﾞｹﾝ","https://www.tokyogiken.com/wp/wp-content/uploads/2023/09/68916e2c5f9f92362fd474c5d0ff0a6b-1024x912.jpg",53
baaa7e9d-8dc8-4ffa-badd-760474146e2e,"ﾌﾘｰｱｰﾑS用ﾊﾞｯｸﾌｨﾙﾀｰ","ﾄｳｷｮｳｷﾞｹﾝ","https://www.tokyogiken.com/wp/wp-content/uploads/2023/09/68916e2c5f9f92362fd474c5d0ff0a6b-1024x912.jpg",53
7ee5f912-e9f9-438b-b35c-725f0bff0e97,"ﾘﾀｰﾝﾎﾞｯｸｽS100V B091","ﾄｳｷｮｳｷﾞｹﾝ","https://www.uedakanamono.co.jp/gimg/87227_1.jpg",55
17313882-2d32-477a-8d92-7f040f972c5b,"ﾘﾀｰﾝﾎﾞｯｸｽS100V B091","ﾄｳｷｮｳｷﾞｹﾝ","https://www.uedakanamono.co.jp/gimg/87227_1.jpg",55
c94b6ceb-4725-48ad-90fd-238fa35e5a45,"交換用 SBF ﾌﾘｰｱｰﾑ S/2.2MAX B031","ﾄｳｷｮｳｷﾞｹﾝ","https://www.tokyogiken.com/wp/wp-content/uploads/2023/09/S-SBF.png",50
6c873e68-294e-4ed5-b8fd-6ffe26077985,"交換用 SBF ﾌﾘｰｱｰﾑ S/2.2MAX B031","ﾄｳｷｮｳｷﾞｹﾝ","https://www.tokyogiken.com/wp/wp-content/uploads/2023/09/S-SBF.png",50
74bfe6c4-b114-4a6d-a97d-d085d4148b6b,"交通費","ﾄｳｷｮｳｷﾞｹﾝ","https://illust-closet.com/wp-content/uploads/2025/09/tsukinkotsuhi-shinseisho.png",49
3abe0102-eaf7-48de-8002-c6ea51993a98,"交通費","ﾄｳｷｮｳｷﾞｹﾝ","https://illust-closet.com/wp-content/uploads/2025/09/tsukinkotsuhi-shinseisho.png",49
bec92a11-0676-49d5-bb84-5d35483298df,"出張費(23区)","ﾄｳｷｮｳｷﾞｹﾝ","https://the-massage-raum.net/wp-content/uploads/2024/11/area3.png",55
0bca3a59-87b7-4fe6-8e91-b2611681fa20,"出張費(23区)","ﾄｳｷｮｳｷﾞｹﾝ","https://the-massage-raum.net/wp-content/uploads/2024/11/area3.png",55
9b4bf1f5-8ee8-4df1-9263-eeca13fc479d,"分離器 10L(高圧蓋ﾀｲﾌﾟ)","ﾄｳｷｮｳｷﾞｹﾝ","https://auctions.c.yimg.jp/images.auctions.yahoo.co.jp/image/dr000/auc0101/user/4514c36846fbc91dd20b4d18cdda73026c3c472de31a74a5993123d9b6b3b906/i-img1200x1200-17368466171028armb5x819868.jpg",55
b58015ce-02cb-4f2e-8f56-4b04120077b0,"分離器 10L(高圧蓋ﾀｲﾌﾟ)","ﾄｳｷｮｳｷﾞｹﾝ","https://auctions.c.yimg.jp/images.auctions.yahoo.co.jp/image/dr000/auc0101/user/4514c36846fbc91dd20b4d18cdda73026c3c472de31a74a5993123d9b6b3b906/i-img1200x1200-17368466171028armb5x819868.jpg",55
56a942bb-cee1-4d50-9295-70328086be90,"取付費(ｺﾝﾌﾟﾚｯｻｰ用)移設分含む","ﾄｳｷｮｳｷﾞｹﾝ","https://stat.ameba.jp/user_images/20230222/12/cruize-by-hn/74/75/j/o1080080915246397878.jpg",50
37b5d6f6-8390-4cc6-9376-69d83bb7d796,"取付費(ｺﾝﾌﾟﾚｯｻｰ用)移設分含む","ﾄｳｷｮｳｷﾞｹﾝ","https://stat.ameba.jp/user_images/20230222/12/cruize-by-hn/74/75/j/o1080080915246397878.jpg",50
3073512a-d888-4723-8eec-c1fd2dd7e412,"取付費(ｺﾝﾌﾟﾚｯｻ用)","ﾄｳｷｮｳｷﾞｹﾝ","https://r-mugendou.com/item/tool/bin/bin2506161014120019.jpg",55
f436a920-2f56-4863-938c-96243e4b80a5,"取付費(ｺﾝﾌﾟﾚｯｻ用)","ﾄｳｷｮｳｷﾞｹﾝ","https://r-mugendou.com/item/tool/bin/bin2506161014120019.jpg",55
3270fc79-e392-4666-aa5e-5b17ce4ee8c1,"取付費(ﾌﾘｰｱｰﾑ)","ﾄｳｷｮｳｷﾞｹﾝ","https://www.tokyogiken.com/wp/wp-content/uploads/2023/09/d58cea6304492c53e7240c9f585cf50c-1682x2048.png",51
6ee944c1-7a55-42f7-a954-19e0f1ea66a5,"取付費(ﾌﾘｰｱｰﾑ)","ﾄｳｷｮｳｷﾞｹﾝ","https://www.tokyogiken.com/wp/wp-content/uploads/2023/09/d58cea6304492c53e7240c9f585cf50c-1682x2048.png",51
0d33a48c-4a8f-40c6-a8e3-ee55ec888373,"取付費(診療用)","ﾄｳｷｮｳｷﾞｹﾝ","https://www.kaunet.com/kaunet/images/goods/main/extra/20251106_4707_65-7588-99_m_t_c.jpg",55
2988866f-3b08-438a-b49d-53978ce26a73,"取付費(診療用)","ﾄｳｷｮｳｷﾞｹﾝ","https://www.kaunet.com/kaunet/images/goods/main/extra/20251106_4707_65-7588-99_m_t_c.jpg",55
ee953cc5-8f0f-482f-a879-fd4108dbd90c,"技工用ﾏｳｽ ｼｬｯﾀｰｽｲｯﾁ付","ﾄｳｷｮｳｷﾞｹﾝ","https://auctions.c.yimg.jp/images.auctions.yahoo.co.jp/image/dr000/auc0110/user/e2e345b7abd68fd56d3e2cfaacd580ec9231c1d925d7064cf8eb9862f19264fc/i-img1125x1177-17600597505669xxnyxn86772.jpg",54
0aadb7a2-d091-4d26-86f4-560ba884bad1,"技工用ﾏｳｽ ｼｬｯﾀｰｽｲｯﾁ付","ﾄｳｷｮｳｷﾞｹﾝ","https://auctions.c.yimg.jp/images.auctions.yahoo.co.jp/image/dr000/auc0110/user/e2e345b7abd68fd56d3e2cfaacd580ec9231c1d925d7064cf8eb9862f19264fc/i-img1125x1177-17600597505669xxnyxn86772.jpg",54
e12c5477-1bd1-4ed1-b2ec-3eb601558861,"排水金具　大","ﾄｳｷｮｳｷﾞｹﾝ","https://shop.r10s.jp/kentikuboy/cabinet/06951444/09576502/432-438-32-z.jpg",53
bb0ab4ef-10e9-4200-83cf-60395d669051,"排水金具　大","ﾄｳｷｮｳｷﾞｹﾝ","https://shop.r10s.jp/kentikuboy/cabinet/06951444/09576502/432-438-32-z.jpg",53
00d49e1a-298f-4df4-8e50-2b559dade524,"排水金具　小","ﾄｳｷｮｳｷﾞｹﾝ","https://shop.r10s.jp/kentikuboy/cabinet/06951444/09576502/432-438-32-z.jpg",53
cd9baf77-6509-4267-851f-7aeb64c05431,"排水金具　小","ﾄｳｷｮｳｷﾞｹﾝ","https://item-shopping.c.yimg.jp/i/n/oj-labo_mamm-hwb_12_d_20230703171038",50
f5a79cef-1190-49b6-a667-a847eb5ed607,"歯科用吸引器 TCS-DESIC-DS","ﾄｳｷｮｳｷﾞｹﾝ","https://www.tokyogiken.com/wp/wp-content/uploads/2023/09/55ffb3a6a7b4f2162a80814af78a8859-scaled.jpg",49
a1d0c9ef-0a59-4034-a009-45776cf983e1,"歯科用吸引器 TCS-DESIC-DS","ﾄｳｷｮｳｷﾞｹﾝ","https://www.tokyogiken.com/wp/wp-content/uploads/2023/09/55ffb3a6a7b4f2162a80814af78a8859-scaled.jpg",49
2016505f-b72f-4e7b-a4d5-a290b5df9582,"水分離器 10L A062","ﾄｳｷｮｳｷﾞｹﾝ","https://auctions.c.yimg.jp/images.auctions.yahoo.co.jp/image/dr000/auc0501/users/e5c139a318a9f41f9cd7a9ca8767e6c255fc39f4/i-img988x1200-1704942532xpk3qr551627.jpg",51
a2d4390c-058c-44a4-b809-97aaf26b3527,"水分離器 10L A062","ﾄｳｷｮｳｷﾞｹﾝ","https://c.imgz.jp/488/70414488/70414488b_b_17_500.jpg",52
cb2a921d-81b1-47bc-bc2d-d21b4cbf061e,"石膏ﾄﾗｯﾌﾟ(丸型）","ﾄｳｷｮｳｷﾞｹﾝ","https://www.tokyogiken.com/wp/wp-content/uploads/2023/09/cb0182777a82b93b24393f20a3933747-991x1024.jpg",54
ce7d5c52-e87d-48a6-974a-378a2b12e274,"石膏ﾄﾗｯﾌﾟ(丸型)お掃除3点ｾｯﾄﾌﾟﾗｽ","ﾄｳｷｮｳｷﾞｹﾝ","https://www.tokyogiken.com/wp/wp-content/uploads/2023/09/e0a36064cbf0f23031d41c0f465fdd52-1024x819.jpg",51
339f0859-27d4-4cab-be22-2a9739ca3a6a,"石膏ﾄﾗｯﾌﾟ(丸型)お掃除3点ｾｯﾄﾌﾟﾗｽ","ﾄｳｷｮｳｷﾞｹﾝ","https://d15ihgh2blymmz.cloudfront.net/uploads/item_image/4562199983923/4562199983923_1.jpg",55
324dfebb-4666-432f-97e8-0a51c1f2868c,"石膏ﾄﾗｯﾌﾟ用排水ﾎｰｽｾｯﾄ","ﾄｳｷｮｳｷﾞｹﾝ","https://static.mercdn.net/item/detail/orig/photos/m89165968678_1.jpg?1760880173",55
7e87db4d-6ec8-4713-af8a-413fc00354e6,"立上りｾｯﾄ","ﾄｳｷｮｳｷﾞｹﾝ","https://static.mercdn.net/item/detail/orig/photos/m29575910531_1.jpg?1736473572",55
c0533c02-ce2e-4361-b731-0a444ca01b99,"立上りｾｯﾄ","ﾄｳｷｮｳｷﾞｹﾝ","https://static.mercdn.net/item/detail/orig/photos/m67706149133_1.jpg?1714441806",55
9f2982e2-a2bb-46f0-9300-7ab262070b56,"精密機器運搬費用(愛知→東京)","ﾄｳｷｮｳｷﾞｹﾝ","https://f-log.jp/dcms_media/image/preventbreakage_03.jpg",50
45376ebb-7c9d-4837-91b8-ad8f21cd55a4,"精密機器運搬費用(愛知→東京)","ﾄｳｷｮｳｷﾞｹﾝ","https://f-log.jp/dcms_media/image/preventbreakage_03.jpg",50
7bc66b14-10af-4059-9156-7f54ef9b6d4b,"診療用ﾊﾞｷｭｰﾑTCV-CS1000","ﾄｳｷｮｳｷﾞｹﾝ","https://auctions.c.yimg.jp/images.auctions.yahoo.co.jp/image/dr000/auc0202/user/3fdde4555b9b919b5daf1fa628077ee935931b64ee5277de86f0bfe38f9bf74d/i-img1200x1200-17700298157830zfiuco87471.jpg",55
60a65487-bc91-4b20-89be-fc40cebbf775,"診療用ﾊﾞｷｭｰﾑTCV-CS1000","ﾄｳｷｮｳｷﾞｹﾝ","https://auctions.c.yimg.jp/images.auctions.yahoo.co.jp/image/dr000/auc0202/user/3fdde4555b9b919b5daf1fa628077ee935931b64ee5277de86f0bfe38f9bf74d/i-img1200x1200-17700298157830zfiuco87471.jpg",55
324c3673-15cc-4578-8523-fba5898315f2,"運搬費用","ﾄｳｷｮｳｷﾞｹﾝ","https://www.shigeta-ex.com/wp-excom/wp-content/uploads/2023/02/c-unsou-hyoujun-untin3.png",53
76156a0c-b3c6-456a-a973-b018feac880b,"運搬費用","ﾄｳｷｮｳｷﾞｹﾝ","https://www.shigeta-ex.com/wp-excom/wp-content/uploads/2023/02/c-unsou-hyoujun-untin3.png",53
c85d8a50-63be-4b46-a577-d4b3ad2cf420,"ﾃﾝﾋﾟｭｰﾙMED ﾃﾞﾝﾀﾙﾏｯﾄﾚｽｾｯﾄ ﾀﾞｰｸBL","ﾄｳｷｮｳｼｻﾞｲ","https://www.shizaisha.co.jp/CMS/wp-content/uploads/2019/06/f3b1ec800a30845747c36404403ad370.jpg",51
4f7e7978-87a0-414f-84c3-9cd6014a4f47,"ﾊﾟﾅﾃﾞﾝﾄ ﾘｰﾌｹﾞｰｼﾞ #9390DP","ﾄｳｷｮｳｼｻﾞｲ","https://www.koiscenter.com/wp-content/uploads/2022/07/leaf-gauge-1-0-1536x1359.png",53
fdb43319-1eec-4548-befd-35f0e30cd08b,"ﾊﾟﾅﾃﾞﾝﾄ ﾘｰﾌｹﾞｰｼﾞ #9390DP","ﾄｳｷｮｳｼｻﾞｲ","https://www.koiscenter.com/wp-content/uploads/2022/07/leaf-gauge-1-0-1536x1359.png",53
0aa9c5cb-4f65-4543-8149-2eefbaa6eb9a,"JOP 矯正臨床ｼﾞｬｰﾅﾙ 2025年10月号","ﾄｳｷｮｳﾘﾝｼｮｳｼｭｯﾊﾟ","https://static.mercdn.net/item/detail/orig/photos/m11496249146_1.jpg?1750896034",55
a30bccd6-3ab0-4001-8be6-4a213a5af897,"JOP 矯正臨床ｼﾞｬｰﾅﾙ 2025年10月号","ﾄｳｷｮｳﾘﾝｼｮｳｼｭｯﾊﾟ","https://static.mercdn.net/item/detail/orig/photos/m11496249146_1.jpg?1750896034",55
54ade6d1-0474-43b0-8ca5-d098ed389b32,"JOP 矯正臨床ｼﾞｬｰﾅﾙ 2025年11月号","ﾄｳｷｮｳﾘﾝｼｮｳｼｭｯﾊﾟ","https://static.mercdn.net/item/detail/orig/photos/m11496249146_1.jpg?1750896034",55
2b339b4a-0fc9-4036-bc79-ca9a3a77cb78,"JOP 矯正臨床ｼﾞｬｰﾅﾙ 2025年11月号","ﾄｳｷｮｳﾘﾝｼｮｳｼｭｯﾊﾟ","https://auctions.c.yimg.jp/images.auctions.yahoo.co.jp/image/dr000/auc0111/user/ef6eec075e88261a0268447f6fc86628ad0e59ebbbf3da3000e4384274eea6cf/i-img1080x1080-176387764950445dxezr76475.jpg",55
44fa2695-0b00-45f2-b8d5-058cc0464940,"JOP 矯正臨床ｼﾞｬｰﾅﾙ 2025年12月号","ﾄｳｷｮｳﾘﾝｼｮｳｼｭｯﾊﾟ","https://auctions.c.yimg.jp/images.auctions.yahoo.co.jp/image/dr000/auc0111/user/ef6eec075e88261a0268447f6fc86628ad0e59ebbbf3da3000e4384274eea6cf/i-img1080x1080-176387764950445dxezr76475.jpg",55
744af6e0-d82a-4377-9890-161a9d45338c,"JOP 矯正臨床ｼﾞｬｰﾅﾙ 2025年12月号","ﾄｳｷｮｳﾘﾝｼｮｳｼｭｯﾊﾟ","https://static.mercdn.net/item/detail/orig/photos/m11496249146_1.jpg?1750896034",55
99e23498-7b26-4069-87af-9eb5e1f6ef43,"JOP 矯正臨床ｼﾞｬｰﾅﾙ 2025年1月号","ﾄｳｷｮｳﾘﾝｼｮｳｼｭｯﾊﾟ","https://static.mercdn.net/item/detail/orig/photos/m11496249146_1.jpg?1750896034",55
86d87123-7866-4fce-bf2a-c4aee51ffc99,"JOP 矯正臨床ｼﾞｬｰﾅﾙ 2025年1月号","ﾄｳｷｮｳﾘﾝｼｮｳｼｭｯﾊﾟ","https://static.mercdn.net/item/detail/orig/photos/m11496249146_1.jpg?1750896034",55
6b6a52e6-fa7d-45ca-b647-178b465905d2,"JOP 矯正臨床ｼﾞｬｰﾅﾙ 2025年2月号","ﾄｳｷｮｳﾘﾝｼｮｳｼｭｯﾊﾟ","https://static.mercdn.net/item/detail/orig/photos/m11496249146_1.jpg?1750896034",55
c5647cf9-1a63-4e4e-8426-ddc9b552889d,"JOP 矯正臨床ｼﾞｬｰﾅﾙ 2025年2月号","ﾄｳｷｮｳﾘﾝｼｮｳｼｭｯﾊﾟ","https://static.mercdn.net/item/detail/orig/photos/m11496249146_1.jpg?1750896034",55
cf59ad39-0b56-4903-975e-9d67c8a7836a,"JOP 矯正臨床ｼﾞｬｰﾅﾙ 2025年3月号","ﾄｳｷｮｳﾘﾝｼｮｳｼｭｯﾊﾟ","https://auctions.c.yimg.jp/images.auctions.yahoo.co.jp/image/dr000/auc0103/user/ef6eec075e88261a0268447f6fc86628ad0e59ebbbf3da3000e4384274eea6cf/i-img1080x1080-17430331772809dqc8ao35.jpg",55
2acca012-22e6-4815-8d0c-cd89fa50a3bf,"JOP 矯正臨床ｼﾞｬｰﾅﾙ 2025年3月号","ﾄｳｷｮｳﾘﾝｼｮｳｼｭｯﾊﾟ","https://auctions.c.yimg.jp/images.auctions.yahoo.co.jp/image/dr000/auc0103/user/ef6eec075e88261a0268447f6fc86628ad0e59ebbbf3da3000e4384274eea6cf/i-img1080x1080-17430331772809dqc8ao35.jpg",55
69024162-8962-4131-bc4a-c6e59c1eec77,"JOP 矯正臨床ｼﾞｬｰﾅﾙ 2025年4月号","ﾄｳｷｮｳﾘﾝｼｮｳｼｭｯﾊﾟ","https://static.mercdn.net/item/detail/orig/photos/m11496249146_1.jpg?1750896034",55
e29b5a79-e2ff-4152-94f7-3981ea3a2efb,"JOP 矯正臨床ｼﾞｬｰﾅﾙ 2025年4月号","ﾄｳｷｮｳﾘﾝｼｮｳｼｭｯﾊﾟ","https://static.mercdn.net/item/detail/orig/photos/m11496249146_1.jpg?1750896034",55
580313df-e901-43a4-8f41-96cab66908f4,"JOP 矯正臨床ｼﾞｬｰﾅﾙ 2025年5月号","ﾄｳｷｮｳﾘﾝｼｮｳｼｭｯﾊﾟ","https://static.mercdn.net/item/detail/orig/photos/m11496249146_1.jpg?1750896034",55
ecf8ddb2-1a96-4d7e-95cf-64cff14f7a97,"JOP 矯正臨床ｼﾞｬｰﾅﾙ 2025年5月号","ﾄｳｷｮｳﾘﾝｼｮｳｼｭｯﾊﾟ","https://static.mercdn.net/item/detail/orig/photos/m11496249146_1.jpg?1750896034",55
468fe605-3e63-4fd2-a1ac-8dc71845e7b5,"JOP 矯正臨床ｼﾞｬｰﾅﾙ 2025年6月号","ﾄｳｷｮｳﾘﾝｼｮｳｼｭｯﾊﾟ","https://static.mercdn.net/item/detail/orig/photos/m11496249146_1.jpg?1750896034",55
779647b3-b66a-44f5-a88e-d77bc482afb0,"JOP 矯正臨床ｼﾞｬｰﾅﾙ 2025年6月号","ﾄｳｷｮｳﾘﾝｼｮｳｼｭｯﾊﾟ","https://static.mercdn.net/item/detail/orig/photos/m11496249146_1.jpg?1750896034",55
4fe397ab-90ea-4c77-b760-3370faf077cc,"JOP 矯正臨床ｼﾞｬｰﾅﾙ 2025年7月号","ﾄｳｷｮｳﾘﾝｼｮｳｼｭｯﾊﾟ","https://static.mercdn.net/item/detail/orig/photos/m11496249146_1.jpg?1750896034",55
a46e458d-5217-4984-af13-7f082c31f23c,"JOP 矯正臨床ｼﾞｬｰﾅﾙ 2025年8月号","ﾄｳｷｮｳﾘﾝｼｮｳｼｭｯﾊﾟ","https://static.mercdn.net/item/detail/orig/photos/m11496249146_1.jpg?1750896034",55
e8fdfb45-e271-4056-aaa7-d05f2ac79801,"JOP 矯正臨床ｼﾞｬｰﾅﾙ 2025年8月号","ﾄｳｷｮｳﾘﾝｼｮｳｼｭｯﾊﾟ","https://static.mercdn.net/item/detail/orig/photos/m11496249146_1.jpg?1750896034",55
2c273a66-eca2-429e-9e9a-e105fc6197ef,"JOP 矯正臨床ｼﾞｬｰﾅﾙ 2025年9月号","ﾄｳｷｮｳﾘﾝｼｮｳｼｭｯﾊﾟ","https://static.mercdn.net/item/detail/orig/photos/m11496249146_1.jpg?1750896034",55
a66a93f4-76db-4fa8-8887-aaea13d13acf,"JOP 矯正臨床ｼﾞｬｰﾅﾙ 2025年9月号","ﾄｳｷｮｳﾘﾝｼｮｳｼｭｯﾊﾟ","https://static.mercdn.net/item/detail/orig/photos/m11496249146_1.jpg?1750896034",55
44d4474d-9065-48e9-bb22-1d2fae5afc77,"ｵｸﾙｰｻﾞﾙﾚｼﾞｽﾄﾚｰｼｮﾝｽﾄﾘｯﾌﾟｽ　615-001","ﾄｳｻﾝ","https://premiumplus.jp/wp/wp-content/uploads/2024/11/dpw0302_dpw0311_01-1.jpg",55
9e58231c-a13b-4754-bf36-8890db05b307,"ｵｸﾙｰｻﾞﾙﾚｼﾞｽﾄﾚｰｼｮﾝｽﾄﾘｯﾌﾟｽ　615-001","ﾄｳｻﾝ","https://fordynet.fordy.jp/storage/books/20221130135101.jpg",50
0ab78dd4-04f3-4707-bff3-0505a9173af2,"ﾎﾞﾅｰｸ ﾃﾞｨｽｸ 10枚入","ﾄｳﾖｳﾎﾞｳ","https://fordynet.fordy.jp/storage/products/20220616100430_1.jpg",55
30afa5ed-2d83-4333-9d99-bd769caeb1aa,"ﾎﾞﾅｰｸ ﾃﾞｨｽｸ 10枚入","ﾄｳﾖｳﾎﾞｳ","https://fordynet.fordy.jp/storage/products/20220616100430_1.jpg",55
ef861d80-11e9-4bc9-920c-1588d8bc3334,"ﾎﾞﾅｰｸ ﾛｯﾄﾞ 1個","ﾄｳﾖｳﾎﾞｳ","https://fordynet.fordy.jp/storage/products/20220616100430_2.jpg",55
16c64f62-7389-400a-b284-2114760dbe24,"ﾎﾞﾅｰｸ ﾛｯﾄﾞ 1個","ﾄｳﾖｳﾎﾞｳ","https://fordynet.fordy.jp/storage/products/20220616100430_2.jpg",55
4156f204-7fb7-4084-8000-74e0c72d5b83,"ﾄｸｿｰ AP-1ｾｯﾄ ﾉｰﾏﾙﾀｲﾌﾟ","ﾄｸｿｰ","https://d1wdpa3etmuwz6.cloudfront.net/media/catalog/product/cache/1/image/9df78eab33525d08d6e5fb8d27136e95/2/0/206393807001_01.png",55
2dbe9265-fdbb-49ca-8a39-75b78defc20e,"ﾄｸｿｰ AP-1ｾｯﾄ ﾉｰﾏﾙﾀｲﾌﾟ","ﾄｸｿｰ","https://d1wdpa3etmuwz6.cloudfront.net/media/catalog/product/cache/1/image/9df78eab33525d08d6e5fb8d27136e95/2/0/206393807001_01.png",55
6436a09b-6c2c-495c-b514-1b4353e50634,"ﾄｸｿｰ AP-1単品 基材","ﾄｸｿｰ","https://www.tokuyama-dental.co.jp/products/items/bd12929e314ada79ea15f9655d238bde.png",100
f58b9687-580d-4c14-bd87-820e0132e3e1,"ﾄｸｿｰ AP-1単品 基材","ﾄｸｿｰ","https://www.tokuyama-dental.co.jp/products/items/bd12929e314ada79ea15f9655d238bde.png",100
dbc5d9fa-173c-4da5-8e34-c166d524130d,"ﾄｸｿｰ AP-1単品 硬化材 ﾉｰﾏﾙﾀｲﾌﾟ","ﾄｸｿｰ","https://www.tokuyama-dental.co.jp/products/items/bd12929e314ada79ea15f9655d238bde.png",100
25e4b0a0-2fa7-4c1f-8971-d7b7b1c6db7e,"ﾄｸｿｰ AP-1単品 硬化材 ﾉｰﾏﾙﾀｲﾌﾟ","ﾄｸｿｰ","https://www.tokuyama-dental.co.jp/products/items/bd12929e314ada79ea15f9655d238bde.png",100
01f3b245-f1ff-4171-a89e-f854ca5a717c,"ﾗﾊﾞｰｶｯﾌﾟ NO.3 2個","ﾄｸｿｰ","https://www.tokuyama-dental.co.jp/products/items/0340002300_photo.jpg",88
c17be77a-8550-435b-958a-997b14abbc88,"ﾗﾊﾞｰｶｯﾌﾟ NO.3 2個","ﾄｸｿｰ","https://www.tokuyama-dental.co.jp/products/items/0340002300_photo.jpg",88
b8a1208c-07da-4e13-95d5-324676832fea,"ｴｽﾃﾗｲﾄｶﾗｰ ﾀﾞｰｸﾌﾞﾗｳﾝ 0.5mL(0.9g)","ﾄｸﾔﾏﾃﾞﾝﾀﾙ","https://tokuyama-dental.co.jp/products/items/f89a342c25613a88650ff1a38fa0a6e1.jpg",91
112f8f23-377f-4c26-87b8-2019f0bb6cc6,"ｴｽﾃﾗｲﾄﾌﾛｰｸｲｯｸﾊｲﾌﾛｰA1 3.6g(2ML)","ﾄｸﾔﾏﾃﾞﾝﾀﾙ","https://www.tokuyama-dental.co.jp/products/items/905d2cd719599df826dfaf32a557e353.jpg",93
f275b821-4b1d-4eef-9987-53bb69acbdd1,"ｴｽﾃﾗｲﾄﾌﾛｰｸｲｯｸﾊｲﾌﾛｰA1 3.6g(2ML)","ﾄｸﾔﾏﾃﾞﾝﾀﾙ","https://www.tokuyama-dental.co.jp/products/items/905d2cd719599df826dfaf32a557e353.jpg",93
5d9b74bb-cbee-4b2d-a1d6-85604925adf7,"ｴｽﾃﾗｲﾄﾌﾛｰｸｲｯｸﾊｲﾌﾛｰA2 3.6g(2ML)","ﾄｸﾔﾏﾃﾞﾝﾀﾙ","https://www.tokuyama-dental.co.jp/products/items/fc2d5493c4656c776707a8b0d3562b1c.jpg",90
cfdaeab9-de48-4ea9-9235-a8f2163f0c75,"ｴｽﾃﾗｲﾄﾌﾛｰｸｲｯｸﾊｲﾌﾛｰA2 3.6g(2ML)","ﾄｸﾔﾏﾃﾞﾝﾀﾙ","https://www.tokuyama-dental.co.jp/products/items/baa093996b8635c556bcc66fe221135e.jpg",105
957ee62c-63c7-4b3a-9abd-b3dcd75307e0,"ｿﾌﾘﾗｲﾅｰ ﾐﾃﾞｨｱﾑｿﾌﾄ ｾｯﾄ","ﾄｸﾔﾏﾃﾞﾝﾀﾙ","https://tokuyama-dental.co.jp/products/items/ed557537fbbf8054c5efbd88da0b65bc.jpg",89
a4316dc7-262d-49aa-a07c-5b2b5a8dbd9d,"ｿﾌﾘﾗｲﾅｰ ﾐﾃﾞｨｱﾑｿﾌﾄ ｾｯﾄ","ﾄｸﾔﾏﾃﾞﾝﾀﾙ","https://tokuyama-dental.co.jp/products/items/ed557537fbbf8054c5efbd88da0b65bc.jpg",89
f146deeb-dc16-464d-b030-b303813e2ac3,"ﾃﾞﾝﾄｼﾞｱ 印象体除菌ｽﾌﾟﾚｰ","ﾄｸﾔﾏﾃﾞﾝﾀﾙ","https://www.tokuyama-dental.co.jp/products/items/dentziaspray2.jpg",91
a1bf2cdf-ee3d-4e48-a040-9551da240df7,"ﾃﾞﾝﾄｼﾞｱ 印象体除菌ｽﾌﾟﾚｰ","ﾄｸﾔﾏﾃﾞﾝﾀﾙ","https://www.tokuyama-dental.co.jp/products/items/dentziaspray2.jpg",91
65a1cb20-182e-408c-880d-40fa7b4714ab,"ﾄｸｿｰ ﾚｼﾞﾝ硬化促進材Ⅱ 48g","ﾄｸﾔﾏﾃﾞﾝﾀﾙ","https://tokuyama-dental.co.jp/products/items/30896cb4cf083330c092b60010696b67.jpg",102
27332a08-1098-4047-952b-a520383edb00,"ﾄｸｿｰ ﾚｼﾞﾝ硬化促進材Ⅱ 48g","ﾄｸﾔﾏﾃﾞﾝﾀﾙ","https://www.tokuyama-dental.co.jp/products/items/14775894aa049c83d7bc9ed8a889f34f.jpg",105
d9655b09-3c0b-4bbc-9ec3-dabe118bfbf5,"ﾄｸｿｰ即重ﾚｼﾞﾝｸﾘｰﾅｰ100ml","ﾄｸﾔﾏﾃﾞﾝﾀﾙ","https://www.tokuyama-dental.co.jp/products/items/curegrace_al.jpg",102
bd0135b6-b8b1-4a52-a103-47b841ad4e71,"ﾄｸｿｰ即重ﾚｼﾞﾝｸﾘｰﾅｰ100ml","ﾄｸﾔﾏﾃﾞﾝﾀﾙ","https://www.tokuyama-dental.co.jp/products/items/e3c412ce0e3fc0c9c6a510b75f309221.jpg",105
a670025b-f085-404e-8125-9affa0c55d98,"ﾄｸﾔﾏ APﾐｷｻｰⅢ ｾｯﾄ","ﾄｸﾔﾏﾃﾞﾝﾀﾙ","https://www.tokuyama-dental.co.jp/products/items/8375ca2d9219c448d9674b4bd27ec119.jpg",105
50c10812-0cb5-4ee8-aa0a-44d0f6d4a769,"ﾄｸﾔﾏ APﾐｷｻｰⅢ ｾｯﾄ","ﾄｸﾔﾏﾃﾞﾝﾀﾙ","https://www.tokuyama-dental.co.jp/products/items/8375ca2d9219c448d9674b4bd27ec119.jpg",105
c738b6c7-30ed-44b3-8398-13778df4d136,"ﾄｸﾔﾏ APﾐｷｻｰⅢ 外筒 5本","ﾄｸﾔﾏﾃﾞﾝﾀﾙ","https://www.tokuyama-dental.co.jp/products/items/8375ca2d9219c448d9674b4bd27ec119.jpg",105
dba175e1-f4fa-4e14-9150-57db4e58dbb5,"ﾄｸﾔﾏ APﾐｷｻｰⅢ 外筒 5本","ﾄｸﾔﾏﾃﾞﾝﾀﾙ","https://www.tokuyama-dental.co.jp/products/items/8375ca2d9219c448d9674b4bd27ec119.jpg",105
cd93588c-186a-454f-88dd-0dd9d116177b,"ﾄｸﾔﾏ APﾐｷｻｰⅢ 攪拌子 5本","ﾄｸﾔﾏﾃﾞﾝﾀﾙ","https://www.tokuyama-dental.co.jp/products/items/8375ca2d9219c448d9674b4bd27ec119.jpg",105
ccf8bc9b-3072-4763-9c0e-5df007270a15,"ﾄｸﾔﾏ APﾐｷｻｰⅢ 攪拌子 5本","ﾄｸﾔﾏﾃﾞﾝﾀﾙ","https://www.tokuyama-dental.co.jp/products/items/8375ca2d9219c448d9674b4bd27ec119.jpg",105
83e65dfd-d784-4eae-beef-008ae1f8b68d,"ﾄｸﾔﾏ ｲｵﾉﾀｲﾄF 1-1ｾｯﾄ","ﾄｸﾔﾏﾃﾞﾝﾀﾙ","https://www.tokuyama-dental.co.jp/products/items/0220000700_photo.jpg",69
1dabfd98-b9c0-43ff-9731-afa76f4632ad,"ﾄｸﾔﾏ ﾃﾞｨｽﾎﾟｰｻﾞﾌﾞﾙﾌﾞﾗｼ ﾊﾝﾄﾞﾙ 単品","ﾄｸﾔﾏﾃﾞﾝﾀﾙ","https://www.tokuyama-dental.co.jp/products/items/f8fc11a7776c9cde5c24bbc92965cfbb.jpg",103
23e8a0c1-8604-46d4-9231-b81a25c90290,"ﾄｸﾔﾏ ﾃﾞｨｽﾎﾟｰｻﾞﾌﾞﾙﾌﾞﾗｼ ﾊﾝﾄﾞﾙ 単品","ﾄｸﾔﾏﾃﾞﾝﾀﾙ","https://www.tokuyama-dental.co.jp/products/items/f8fc11a7776c9cde5c24bbc92965cfbb.jpg",103
dbba9180-6b7a-4026-91d1-a7a13463f251,"ﾄｸﾔﾏ 筆積み用ﾃﾞｨｽﾎﾟ筆(S)単品","ﾄｸﾔﾏﾃﾞﾝﾀﾙ","https://www.tokuyama-dental.co.jp/products/items/f8fc11a7776c9cde5c24bbc92965cfbb.jpg",103
ee6cbd73-897c-4225-81d3-31b375297957,"ﾄｸﾔﾏ 筆積み用ﾃﾞｨｽﾎﾟ筆(S)単品","ﾄｸﾔﾏﾃﾞﾝﾀﾙ","https://www.tokuyama-dental.co.jp/products/items/f8fc11a7776c9cde5c24bbc92965cfbb.jpg",103
bdff0d12-1572-4f6c-92f8-506bc4c1d0e7,"ﾄｸﾔﾏAPﾄﾚｰｸﾘｰﾅｰ 2000ML","ﾄｸﾔﾏﾃﾞﾝﾀﾙ","https://www.tokuyama-dental.co.jp/products/items/fe071f51dd981f6f77cdd06ebce6c19c.jpg",105
6324b0ea-6fba-4dfe-85b3-5395493649ba,"ﾄｸﾔﾏAPﾄﾚｰｸﾘｰﾅｰ 2000ML","ﾄｸﾔﾏﾃﾞﾝﾀﾙ","https://www.tokuyama-dental.co.jp/products/items/fe071f51dd981f6f77cdd06ebce6c19c.jpg",105
cde300a6-c91c-4046-b031-605a85613acb,"ﾄｸﾔﾏﾘﾍﾞｰｽ 接着材 15mL","ﾄｸﾔﾏﾃﾞﾝﾀﾙ","https://www.tokuyama-dental.co.jp/products/items/rebase2-1.jpg",100
e2048d61-f817-4949-b7ad-c6880998588f,"ﾄｸﾔﾏﾘﾍﾞｰｽ 接着材 15mL","ﾄｸﾔﾏﾃﾞﾝﾀﾙ","https://www.tokuyama-dental.co.jp/products/items/rebase2-1.jpg",100
9c44b9cd-6f70-49d7-9557-ed63dc089c4a,"ﾄｸﾔﾏ筆積み用ﾃﾞｨｽﾎﾟ筆(N)ﾌﾞﾗｳﾝ50個","ﾄｸﾔﾏﾃﾞﾝﾀﾙ","https://www.tokuyama-dental.co.jp/products/items/630318b1a2228f624825ef55ff3c3889.jpg",105
afd8b259-31a6-490f-88d4-17e2319fb635,"ﾄｸﾔﾏ筆積み用ﾃﾞｨｽﾎﾟ筆(N)ﾌﾞﾗｳﾝ50個","ﾄｸﾔﾏﾃﾞﾝﾀﾙ","https://www.tokuyama-dental.co.jp/products/items/630318b1a2228f624825ef55ff3c3889.jpg",105
643cb868-a6d8-4b49-be0b-7bfae9fa3f64,"ﾘﾍﾞｰｽⅢ ﾉｰﾏﾙ ｾｯﾄ ﾋﾟﾝｸ","ﾄｸﾔﾏﾃﾞﾝﾀﾙ","https://d15ihgh2blymmz.cloudfront.net/uploads/item_image/4548190206056/4548190206056_1.jpg",55
e2a3f753-b8c2-4128-b193-a5821a52e228,"ﾘﾍﾞｰｽⅢ ﾉｰﾏﾙ ｾｯﾄ ﾋﾟﾝｸ","ﾄｸﾔﾏﾃﾞﾝﾀﾙ","https://d15ihgh2blymmz.cloudfront.net/uploads/item_image/4548190206025/4548190206025_1.jpg",55
42171e49-dc71-430d-bd51-390979e59028,"ﾘﾍﾞｰｽⅢ ﾉｰﾏﾙ ｾｯﾄ ﾗｲﾌﾞﾋﾟﾝｸ","ﾄｸﾔﾏﾃﾞﾝﾀﾙ","https://d15ihgh2blymmz.cloudfront.net/uploads/item_image/4548190206025/4548190206025_1.jpg",55
34a7c373-5ca2-4c27-867b-3723b90fe4cd,"ﾘﾍﾞｰｽⅢ ﾌｧｰｽﾄ 粉末 ﾗｲﾌﾞﾋﾟﾝｸ 80g","ﾄｸﾔﾏﾃﾞﾝﾀﾙ","https://www.tokuyama-dental.co.jp/products/items/0310000700_photo.jpg",88
786e39d9-4601-4c47-aa92-4d19339576e0,"ﾘﾍﾞｰｽⅢ ﾌｧｰｽﾄ 粉末 ﾗｲﾌﾞﾋﾟﾝｸ 80g","ﾄｸﾔﾏﾃﾞﾝﾀﾙ","https://www.tokuyama-dental.co.jp/products/items/0310000700_photo.jpg",88
afad0b4a-84ac-477e-9389-5226246457c1,"ﾘﾍﾞｰｽⅢ 液 50mL","ﾄｸﾔﾏﾃﾞﾝﾀﾙ","https://www.tokuyama-dental.co.jp/products/items/0310000800_photo.jpg",88
c5f4b143-935c-4f0c-b47c-b79bce25bd2d,"ﾘﾍﾞｰｽⅢ 液 50mL","ﾄｸﾔﾏﾃﾞﾝﾀﾙ","https://maiplemedical.com/cdn/shop/products/10110937_57fc343a66511_580x.jpg?v=1605260583",55
30aba780-6da9-471b-98be-dacb28653320,"5500-34 SSﾜｲﾔｰ Str. 016X022","ﾄﾐｰINT","https://images.tokopedia.net/img/cache/500-square/VqbcmM/2023/8/1/72f471b7-dabe-4055-8ef7-d29a12a10340.jpg",55
52d12b2d-e0b5-48f4-8be1-cdc947a0b4e3,"5500-34 SSﾜｲﾔｰ Str. 016X022","ﾄﾐｰINT","https://images.tokopedia.net/img/cache/500-square/VqbcmM/2023/8/1/72f471b7-dabe-4055-8ef7-d29a12a10340.jpg",55
f436722a-3c57-4b6f-ba66-96f934378293,"5500-37 SSﾜｲﾔｰ Str. 019X025","ﾄﾐｰINT","https://images.tokopedia.net/img/cache/500-square/VqbcmM/2022/7/6/bc40e7f4-bee7-478c-b1ee-821e45bb9e20.jpg",55
a37412b0-da7c-4f08-aa65-72d80f6d9702,"5500-37 SSﾜｲﾔｰ Str. 019X025","ﾄﾐｰINT","https://images.tokopedia.net/img/cache/500-square/VqbcmM/2022/7/6/bc40e7f4-bee7-478c-b1ee-821e45bb9e20.jpg",55
0237068d-7203-45bb-bc59-6f86fa758b4e,"601-49 ﾌﾟﾗｽﾁｯｸ ﾘﾝｶﾞﾙﾎﾞﾀﾝ","ﾄﾐｰINT","https://cdndental.feed.jp/contents/common/img/goods/item/1151668/1151668_L.jpg",45
8c55ee51-898c-48dc-b929-9833c3b6751d,"645-25 ｵｰｽﾚｯﾄﾞ","ﾄﾐｰINT","https://auctions.c.yimg.jp/images.auctions.yahoo.co.jp/image/dr000/auc0411/users/0c0d8bd745286cc773234c6523684fffdb645cab/i-img1200x1200-1700623049c3typs465288.jpg",55
9e5e2e86-03b6-4d61-b4aa-5b989ef06c1a,"645-25 ｵｰｽﾚｯﾄﾞ","ﾄﾐｰINT","https://auctions.c.yimg.jp/images.auctions.yahoo.co.jp/image/dr000/auc0411/users/0c0d8bd745286cc773234c6523684fffdb645cab/i-img1200x1200-1700623049c3typs465288.jpg",55
44919ebb-53a0-4e72-a536-145d12d48bf6,"650-40 ｴﾗｽﾃｨｯｸﾎﾙﾀﾞｰ 100個/PK(5種×20個)","ﾄﾐｰINT","https://static.mercdn.net/item/detail/orig/photos/m98986500346_1.jpg?1750852674",55
ebed0fcc-ee82-4b0f-ae02-62e537ad22e0,"650-40 ｴﾗｽﾃｨｯｸﾎﾙﾀﾞｰ 100個/PK(5種×20個)","ﾄﾐｰINT","https://static.mercdn.net/item/detail/orig/photos/m98986500346_1.jpg?1750852674",55
c9b1192a-ec9a-4dc6-a64d-e6614e3349bf,"705-00 ﾌﾞﾗｹｯﾄ ｺﾝﾃﾅ-","ﾄﾐｰINT","https://auctions.c.yimg.jp/images.auctions.yahoo.co.jp/image/dr000/auc0311/users/c7bc29de03569b61be9960e313569f003befd830/i-img1200x1200-1669519297raqyq4273338.jpg",55
1fbd4a5f-73cb-4b73-ae6b-6c5f5d799201,"705-00 ﾌﾞﾗｹｯﾄ ｺﾝﾃﾅ-","ﾄﾐｰINT","https://auctions.c.yimg.jp/images.auctions.yahoo.co.jp/image/dr000/auc0311/users/c7bc29de03569b61be9960e313569f003befd830/i-img1200x1200-1669519297raqyq4273338.jpg",55
d7f1453f-3374-4f0b-ba6b-0201b0501d40,"801-2017ﾈｵﾀｰﾐﾅﾙﾍﾞﾝﾄﾞｱﾄﾞﾊﾞﾝｽUL/LR","ﾄﾐｰINT","https://auctions.c.yimg.jp/images.auctions.yahoo.co.jp/image/dr000/auc0105/user/92fc7284e394472d6deb6bd2ce9ead76dbfd8864e8448058bf2b3afd63f8e3ab/i-img1200x1200-17468020191989ubtkcu33.jpg",55
7186800c-32e9-4613-883b-08500aa6b6b4,"801-2017ﾈｵﾀｰﾐﾅﾙﾍﾞﾝﾄﾞｱﾄﾞﾊﾞﾝｽUL/LR","ﾄﾐｰINT","https://auctions.c.yimg.jp/images.auctions.yahoo.co.jp/image/dr000/auc0105/user/92fc7284e394472d6deb6bd2ce9ead76dbfd8864e8448058bf2b3afd63f8e3ab/i-img1200x1200-17468020191989ubtkcu33.jpg",55
5e205e55-afa9-4364-b6e7-1f0f8ab3f5c1,"801-2018ﾈｵﾀｰﾐﾅﾙﾍﾞﾝﾄﾞｱﾄﾞﾊﾞﾝｽUR/LL","ﾄﾐｰINT","https://auctions.c.yimg.jp/images.auctions.yahoo.co.jp/image/dr000/auc0105/user/92fc7284e394472d6deb6bd2ce9ead76dbfd8864e8448058bf2b3afd63f8e3ab/i-img1200x1200-17468020191989ubtkcu33.jpg",55
d16f0284-1923-4306-8f9d-43245dc168cf,"801-2018ﾈｵﾀｰﾐﾅﾙﾍﾞﾝﾄﾞｱﾄﾞﾊﾞﾝｽUR/LL","ﾄﾐｰINT","https://auctions.c.yimg.jp/images.auctions.yahoo.co.jp/image/dr000/auc0105/user/92fc7284e394472d6deb6bd2ce9ead76dbfd8864e8448058bf2b3afd63f8e3ab/i-img1200x1200-17468020191989ubtkcu33.jpg",55
3eff6394-13ff-4a88-97a0-161ce0e4cf3f,"802-1008 ﾜﾝﾀﾞｰﾘﾑｰﾊﾞｰ","ﾄﾐｰINT","https://shop.r10s.jp/xover-int/cabinet/main_swallow/etc/tempo-cleaner-365.jpg",55
7026b7a5-2b68-44ee-95e6-a142f5873d96,"802-1008 ﾜﾝﾀﾞｰﾘﾑｰﾊﾞｰ","ﾄﾐｰINT","https://shop.r10s.jp/xover-int/cabinet/main_swallow/etc/tempo-cleaner-365.jpg",55
1f8248aa-bfd8-494e-bd3b-491994227e61,"802-1009 ｷｬｯﾌﾟﾘﾑｰﾋﾞﾝｸﾞﾌﾟﾗｲﾔｰ","ﾄﾐｰINT","https://auctions.c.yimg.jp/images.auctions.yahoo.co.jp/image/dr000/auc0104/user/806d67294e4682d1fa013f7c59a8ee2a8c6a3bdf703bde107191b3c324f8e3a1/i-img1200x1200-17434926818405u1mo3i107446.jpg",55
f146edfd-30a8-4403-90fa-7b22f8bd7315,"802-1009 ｷｬｯﾌﾟﾘﾑｰﾋﾞﾝｸﾞﾌﾟﾗｲﾔｰ","ﾄﾐｰINT","https://auctions.c.yimg.jp/images.auctions.yahoo.co.jp/image/dr000/auc0104/user/806d67294e4682d1fa013f7c59a8ee2a8c6a3bdf703bde107191b3c324f8e3a1/i-img1200x1200-17434926818405u1mo3i107446.jpg",55
8ca407d9-c570-4cf7-a432-53d69048775e,"802-1009BL ｷｬｯﾌﾟﾘﾑｰﾋﾞﾝｸﾞﾌﾟﾗｲﾔｰ替刃5入","ﾄﾐｰINT","https://auctions.c.yimg.jp/images.auctions.yahoo.co.jp/image/dr000/auc0104/user/806d67294e4682d1fa013f7c59a8ee2a8c6a3bdf703bde107191b3c324f8e3a1/i-img1200x1200-17434926818405u1mo3i107446.jpg",55
8fcbfeaf-a732-4a6a-a159-ec947eb3ac20,"802-1009BL ｷｬｯﾌﾟﾘﾑｰﾋﾞﾝｸﾞﾌﾟﾗｲﾔｰ替刃5入","ﾄﾐｰINT","https://auctions.c.yimg.jp/images.auctions.yahoo.co.jp/image/dr000/auc0104/user/806d67294e4682d1fa013f7c59a8ee2a8c6a3bdf703bde107191b3c324f8e3a1/i-img1200x1200-17434926818405u1mo3i107446.jpg",55
5bb4fb4a-1214-4f4f-9af6-8449dd141981,"814-1053 BOONEﾎﾟｼﾞｼｮﾆﾝｸﾞｹﾞｰｼﾞ","ﾄﾐｰINT","https://auctions.c.yimg.jp/images.auctions.yahoo.co.jp/image/dr000/auc0505/users/819714e8fc2b0cd9236a30d01b64a018f248e457/i-img768x768-1714712019wked3w394179.jpg",55
d8cbc2f5-06d3-4eaf-8f1f-4d4b30653282,"814-1053 BOONEﾎﾟｼﾞｼｮﾆﾝｸﾞｹﾞｰｼﾞ","ﾄﾐｰINT","https://auctions.c.yimg.jp/images.auctions.yahoo.co.jp/image/dr000/auc0505/users/819714e8fc2b0cd9236a30d01b64a018f248e457/i-img768x768-1714712019wked3w394179.jpg",55
20b6262c-b704-4f3c-b75f-e6dcc5f99601,"AY3742 ﾁｭﾆｯｸ  L ﾈｲﾋﾞｰ+ﾍﾞｰｼﾞｭ","ﾅｶﾞｲ","https://shopping.c.yimg.jp/lib/uniform-bt/m-nagai-ay3742-lx3642_m-nagai-ay3742-lx3642-ay3742-128-od-s1_main.jpg?size=n",55
9116a8e0-88d2-4aed-bc10-0118cee553ca,"AY3742 ﾁｭﾆｯｸ  M ﾈｲﾋﾞｰ+ﾍﾞｰｼﾞｭ","ﾅｶﾞｲ","https://shopping.c.yimg.jp/lib/uniform-bt/m-nagai-ay3742-lx3642_m-nagai-ay3742-lx3642-ay3742-128-od-s1_main.jpg?size=n",55
13baf9cf-6994-4a0c-b201-59020a41495b,"AY3742 ﾁｭﾆｯｸ  M ﾈｲﾋﾞｰ+ﾍﾞｰｼﾞｭ","ﾅｶﾞｲ","https://shopping.c.yimg.jp/lib/uniform-bt/m-nagai-ay3742-lx3642_m-nagai-ay3742-lx3642-ay3742-128-od-s1_main.jpg?size=n",55
1bcbe96f-1a2a-4da0-b535-8c8f8c9f6091,"AY3792 ﾁｭﾆｯｸ  L ﾈｲﾋﾞｰ+ﾍﾞｰｼﾞｭ","ﾅｶﾞｲ","https://image1.shopserve.jp/hakuinet.jp/pic-labo/llimg/ay3792.jpg?t=20240229002340",55
fa2b2848-cfd0-4626-9047-fb2502cdfe99,"AY3792 ﾁｭﾆｯｸ  L ﾈｲﾋﾞｰ+ﾍﾞｰｼﾞｭ","ﾅｶﾞｲ","https://shopping.c.yimg.jp/lib/uniform-bt/m-nagai-ay3792-lx3692_m-nagai-ay3792-lx3692-ay3792-128-od-s1_main.jpg",55
9a740af8-0a27-4df1-8064-2a2abf1c8211,"AY3792 ﾁｭﾆｯｸ  S ﾈｲﾋﾞｰ+ﾍﾞｰｼﾞｭ","ﾅｶﾞｲ","https://shopping.c.yimg.jp/lib/uniform-bt/m-nagai-ay3792-lx3692_m-nagai-ay3792-lx3692-ay3792-128-od-s1_main.jpg",55
f363f8f8-6dfb-4c3c-bd93-f7f047af9666,"AY3792 ﾁｭﾆｯｸ  S ﾈｲﾋﾞｰ+ﾍﾞｰｼﾞｭ","ﾅｶﾞｲ","https://shopping.c.yimg.jp/lib/uniform-bt/m-nagai-ay3792-lx3692_m-nagai-ay3792-lx3692-ay3792-128-od-s1_main.jpg",55
0ee697fd-67f1-435d-af8e-baba5be22fa4,"LH-6202 ﾁｭﾆｯｸ ｵﾌﾎﾜｲﾄ M","ﾅｶﾞｲ","https://askul.c.yimg.jp/img/product/3L1/1577779_3L1.jpg",55
27f4836e-e754-44d8-8af9-4a4206cd8c34,"LH-6202 ﾁｭﾆｯｸ ｵﾌﾎﾜｲﾄ M","ﾅｶﾞｲ","https://askul.c.yimg.jp/img/product/3L1/1577779_3L1.jpg",55
1e580287-6359-4a88-8a5f-fa1add8e74d1,"LH-6202 ﾁｭﾆｯｸ ｵﾌﾎﾜｲﾄ S","ﾅｶﾞｲ","https://d15ihgh2blymmz.cloudfront.net/uploads/item_image/4545516110707/4545516110707_1.jpg",55
627c2ac1-0702-4439-be41-5addf5434106,"LH-6202 ﾁｭﾆｯｸ ｵﾌﾎﾜｲﾄ S","ﾅｶﾞｲ","https://d15ihgh2blymmz.cloudfront.net/uploads/item_image/4545516110707/4545516110707_1.jpg",55
6037435e-9aca-4821-83ee-99b7581a3b06,"LH-6202 ﾁｭﾆｯｸ ﾁｬｺｰﾙ M","ﾅｶﾞｲ","https://image.rakuten.co.jp/kodawari-kobo/cabinet/shouhin/nagai/lh6202_c1.jpg",55
2e313d9b-67e2-4975-a2df-ff7f1c9b6da0,"LH-6202 ﾁｭﾆｯｸ ﾁｬｺｰﾙ M","ﾅｶﾞｲ","https://image.rakuten.co.jp/kodawari-kobo/cabinet/shouhin/nagai/lh6202_c1.jpg",55
a05fec13-4140-4a46-9f50-af8483fa4e73,"LH-6202 ﾁｭﾆｯｸ ﾁｬｺｰﾙ S","ﾅｶﾞｲ","https://image.rakuten.co.jp/kodawari-kobo/cabinet/shouhin/nagai/lh6202_c1.jpg",55
da3c46f8-c7d6-4519-91d8-a8d96af0d1ec,"LH-6202 ﾁｭﾆｯｸ ﾁｬｺｰﾙ S","ﾅｶﾞｲ","https://image.rakuten.co.jp/kodawari-kobo/cabinet/shouhin/nagai/lh6202_c1.jpg",55
929380ae-9447-49a9-9b62-ab6b00b38259,"LH-6203 女子ﾊﾟﾝﾂ L ﾈｲﾋﾞｰ","ﾅｶﾞｲ","https://shop.r10s.jp/matsuyoshi-web/cabinet/nagai/6203lh-14-o.jpg",51
32b6a352-0374-4262-8b10-704d7ee5b971,"LH-6203 女子ﾊﾟﾝﾂ L ﾈｲﾋﾞｰ","ﾅｶﾞｲ","https://makeshop-multi-images.akamaized.net/uniform1404/shopimages/3_000000000101.jpg?1678209903",55
b48b77bc-c026-4413-83a6-c1d0ab3cbf09,"LH-6203 女子ﾊﾟﾝﾂ L ﾍﾞｰｼﾞｭ","ﾅｶﾞｲ","https://cdn.askul.co.jp/img/product/3L1/2243803_3L1.jpg",55
db9e40df-eef1-4a9b-bc52-c7c01f01ca86,"LH-6203 女子ﾊﾟﾝﾂ L ﾍﾞｰｼﾞｭ","ﾅｶﾞｲ","https://cdn.askul.co.jp/img/product/3L1/2243803_3L1.jpg",55
dc074d74-45c1-472c-87b3-73d30e63784c,"LH-6203 女子ﾊﾟﾝﾂ M ﾈｲﾋﾞｰ","ﾅｶﾞｲ","https://shop.r10s.jp/matsuyoshi-web/cabinet/nagai/6203lh-14-o.jpg",51
e40c8c07-c56b-45c3-8835-d3661a69bfaf,"LH-6203 女子ﾊﾟﾝﾂ M ﾈｲﾋﾞｰ","ﾅｶﾞｲ","https://shop.r10s.jp/matsuyoshi-web/cabinet/nagai/6203lh-14-o.jpg",51
51a6464d-ddf8-4c66-984c-e0e5e82f82ff,"LH-6203 女子ﾊﾟﾝﾂ S ﾈｲﾋﾞｰ","ﾅｶﾞｲ","https://shop.r10s.jp/matsuyoshi-web/cabinet/nagai/6203lh-14-o.jpg",51
be465f56-9f6e-4793-b079-9d2cca5fd4f4,"LH-6203 女子ﾊﾟﾝﾂ S ﾈｲﾋﾞｰ","ﾅｶﾞｲ","https://shop.r10s.jp/matsuyoshi-web/cabinet/nagai/6203lh-14-o.jpg",51
3b322b21-cad1-4778-8c0e-a8a2e170f70c,"LH-6203女子ﾊﾟﾝﾂ LL ﾈｲﾋﾞｰ","ﾅｶﾞｲ","https://www.hakui-uni.com/eshopdo/refer/img2/1/add_1_1433399425.jpg",48
83b76d64-764e-48a6-bfb2-83cc0764a35e,"LH-6203女子ﾊﾟﾝﾂ LL ﾈｲﾋﾞｰ","ﾅｶﾞｲ","https://makeshop-multi-images.akamaized.net/uniform1404/shopimages/3_000000000101.jpg?1678209903",55
d42bf81c-916c-46bb-9e56-9f1ed9d4d836,"LH-6272 ﾁｭﾆｯｸ ﾈｲﾋﾞｰ L","ﾅｶﾞｲ","https://m.media-amazon.com/images/I/81u1GpqvPXL._SL1500_.jpg",72
9f0475a8-2e8f-4358-8b65-28acdfe4f3ce,"LH-6272 ﾁｭﾆｯｸ ﾈｲﾋﾞｰ L","ﾅｶﾞｲ","https://m.media-amazon.com/images/I/81u1GpqvPXL._SL1500_.jpg",72
75893a27-9405-4d78-8aab-9d83997d6933,"LH-6272 ﾁｭﾆｯｸ ﾈｲﾋﾞｰ LL","ﾅｶﾞｲ","https://shop.r10s.jp/crospo/cabinet/nagaileben/lh6272-1.jpg",55
a4672031-e53b-428d-8326-e38f37cdf920,"LH-6272 ﾁｭﾆｯｸ ﾈｲﾋﾞｰ LL","ﾅｶﾞｲ","https://shop.r10s.jp/crospo/cabinet/nagaileben/lh6272-1.jpg",55
208de6f1-c120-4fc1-be20-6ee34c5209ce,"LH-6272 ﾁｭﾆｯｸ ﾈｲﾋﾞｰ M","ﾅｶﾞｲ","https://m.media-amazon.com/images/I/81u1GpqvPXL._SL1500_.jpg",72
8edfebeb-7aed-4ca5-91c0-23d3476db9c0,"LH-6272 ﾁｭﾆｯｸ ﾈｲﾋﾞｰ M","ﾅｶﾞｲ","https://m.media-amazon.com/images/I/81u1GpqvPXL._SL1500_.jpg",72
b6cbc386-8a25-47f3-ae5c-c1d58bee4d07,"LH-6272 ﾁｭﾆｯｸ ﾈｲﾋﾞｰ S","ﾅｶﾞｲ","https://shop.r10s.jp/crospo/cabinet/nagaileben/lh6272-1.jpg",55
52dabde8-7af3-4c1b-af89-c0a56eb2e61a,"LH-6272 ﾁｭﾆｯｸ ﾈｲﾋﾞｰ S","ﾅｶﾞｲ","https://m.media-amazon.com/images/I/81u1GpqvPXL._SL1500_.jpg",72
0eefb12b-b2c8-4b82-9c39-ccbf737f8eae,"LH-6272 ﾁｭﾆｯｸ ﾍﾞｰｼﾞｭ L","ﾅｶﾞｲ","https://makeshop-multi-images.akamaized.net/uniform1404/shopimages/2_000000000102.jpg?1678209903",55
9cacbcc0-a4a6-443c-851b-d8853d5fec08,"LH-6272 ﾁｭﾆｯｸ ﾍﾞｰｼﾞｭ L","ﾅｶﾞｲ","https://makeshop-multi-images.akamaized.net/uniform1404/shopimages/2_000000000102.jpg?1678209903",55
dfd15d64-0a8c-45ba-8ec6-0a06c555b788,"LH-6272 ﾁｭﾆｯｸ ﾍﾞｰｼﾞｭ M","ﾅｶﾞｲ","https://makeshop-multi-images.akamaized.net/uniform1404/shopimages/2_000000000102.jpg?1678209903",55
8c0321d2-7a5c-4e48-8a26-e6e175a32023,"LH-6272 ﾁｭﾆｯｸ ﾍﾞｰｼﾞｭ M","ﾅｶﾞｲ","https://makeshop-multi-images.akamaized.net/uniform1404/shopimages/2_000000000102.jpg?1678209903",55
d7e9f11b-755c-42b9-8000-812f9b2ed3e8,"ｶｰﾃﾞｨｶﾞﾝ JT2350 M ﾋﾟﾝｸ","ﾅｶﾞｲ","https://unios.shop/html/upload/save_image/0115142954_65a4c2d21e9e3.jpg",55
7b27a700-fafd-4819-b78f-bc8441f576b3,"ｶｰﾃﾞｨｶﾞﾝ JT2350 M ﾋﾟﾝｸ","ﾅｶﾞｲ","https://unios.shop/html/upload/save_image/0115142954_65a4c2d21e9e3.jpg",55
ef020fdd-bc35-45e4-aaea-1f2fc76a6526,"女子ﾊﾟﾝﾂ LH6203 M ﾍﾞｰｼﾞｭ","ﾅｶﾞｲ","https://shop.r10s.jp/e-wear/cabinet/nagaileben/lh6203-1.jpg",55
46cf55ab-04d9-4733-8636-42e1c900b086,"女子ﾊﾟﾝﾂ LH6203 M ﾍﾞｰｼﾞｭ","ﾅｶﾞｲ","https://shop.r10s.jp/e-wear/cabinet/nagaileben/lh6203-1.jpg",55
8efb8461-0011-4526-845e-430b3979d0d5,"女子ﾊﾟﾝﾂ LH6208 M ﾈｲﾋﾞｰ","ﾅｶﾞｲ","https://item-shopping.c.yimg.jp/i/n/uniform-bt_m-nagai-lh6208_2_d_20240117145133",50
145eb0ae-f696-4f9f-8084-08f75838655d,"女子ﾊﾟﾝﾂ LH6208 M ﾈｲﾋﾞｰ","ﾅｶﾞｲ","https://item-shopping.c.yimg.jp/i/n/uniform-bt_m-nagai-lh6208_2_d_20240117145133",50
489488d6-47b8-4f56-bac4-f354ba80190e,"女子ﾊﾟﾝﾂ LH6208 S ﾈｲﾋﾞｰ","ﾅｶﾞｲ","https://www.hakui-uni.com/eshopdo/refer/img2/1/ref1611324136_200.jpg",55
d5192444-0f89-4481-b3fe-59740a976055,"女子ﾊﾟﾝﾂ LH6208 S ﾈｲﾋﾞｰ","ﾅｶﾞｲ","https://www.hakui-uni.com/eshopdo/refer/img2/1/ref1611324136_200.jpg",55
ec1d5901-62c8-4857-8309-0db8edaf2e55,"女子上衣 LH6242 M ﾈｲﾋﾞｰ","ﾅｶﾞｲ","https://image1.shopserve.jp/bl-ange.com/pic-labo/sum_mts24-5261_rk.jpg",55
99e545a7-31b7-4623-b5a6-ae08a1c57e68,"女子上衣 LH6242 M ﾈｲﾋﾞｰ","ﾅｶﾞｲ","https://image1.shopserve.jp/bl-ange.com/pic-labo/sum_mts24-5261_rk.jpg",55
9bc51e78-a15c-446f-bf5e-fd258e9aee1b,"女子上衣 LH6242 S ﾈｲﾋﾞｰ","ﾅｶﾞｲ","https://m.media-amazon.com/images/I/81605Cf38-L.jpg",72
e689fb74-83dc-44a1-89d5-588a85b542bf,"女子上衣 LH6242 S ﾈｲﾋﾞｰ","ﾅｶﾞｲ","https://m.media-amazon.com/images/I/81605Cf38-L.jpg",72
39ce9bd0-acfe-456a-b0d1-cc457a4e125e,"男子横掛半袖 HO1962 L Tﾈｲﾋﾞｰ","ﾅｶﾞｲ","https://m.media-amazon.com/images/I/71y0Z0N5GQL._AC_UX679_.jpg",74
021667a3-42c6-4771-9751-cccb636c804b,"男子横掛半袖 HO1962 L Tﾈｲﾋﾞｰ","ﾅｶﾞｲ","https://m.media-amazon.com/images/I/71y0Z0N5GQL._AC_UX679_.jpg",74
02587734-fc12-4f69-a12c-87a939a6434f,"EXｼﾘｰｽﾞ ｼｬﾝｸ EC30 等速","ﾅｶﾆｼ","https://japan.nsk-dental.com/admin/wp-content/uploads/%E3%82%AD%E3%83%A3%E3%83%97%E3%83%81%E3%83%A3-2.png",89
d7520172-cb7f-4b96-9671-c2ffc5eaa01e,"EXｼﾘｰｽﾞ ｼｬﾝｸ EC30 等速","ﾅｶﾆｼ","https://japan.nsk-dental.com/admin/wp-content/uploads/%E3%82%AD%E3%83%A3%E3%83%97%E3%83%81%E3%83%A3-2.png",89
e5b3ddf2-9259-41ac-9247-2472fdba5c35,"EXｼﾘｰｽﾞﾍｯﾄﾞ EVA-Y PMTC用 ｴﾊﾞﾁｯﾌﾟ","ﾅｶﾆｼ","https://www.japan.nsk-dental.com/admin/wp-content/uploads/ex_head_eva-y_m.png",71
a7556bd2-f1cc-4a2c-ac83-cbd00257d7dd,"EXｼﾘｰｽﾞﾍｯﾄﾞ EVA-Y PMTC用 ｴﾊﾞﾁｯﾌﾟ","ﾅｶﾆｼ","https://www.japan.nsk-dental.com/admin/wp-content/uploads/ex_head_eva-y_m.png",71
9708645f-9e80-49d9-8450-d84d689ce85d,"FC-71 ﾌｯﾄﾍﾟﾀﾞﾙ 5m　Z1008002","ﾅｶﾆｼ","https://auctions.c.yimg.jp/images.auctions.yahoo.co.jp/image/dr000/auc0304/users/cd57453bf8cc5446b5faa7fc1b7e82438b74687c/i-img875x1200-1649440352vexmti926522.jpg",50
ffc33143-5818-467e-b913-866241bdbe81,"FC-71 ﾌｯﾄﾍﾟﾀﾞﾙ 5m　Z1008002","ﾅｶﾆｼ","https://auctions.c.yimg.jp/images.auctions.yahoo.co.jp/image/dr000/auc0304/users/cd57453bf8cc5446b5faa7fc1b7e82438b74687c/i-img875x1200-1649440352vexmti926522.jpg",50
17b96463-c315-4562-a425-48f4e84ee292,"FX57(PMTC用ｺﾝﾄﾗｱﾝｸﾞﾙHP)C1054002","ﾅｶﾆｼ","https://www.japan.nsk-dental.com/admin/wp-content/uploads/FX57_1000x550_jp_250910.png",96
d703fd28-b42d-477e-8173-d11d143eb537,"FX57(PMTC用ｺﾝﾄﾗｱﾝｸﾞﾙHP)C1054002","ﾅｶﾆｼ","https://www.japan.nsk-dental.com/admin/wp-content/uploads/FX57_1000x550_jp_250910.png",96
c1510a8b-e6c3-4679-85a7-c96927c37bf6,"iCare C2 Type Y1002794","ﾅｶﾆｼ","https://www.japan.nsk-dental.com/admin/wp-content/uploads/icare_01_01.png",71
b6c5040c-0ac0-4548-9116-1ae1df2b8c64,"iCare C2 Type Y1002794","ﾅｶﾆｼ","https://www.japan.nsk-dental.com/admin/wp-content/uploads/iCare.png",89
92ad7381-daf3-4ee7-bd70-86a092ec782c,"ICARE YSｱﾀﾞﾌﾟﾀｰ(ﾖｼﾀﾞ) Z257-031","ﾅｶﾆｼ","https://www.japan.nsk-dental.com/admin/wp-content/uploads/iCare_adapter_1280x380_jp_251106.png",81
8ec6a63e-2a86-420c-becf-fafae8fcb93f,"ICARE YSｱﾀﾞﾌﾟﾀｰ(ﾖｼﾀﾞ) Z257-031","ﾅｶﾆｼ","https://www.japan.nsk-dental.com/admin/wp-content/uploads/iCare_adapter_1280x380_jp_251106.png",81
5eec0d50-4c0c-4c21-a8ad-99487d656dbc,"iCare用ﾒﾝﾃﾅﾝｽｵｲﾙ 1L Z016130","ﾅｶﾆｼ","https://d1wdpa3etmuwz6.cloudfront.net/media/catalog/product/cache/1/image/9df78eab33525d08d6e5fb8d27136e95/2/0/206753660001_001.png",55
7f527b4a-857e-42a5-9ae9-7293590f7cfc,"iCare用ﾒﾝﾃﾅﾝｽｵｲﾙ 1L Z016130","ﾅｶﾆｼ","https://www.japan.nsk-dental.com/admin/wp-content/uploads/iCare_tech-8_jp_497x376_250121.png",90
172f6af0-e313-4173-a23b-da6fef5977b4,"iFX57 C1102","ﾅｶﾆｼ","https://www.japan.nsk-dental.com/admin/wp-content/uploads/iprophy_head_ifx57.png",70
a6b0af95-d11d-49ce-92a7-97cd5d5de206,"iFX57 C1102","ﾅｶﾆｼ","https://www.japan.nsk-dental.com/admin/wp-content/uploads/iprophy_head_ifx57.png",70
0695cd23-05b6-45d6-a121-c0af567e84b8,"S50-C1 Y900097ｺﾆｶﾙﾌﾞﾗｼ(小) 5個入","ﾅｶﾆｼ","https://japan.nsk-dental.com/admin/wp-content/uploads/Y900096.png",66
503a96bf-e0d9-439f-8e1f-268371ab0f37,"S50-C1 Y900097ｺﾆｶﾙﾌﾞﾗｼ(小) 5個入","ﾅｶﾆｼ","https://japan.nsk-dental.com/admin/wp-content/uploads/Y900096.png",66
de8cb970-9f19-4304-adf1-8ef9194333e1,"S50-F1 Y900099 ﾌﾗｯﾄﾌﾞﾗｼ(小) 5個入","ﾅｶﾆｼ","https://japan.nsk-dental.com/admin/wp-content/uploads/Y900096.png",66
22333b7a-167c-49d9-828b-7ba7e47b3427,"S50-F1 Y900099 ﾌﾗｯﾄﾌﾞﾗｼ(小) 5個入","ﾅｶﾆｼ","https://japan.nsk-dental.com/admin/wp-content/uploads/Y900096.png",66
03dfb640-e9d2-4140-a87e-3590ce2c3db8,"Ti-Max S970YL T1035","ﾅｶﾆｼ","https://www.japan.nsk-dental.com/admin/wp-content/uploads/Ti-Max-S970.png",99
9efa4740-55e3-423e-80f1-2f0fbb781bf3,"Ti-Max S970YL T1035","ﾅｶﾆｼ","https://www.japan.nsk-dental.com/admin/wp-content/uploads/timax_s_s970yl.png",71
6a5bf0fd-f9ec-463e-b659-097a20b6f6ac,"TI-MAX X25L ﾗｲﾄ付 C601","ﾅｶﾆｼ","https://auctions.c.yimg.jp/images.auctions.yahoo.co.jp/image/dr000/auc0112/user/d8746a1ab95674fc76a5c20d3f532637f08f3e2b16c427bfe524be02edee8337/i-img1200x1002-176492761103821xwxzm211927.jpg",52
afcda1b8-97c4-43b4-9b7a-2059d19639c5,"TI-MAX X25L ﾗｲﾄ付 C601","ﾅｶﾆｼ","https://auctions.c.yimg.jp/images.auctions.yahoo.co.jp/image/dr000/auc0510/user/d8746a1ab95674fc76a5c20d3f532637f08f3e2b16c427bfe524be02edee8337/i-img1167x1200-17302820700106n2fajr538126.jpg",54
0d3442d9-20a7-4009-83b4-696a5357bd5e,"Ti-Max X55L ﾗｲﾄ付 C608","ﾅｶﾆｼ","https://www.japan.nsk-dental.com/admin/wp-content/uploads/Ti-Max_X55L_Profin_20210930.png",71
6a853fae-ac65-4e38-a0c6-f22933912696,"Ti-Max X55L ﾗｲﾄ付 C608","ﾅｶﾆｼ","https://www.japan.nsk-dental.com/admin/wp-content/uploads/Ti-Max_X55L_Profin_20210930.png",71
dc174e58-ed5b-475d-aa87-90427707b5b0,"Ti-Max Z95L C1034","ﾅｶﾆｼ","http://dentalsupplycircle.co.uk/cdn/shop/files/NskZ95L2.webp?v=1755288449",55
a695139d-74be-46be-a321-99a58b2c5ac4,"ｱｲｸﾚｰﾌﾞ ﾐﾆ2 ﾊﾟｯｷﾝ UA11850173","ﾅｶﾆｼ","https://www.japan.nsk-dental.com/admin/wp-content/uploads/icm2.png",71
67691b6d-899a-4ea1-bdc7-367ed4faca2e,"ｱｲｸﾚｰﾌﾞ ﾐﾆ2 ﾊﾟｯｷﾝ UA11850173","ﾅｶﾆｼ","https://www.japan.nsk-dental.com/admin/wp-content/uploads/icm2.png",71
7715a063-cbdb-4636-90a1-eb2c3eab2989,"ｱｲｹｱ ﾐｽﾄﾌｨﾙﾀｰｾｯﾄ 12個 Y900-159","ﾅｶﾆｼ","https://www.japan.nsk-dental.com/admin/wp-content/uploads/iCare.png",89
54518858-d7ed-41f5-bf81-116f556e4228,"ｱｲｹｱ ﾐｽﾄﾌｨﾙﾀｰｾｯﾄ12個Y900-159","ﾅｶﾆｼ","https://www.japan.nsk-dental.com/admin/wp-content/uploads/iCare.png",89
d2964747-d497-4f7a-a418-708f797b1a67,"ｱﾀﾞﾌﾟﾀｰ NLX-YOS T1024001","ﾅｶﾆｼ","https://www.japan.nsk-dental.com/admin/wp-content/uploads/naviCM_nlx.png",56
5c160fdc-49e5-4f68-83d1-971bac6dc9b9,"ｱﾀﾞﾌﾟﾀｰ NLX-YOS T1024001","ﾅｶﾆｼ","https://www.japan.nsk-dental.com/admin/wp-content/uploads/naviCM_nlx.png",56
df5a486d-e6f4-464d-b51d-2ed56b0bb34a,"ｱﾙﾁﾒｲﾄXL標準ｾｯﾄ UMXL-GT","ﾅｶﾆｼ","https://auctions.c.yimg.jp/images.auctions.yahoo.co.jp/image/dr000/auc0502/users/3bc17ed63ee54cd38f85a425cb97d7013356bf3a/i-img1200x1200-1707553540y2sote65795.jpg",55
5ef63ae3-1fa1-4e84-a8a1-6f2a3eb53ed5,"ｱﾙﾁﾒｲﾄXL標準ｾｯﾄ UMXL-GT","ﾅｶﾆｼ","https://auctions.c.yimg.jp/images.auctions.yahoo.co.jp/image/dr000/auc0502/users/3bc17ed63ee54cd38f85a425cb97d7013356bf3a/i-img1200x1200-1707553540y2sote65795.jpg",55
626b65bb-0a7e-4c3d-96d4-80aa1820d2cf,"ｹｱ3ﾌﾟﾗｽﾐｽﾄﾌｨﾙﾀｰｾｯﾄ12個Y900-159","ﾅｶﾆｼ","https://d1wdpa3etmuwz6.cloudfront.net/media/catalog/product/cache/1/image/1800x/040ec09b1e35df139433887a97daa66f/2/0/206798901001_001.png",55
e7d519d2-b126-4be4-b351-8ba0771ed797,"ｹｱ3ﾌﾟﾗｽﾐｽﾄﾌｨﾙﾀｰｾｯﾄ12個Y900-159","ﾅｶﾆｼ","https://d1wdpa3etmuwz6.cloudfront.net/media/catalog/product/cache/1/image/1800x/040ec09b1e35df139433887a97daa66f/2/0/206798901001_001.png",55
f6836eba-510f-4f17-a1c8-1906f44afc0f,"ｹｱ3専用ｵｲﾙｼｰﾄ 10枚入 U433135","ﾅｶﾆｼ","https://d1wdpa3etmuwz6.cloudfront.net/media/catalog/product/cache/1/image/9df78eab33525d08d6e5fb8d27136e95/2/0/206752500001_001.png",55
9a18607b-5e37-4b42-a16a-cac2fa38b04d,"ｹｱ3専用ｵｲﾙｼｰﾄ 10枚入 U433135","ﾅｶﾆｼ","https://d1wdpa3etmuwz6.cloudfront.net/media/catalog/product/cache/1/image/9df78eab33525d08d6e5fb8d27136e95/2/0/206752500001_001.png",55
4db9ed11-20f7-4835-8342-b5c08777d3ba,"ｽｹｰﾘﾝｸﾞ G8ﾊﾟｯｸ 6本 Y1002163","ﾅｶﾆｼ","https://d15ihgh2blymmz.cloudfront.net/uploads/item_image/4560264524293/4560264524293_1.jpg",55
6ebdbff3-02c5-482c-96a8-3e3dd1498238,"ｿﾆｯｸﾌﾞﾗｼﾎﾙﾀﾞｰ S50 Z252450","ﾅｶﾆｼ","https://www.japan.nsk-dental.com/admin/wp-content/uploads/Z252450.png",65
133b1633-edc7-44df-929c-899baaa9a517,"ｿﾆｯｸﾌﾞﾗｼﾎﾙﾀﾞｰ S50 Z252450","ﾅｶﾆｼ","https://www.japan.nsk-dental.com/admin/wp-content/uploads/Z252450.png",65
329a9a4d-8442-4abb-9394-aede80c5b14a,"ｿﾌﾄﾊﾟｰﾙ 250g×4　Y1500721","ﾅｶﾆｼ","https://www.japan.nsk-dental.com/admin/wp-content/themes/nsk-base2020/images/powder_maintenance/products_soft_pearl.png",105
661e8d43-a00f-4e57-9217-00d43e1f0c3b,"ｿﾌﾄﾊﾟｰﾙ 250g×4　Y1500721","ﾅｶﾆｼ","https://www.japan.nsk-dental.com/admin/wp-content/themes/nsk-base2020/images/powder_maintenance/products_soft_pearl.png",105
161a8d93-d056-43ef-a9f8-b2568672e290,"ﾊﾟﾅｽﾌﾟﾚｰﾌﾟﾗｽ　Z182100","ﾅｶﾆｼ","https://www.japan.nsk-dental.com/admin/wp-content/uploads/PANA_Spray_1000x550_j_250112.png",96
67ed4bbc-b66f-4793-9af2-69b89134fc7c,"ﾊﾟﾅｽﾌﾟﾚｰﾌﾟﾗｽ　Z182100","ﾅｶﾆｼ","https://www.japan.nsk-dental.com/admin/wp-content/uploads/PANA_Spray_1000x550_j_250112.png",96
a65267fc-78db-4b77-b256-e5b372c680fb,"ﾊﾞﾘｵｽ VA2-Lux-HP E351050","ﾅｶﾆｼ","https://www.henryschein.com.hk/cdn/shop/files/Item_NSK-E351050_600x.jpg?v=1744787164",55
d306a664-2cfc-4ae7-b7f9-47592059a2ca,"ﾊﾞﾘｵｽ VA2-Lux-HP E351050","ﾅｶﾆｼ","https://media.brasselerusa.com/userfiles/900x900/5026448U0.jpg",55
daf61def-366a-46cc-9216-4fbeeaf80988,"ﾊﾞﾘｵｽ VA2-Lux-HP Ti EA1203X050","ﾅｶﾆｼ","https://www.germany.nsk-dental.com/admin/wp-content/uploads/Web-graphics-500x275-VA-lux.png",71
fc341648-cb51-4952-bcaa-377e73b482c9,"ﾊﾞﾘｵｽ VA2-Lux-HP Ti EA1203X050","ﾅｶﾆｼ","https://www.germany.nsk-dental.com/admin/wp-content/uploads/Web-graphics-500x275-VA-lux.png",71
14e8bd96-81df-4d3c-9be2-6917a76d2330,"ﾊﾞﾘｵｽﾁｯﾌﾟP10ﾍﾟﾘｵ ｼｬｰﾌﾟ Z217-410","ﾅｶﾆｼ","https://d15ihgh2blymmz.cloudfront.net/uploads/item_image/4560224987069/4560224987069_1.jpg",55
cf25c3b7-2374-469f-a55d-aa5e0ab676df,"ﾊﾞﾘｵｽ用Uﾌｧｲﾙ 33mm #25 Y900-064","ﾅｶﾆｼ","https://auctions.c.yimg.jp/images.auctions.yahoo.co.jp/image/dr000/auc0505/users/26bca47bb19e26fe1bcbb7f58d88ff281b40d8ee/i-img1200x1200-17144900943420w8327824.jpg",55
ba4643b7-9394-4945-bf98-a18ef68ac0a2,"ﾊﾞﾘｵｽ用Uﾌｧｲﾙ 33mm #25 Y900-064","ﾅｶﾆｼ","https://auctions.c.yimg.jp/images.auctions.yahoo.co.jp/image/dr000/auc0505/users/26bca47bb19e26fe1bcbb7f58d88ff281b40d8ee/i-img1200x1200-17144900943420w8327824.jpg",55
296b0387-c800-4abe-a2cc-607a1b4916d5,"ﾊﾞﾘｵｽ用ﾁｯﾌﾟ E11 ｴﾝﾄﾞ Z217-031","ﾅｶﾆｼ","https://auctions.c.yimg.jp/images.auctions.yahoo.co.jp/image/dr000/auc0102/user/6a9482c0b4b3a9edb2e67b04b2d58c098d584b0d628e71a35e81ac8c3891e5ed/i-img900x1200-17392373082218y7gbwm36.jpg",50
569c08f3-1622-4d4a-a161-0d2579008fc3,"ﾊﾞﾘｵｽ用ﾁｯﾌﾟ E11 ｴﾝﾄﾞ Z217-031","ﾅｶﾆｼ","https://d15ihgh2blymmz.cloudfront.net/uploads/item_image/4560224986932/4560224986932_1.jpg",55
f8d4ccbf-609a-4a72-8478-8ca93542c4cf,"ﾊﾞﾘｵｽ用ﾁｯﾌﾟ E12 ｴﾝﾄﾞ Z217-032","ﾅｶﾆｼ","https://www.japan.nsk-dental.com/admin/wp-content/uploads/Z217032.png",65
94de7b96-c70d-4d5c-a9c8-d7537d6504b5,"ﾊﾞﾘｵｽ用ﾁｯﾌﾟ E12 ｴﾝﾄﾞ Z217-032","ﾅｶﾆｼ","https://www.japan.nsk-dental.com/admin/wp-content/uploads/Z217032.png",65
fa2c5d35-4705-473b-bb41-b8a3f7028f11,"ﾊﾞﾘｵｽ用ﾁｯﾌﾟ E15D ｴﾝﾄﾞ Z217ｰ319","ﾅｶﾆｼ","https://d15ihgh2blymmz.cloudfront.net/uploads/item_image/4560264524293/4560264524293_1.jpg",55
dd8b0ba3-8bd6-422c-af5c-726055dda42b,"ﾊﾞﾘｵｽ用ﾁｯﾌﾟ E15D ｴﾝﾄﾞ Z217ｰ319","ﾅｶﾆｼ","https://d15ihgh2blymmz.cloudfront.net/uploads/item_image/4560224986932/4560224986932_1.jpg",55
d2a0b3a6-6dcb-4a41-8123-d69fcdc84cd7,"ﾊﾞﾘｵｽ用ﾁｯﾌﾟ E4D ｴﾝﾄﾞ Z217-528","ﾅｶﾆｼ","https://d15ihgh2blymmz.cloudfront.net/uploads/item_image/4560264524293/4560264524293_1.jpg",55
5c99a842-3d53-4a55-829f-fcc3f67a4045,"ﾊﾞﾘｵｽ用ﾁｯﾌﾟ E4D ｴﾝﾄﾞ Z217-528","ﾅｶﾆｼ","https://d15ihgh2blymmz.cloudfront.net/uploads/item_image/4560224986932/4560224986932_1.jpg",55
6b031e3d-bc35-4e82-bd06-bf543f651bd3,"ﾊﾞﾘｵｽ用ﾁｯﾌﾟ E7 ｴﾝﾄﾞ Z217-307","ﾅｶﾆｼ","https://shizaiichiba.ocnk.net/data/shizaiichiba/_/70726f647563742f32303137303632315f3934626330312e676966003434300000740023666666666666.jpg",45
e088b52e-f6ee-4065-96bc-4b790c3ecc22,"ﾊﾞﾘｵｽ用ﾁｯﾌﾟ E7 ｴﾝﾄﾞ Z217-307","ﾅｶﾆｼ","https://shizaiichiba.ocnk.net/data/shizaiichiba/_/70726f647563742f32303137303632315f3934626330312e676966003434300000740023666666666666.jpg",45
e2d2174d-4a17-4ac5-a08e-8063dee12083,"ﾊﾞﾘｵｽ用ﾁｯﾌﾟ E8D ｴﾝﾄﾞ Z217-318","ﾅｶﾆｼ","https://d15ihgh2blymmz.cloudfront.net/uploads/item_image/4560264524293/4560264524293_1.jpg",55
88a8a938-4a04-4cc9-95e5-3d49791848f8,"ﾊﾞﾘｵｽ用ﾁｯﾌﾟ E8D ｴﾝﾄﾞ Z217-318","ﾅｶﾆｼ","https://d15ihgh2blymmz.cloudfront.net/uploads/item_image/4560224986932/4560224986932_1.jpg",55
a352aed7-f3a2-417a-b0d8-e83a649c7d4d,"ﾊﾞﾘｵｽ用ﾁｯﾌﾟG1ｽｹｰﾘﾝｸﾞ Z217-101","ﾅｶﾆｼ","https://d15ihgh2blymmz.cloudfront.net/uploads/item_image/4560224986888/4560224986888_1.jpg",55
f3b1f8a4-12c4-4945-a04e-ec34cb8cad0d,"ﾊﾞﾘｵｽ用ﾁｯﾌﾟG1ｽｹｰﾘﾝｸﾞ Z217-101","ﾅｶﾆｼ","https://d15ihgh2blymmz.cloudfront.net/uploads/item_image/4560224986888/4560224986888_1.jpg",55
06a3db12-3823-4db5-a1bc-1b195bd226fa,"ﾋﾞﾊﾞﾒｲﾄG5 Y1001344","ﾅｶﾆｼ","https://www.japan.nsk-dental.com/admin/wp-content/uploads/viva_mateg5.png",71
b36ab47b-c909-45f9-8310-d10a17c985a4,"ﾋﾞﾊﾞﾒｲﾄG5 Y1001344","ﾅｶﾆｼ","https://www.japan.nsk-dental.com/admin/wp-content/uploads/viva_mateg5.png",71
10a2c586-c294-43ae-ac14-acc18a7c6bb7,"ﾌﾗｯｼｭﾊﾟｰﾙ 15GX100包　Y900693","ﾅｶﾆｼ","https://www.japan.nsk-dental.com/admin/wp-content/uploads/Flash-2_1000x550_240420.png",96
d7cf2ef6-5098-42a2-b473-f0f464117867,"ﾌﾗｯｼｭﾊﾟｰﾙ 15GX100包　Y900693","ﾅｶﾆｼ","https://www.japan.nsk-dental.com/admin/wp-content/uploads/Flash-2_1000x550_240420.png",96
e0b1b2c3-2971-45b0-ab26-704b2426e83a,"ﾌﾟﾛﾌｨｰﾒｲﾄneo PMNG-YS-P Y1001968","ﾅｶﾆｼ","https://www.japan.nsk-dental.com/admin/wp-content/uploads/Flash-2_1000x550_240420.png",96
f0e95e34-4fe5-409a-8c80-e2f8cd390ae8,"ﾌﾟﾛﾌｨｰﾒｲﾄneo PMNG-YS-P Y1001968","ﾅｶﾆｼ","https://www.japan.nsk-dental.com/admin/wp-content/uploads/Flash-2_1000x550_240420.png",96
e01a8eea-d9bf-42e7-95d5-8f619667b84c,"ﾌﾟﾛﾌｨｰﾒｲﾄneo ﾉｽﾞﾙ 80° T797013","ﾅｶﾆｼ","https://www.japan.nsk-dental.com/admin/wp-content/uploads/oral_prophymateneo_05.png",90
bb0bb119-ba55-4231-8c2a-266c7752c2d6,"ﾌﾟﾛﾌｨｰﾒｲﾄneo ﾉｽﾞﾙ 80° T797013","ﾅｶﾆｼ","https://www.japan.nsk-dental.com/admin/wp-content/uploads/oral_prophymateneo_05.png",90
e61a1a97-8e3f-4e45-97b6-b5e6f15df636,"代品貸出料：ｱｲｸﾚｰﾌﾞﾐﾆ2","ﾅｶﾆｼ","https://www.japan.nsk-dental.com/admin/wp-content/uploads/icm2.png",71
a74a0091-d2c5-43cc-864e-0c789a47a504,"代品貸出料：ｱｲｸﾚｰﾌﾞﾐﾆ2","ﾅｶﾆｼ","https://www.japan.nsk-dental.com/admin/wp-content/uploads/icm2.png",71
2ffacca8-58ae-436d-a92d-60120c2329a3,"代品貸出料：ｱｲﾌﾟﾛﾌｨｰ","ﾅｶﾆｼ","https://kikaiya.work/wp-content/uploads/2023/01/s-10.png",40
3a441e4f-d726-452e-ba8f-ddc2cc2c12ae,"代品貸出料：ﾌﾟﾛﾌｨｰﾒｲﾄNEO","ﾅｶﾆｼ","https://www.japan.nsk-dental.com/admin/wp-content/uploads/Flash-2_1000x550_240420.png",96
4db46e8b-4981-4b1f-b01c-0dfa1ea0f939,"代品貸出料：ﾌﾟﾛﾌｨｰﾒｲﾄNEO","ﾅｶﾆｼ","https://www.japan.nsk-dental.com/admin/wp-content/uploads/Flash-2_1000x550_240420.png",96
f358f986-d2b4-443d-a5ea-29dc03284a3a,"ﾌｯ化ﾅﾄﾘｳﾑ液 ﾈｵ","ﾅﾙｺｰﾑ","https://makeshop-multi-images.akamaized.net/demiline/itemimages/000000029372_AMtjcAE.jpg",45
a6e730d3-35a2-45b2-a564-ae2cf31ffa87,"ﾌｯ化ﾅﾄﾘｳﾑ液 ﾈｵ","ﾅﾙｺｰﾑ","https://makeshop-multi-images.akamaized.net/demiline/itemimages/000000029372_AMtjcAE.jpg",45
25c61b24-2320-4d2a-a2de-cb2b7a047867,"ｶﾙｼﾍﾟｯｸｽⅡ","ﾆﾁﾔｸ","https://maiplemedical.com/cdn/shop/products/10061112_57f5b2f5eb2cd_580x.jpg?v=1605247855",55
df429214-8fb8-4742-a8bb-fd065cfd649c,"ｶﾙｼﾍﾟｯｸｽⅡ","ﾆﾁﾔｸ","https://shop.pdr.co.jp/resize/p1x2/g_images/series-282/series-282_u_83-2383.jpg",70
aca77224-5b94-47f9-9b6f-24cf9e3628fd,"ｼﾞｰﾋﾟｰｿﾙﾍﾞﾝﾄ10ML×3","ﾆﾁﾔｸ","https://shop.r10s.jp/genki-sokai/cabinet/m_y065000-y069999/s_9200/y069394-000-000.jpg",55
e5bb0f29-164d-4ab8-add5-0e5feb37032c,"ｼﾞｰﾋﾟｰｿﾙﾍﾞﾝﾄ10ML×3","ﾆﾁﾔｸ","https://shop.r10s.jp/genki-sokai/cabinet/m_y065000-y069999/s_9200/y069394-000-000.jpg",55
13f6bf06-f324-4684-ab38-275076d279ca,"ｽｷｬﾝﾄﾞﾈｽﾄｶｰﾄﾘｯｼﾞ 3% 1.8ml×50","ﾆﾁﾔｸ","https://d15ihgh2blymmz.cloudfront.net/uploads/item_image/4987734119016/4987734119016_1.jpg",55
05173761-5d93-49f9-ad1f-de1d152e7268,"ｽｷｬﾝﾄﾞﾈｽﾄｶｰﾄﾘｯｼﾞ 3% 1.8ml×50","ﾆﾁﾔｸ","https://d15ihgh2blymmz.cloudfront.net/uploads/item_image/4987734119016/4987734119016_1.jpg",55
619d9d2e-ad5a-48f7-ad35-341fa634cad4,"ｽﾒｱｸﾘｰﾝ 100ml","ﾆﾁﾔｸ","https://maiplemedical.com/cdn/shop/products/07261110_5977fa219ad97_580x.jpg?v=1605247988",55
c7d53079-70e8-4017-9529-add264ad44bc,"ｽﾒｱｸﾘｰﾝ 100ml","ﾆﾁﾔｸ","https://d15ihgh2blymmz.cloudfront.net/uploads/item_image/4987734219020/4987734219020_1.jpg",55
4ea27bca-26a1-48b1-b304-070bb3f7b7f1,"ﾃﾄﾗｻｲｸﾘﾝ･ﾌﾟﾚｽﾃﾛﾝ軟膏ﾁｭｰﾌﾞ5GX10","ﾆﾁﾔｸ","https://genki-sokai.net/html/upload/save_image_y040000-y044999/y044699-000-000.jpg",55
db3ee523-98f7-4f64-aae5-03b65bcfa463,"ﾃﾄﾗｻｲｸﾘﾝ･ﾌﾟﾚｽﾃﾛﾝ軟膏ﾁｭｰﾌﾞ5GX10","ﾆﾁﾔｸ","https://genki-sokai.net/html/upload/save_image_y040000-y044999/y044699-000-000.jpg",55
bec04694-989c-4c76-8328-e7cc9d22fd15,"ﾃﾞﾝﾄﾊｲﾄﾞ 1200mL","ﾆﾁﾔｸ","http://www.e-tomiya.co.jp/campaign/img/231001/09_b.jpg",49
e1fc3f62-ae91-47e2-8a73-af9eac4cf40a,"ﾃﾞﾝﾄﾊｲﾄﾞ 1200mL","ﾆﾁﾔｸ","http://www.e-tomiya.co.jp/campaign/img/231001/09_b.jpg",49
63de48b5-f3f7-4621-985f-ad073683be60,"ﾅﾉｼｰﾙ A液 5mL","ﾆﾁﾔｸ","https://d15ihgh2blymmz.cloudfront.net/uploads/item_image/4987734256124/4987734256124_1.jpg",55
4f2f9768-9a50-4ee5-a7e3-a2fc483ea5b1,"ﾅﾉｼｰﾙ A液 5mL","ﾆﾁﾔｸ","https://d15ihgh2blymmz.cloudfront.net/uploads/item_image/4987734256124/4987734256124_1.jpg",55
1a3b4b9e-e0d5-4d8e-a397-ad1cc909deb0,"ﾅﾉｼｰﾙ B液 5mL","ﾆﾁﾔｸ","https://shop.r10s.jp/yuzawakikaku/cabinet/r_y023400-y025199/y023865-000-000_2.jpg",55
65b2c4bd-fd54-479e-88f0-f46cddd96640,"ﾅﾉｼｰﾙ B液 5mL","ﾆﾁﾔｸ","https://shop.r10s.jp/yuzawakikaku/cabinet/r_y023400-y025199/y023865-000-000_2.jpg",55
6fb2927b-0bf7-4d90-8db9-6f4413e65868,"ﾆｼｶ ｶﾘｴｽﾁｪｯｸ ﾌﾞﾙｰ 4ML","ﾆﾁﾔｸ","https://d15ihgh2blymmz.cloudfront.net/uploads/item_image/4987734611015/4987734611015_1.jpg",55
88b0f98f-069f-496f-b288-5f80dfa0f6d4,"ﾆｼｶ ｶﾘｴｽﾁｪｯｸ ﾌﾞﾙｰ 4ML","ﾆﾁﾔｸ","https://d15ihgh2blymmz.cloudfront.net/uploads/item_image/4987734611015/4987734611015_1.jpg",55
7ce35e91-7342-4fd7-87dc-b95d8c9b3a69,"ﾆｼｶ ｶﾘｴｽﾁｪｯｸ ﾚｯﾄﾞ 4mL","ﾆﾁﾔｸ","https://shop.r10s.jp/genki-sokai/cabinet/m_y050000-y054999/s_2200/y052387-000-000.jpg",55
8e3e1068-0209-4f26-b7ff-d8e787aed056,"ﾆｼｶ ｶﾘｴｽﾁｪｯｸ ﾚｯﾄﾞ 4mL","ﾆﾁﾔｸ","https://shop.r10s.jp/genki-sokai/cabinet/m_y050000-y054999/s_2200/y052387-000-000.jpg",55
ea0fbaf7-edde-4f02-b693-152a33870c1a,"ﾆｼｶ ｷｬﾅﾙｼｰﾗｰ BG multi ﾍﾟｰｽﾄ","ﾆﾁﾔｸ","https://d15ihgh2blymmz.cloudfront.net/uploads/item_image/4987734234191/4987734234191_1.jpg",55
a41a6a42-6002-4b78-80e1-a3c999a9119e,"ﾆｼｶ ｷｬﾅﾙｼｰﾗｰ BG multi ﾍﾟｰｽﾄ","ﾆﾁﾔｸ","https://d15ihgh2blymmz.cloudfront.net/uploads/item_image/4987734234191/4987734234191_1.jpg",55
1fb17e54-d5c2-4951-99bc-e4230332868a,"ﾆｼｶ ｽﾋﾟﾝ｢ﾍﾟﾘｵ｣ 100本入","ﾆﾁﾔｸ","https://d15ihgh2blymmz.cloudfront.net/uploads/item_image/4987734214025/4987734214025_1.jpg",55
f896cbf9-f438-4045-837e-d797f6b6bea8,"ﾆｼｶ ｽﾋﾟﾝ｢ﾍﾟﾘｵ｣ 100本入","ﾆﾁﾔｸ","https://d15ihgh2blymmz.cloudfront.net/uploads/item_image/4987734214025/4987734214025_1.jpg",55
2e52c021-c476-4f45-bd17-556766ba25a4,"ﾆｼｶｷｬﾅﾙｼｰﾗｰ ﾕｰｼﾞﾉｰﾙ ｸｲｯｸE-Q","ﾆﾁﾔｸ","https://thumbnail.image.rakuten.co.jp/@0_mall/genki-sokai/cabinet/m_y065000-y069999/s_9200/y069389-000-000.jpg?_ex=200x200&s=0&r=1",50
d140d699-08e1-437a-9b91-1c2f9ae2ffb6,"ﾆｼｶｷｬﾅﾙｼｰﾗｰ ﾕｰｼﾞﾉｰﾙ ｸｲｯｸE-Q","ﾆﾁﾔｸ","https://thumbnail.image.rakuten.co.jp/@0_mall/genki-sokai/cabinet/m_y065000-y069999/s_9200/y069389-000-000.jpg?_ex=200x200&s=0&r=1",50
77cf8a97-2580-4c87-b333-f4d128786c3e,"ﾆｼｶｷｬﾅﾙｼｰﾗｰ ﾕｰｼﾞﾉｰﾙ ﾉｰﾏﾙE-N","ﾆﾁﾔｸ","https://auctions.c.yimg.jp/images.auctions.yahoo.co.jp/image/dr000/auc0503/users/1e76af7b0e2f09fba76f89403e1f5623187f9335/i-img1200x1200-17105896709393uxay1.jpg",55
1e9918d7-c70c-4fb0-8710-80974b1769f5,"ﾆｼｶｷｬﾅﾙｼｰﾗｰ ﾕｰｼﾞﾉｰﾙ ﾉｰﾏﾙE-N","ﾆﾁﾔｸ","https://auctions.c.yimg.jp/images.auctions.yahoo.co.jp/image/dr000/auc0503/users/1e76af7b0e2f09fba76f89403e1f5623187f9335/i-img1200x1200-17105896709393uxay1.jpg",55
e7682972-ad57-4641-9d4f-7bdb1c51185b,"ﾆｼｶｽﾋﾟﾝ 100本入","ﾆﾁﾔｸ","https://d15ihgh2blymmz.cloudfront.net/uploads/item_image/4987734214025/4987734214025_1.jpg",55
cafa47ea-d9b9-4cb3-a3a5-e925356f077c,"ﾆｼｶｽﾋﾟﾝ 100本入","ﾆﾁﾔｸ","https://d15ihgh2blymmz.cloudfront.net/uploads/item_image/4987734214025/4987734214025_1.jpg",55
bc1fcafb-1258-4226-b8f2-383c6f4c53be,"ﾈｵｽﾃﾘﾝｸﾞﾘｰﾝうがい薬0.2%40MLX20","ﾆﾁﾔｸ","https://d15ihgh2blymmz.cloudfront.net/uploads/item_image/4987734156011/4987734156011_1.jpg",55
87261ae0-acbc-4508-bbf4-b8b3f67e2980,"ﾈｵｽﾃﾘﾝｸﾞﾘｰﾝうがい薬0.2%40MLX20","ﾆﾁﾔｸ","https://d15ihgh2blymmz.cloudfront.net/uploads/item_image/4987734156011/4987734156011_1.jpg",55
246823a2-93e3-4673-8442-162ddf72d8ca,"ﾌﾟﾛﾈｽﾊﾟｽﾀ ｱﾛﾏ/ｽﾄﾛﾍﾞﾘｰﾌﾚｰﾊﾞｰ 20g","ﾆﾁﾔｸ","https://genki-sokai.net/html/upload/save_image_y105000-y109999/y106111-000-000.jpg",55
dbd5dffd-c510-47f0-b318-80de408bdd5b,"ﾌﾟﾛﾈｽﾊﾟｽﾀ ｱﾛﾏ/ｽﾄﾛﾍﾞﾘｰﾌﾚｰﾊﾞｰ 20g","ﾆﾁﾔｸ","https://genki-sokai.net/html/upload/save_image_y105000-y109999/y106111-000-000.jpg",55
bd09958f-b324-495f-90e3-0da204196009,"歯科用ｱﾝﾁﾎﾙﾐﾝ 100mL","ﾆﾁﾔｸ","https://www.oralstudio.net/storage/maker/item/contents/069/13593/13593_01.jpg",50
b18fefd6-a8ae-4e60-af94-fcde34261e7e,"歯科用ｱﾝﾁﾎﾙﾐﾝ 100mL","ﾆﾁﾔｸ","https://www.oralstudio.net/storage/maker/item/contents/069/13593/13593_01.jpg",50
32f273b7-aeda-4305-bbda-a52a63aa56e5,"ｽﾃｲﾝｸﾘｰﾅｰ ｷｭｷｭ 100個入","ﾆｯｺｳｼｬ","https://shop.r10s.jp/okuchi/cabinet/p48_7-1marathonall/p48_7-1marathon/10004795.jpg",55
8779a513-564c-4c2c-9975-3c55d0e999ef,"ｽﾃｲﾝｸﾘｰﾅｰ ｷｭｷｭ 100個入","ﾆｯｺｳｼｬ","https://shop.r10s.jp/okuchi/cabinet/p48_7-1marathonall/p48_7-1marathon/10004795.jpg",55
53a339cb-cd96-494f-ba5f-491400d646ab,"ｽﾃｲﾝｸﾘｰﾅｰ ｷｭｷｭ 院内指導用 100個入","ﾆｯｺｳｼｬ","https://shop.r10s.jp/genki-sokai/cabinet/m_y045000-y049999/s_6200/y046337-000-000.jpg",55
6aa3653e-6947-4c54-8fc8-201078baeaff,"ｽﾃｲﾝｸﾘｰﾅｰ ｷｭｷｭ 院内指導用 100個入","ﾆｯｺｳｼｬ","https://shop.r10s.jp/genki-sokai/cabinet/m_y045000-y049999/s_6200/y046337-000-000.jpg",55
bbec6513-86a6-4221-9b3b-587ba08a14b3,"JMﾎﾟﾘｸﾗｳﾝ全形態ｾｯﾄ","ﾆｯｼﾝ","https://d15ihgh2blymmz.cloudfront.net/uploads/item_image/4994081001369/4994081001369_1.jpg",55
4a17b569-5988-4a1c-859c-86bdcd7e28ce,"JMﾎﾟﾘｸﾗｳﾝ全形態ｾｯﾄ","ﾆｯｼﾝ","https://d15ihgh2blymmz.cloudfront.net/uploads/item_image/4994081001369/4994081001369_1.jpg",55
28594a7c-6f56-413e-92ff-a60525be9b54,"ﾌｨｼﾞｵｸﾘｰﾝ ｷﾗﾘ錠剤 30錠入","ﾆｯｼﾝ","https://d15ihgh2blymmz.cloudfront.net/uploads/item_image/4994081270499/4994081270499_1.jpg?96wevngp5op1tf6vqoi4g023krm5&vn5a39m1ohd7",55
c0f1690b-8364-4133-96ac-504602505745,"ﾌｨｼﾞｵｸﾘｰﾝ ｷﾗﾘ錠剤 30錠入","ﾆｯｼﾝ","https://d15ihgh2blymmz.cloudfront.net/uploads/item_image/4994081270499/4994081270499_1.jpg?96wevngp5op1tf6vqoi4g023krm5&vn5a39m1ohd7",55
a1461c20-23b1-4bf2-82d9-f9a377350752,"ｴﾋﾟﾘﾄﾞ配合注歯科用ｶｰﾄﾘｯｼﾞ1.8mX50","ﾆﾌﾟﾛ","https://d15ihgh2blymmz.cloudfront.net/uploads/item_image/4987190120526/4987190120526_1.jpg",55
9bb0ceaa-2486-483f-94f0-13bb8c886d5f,"ｴﾋﾟﾘﾄﾞ配合注歯科用ｶｰﾄﾘｯｼﾞ1.8mX50","ﾆﾌﾟﾛ","https://d15ihgh2blymmz.cloudfront.net/uploads/item_image/4987190120526/4987190120526_1.jpg",55
7e64e352-2d18-445a-9a37-b8457cae38a8,"ﾆﾌﾟﾛｼﾞｪｸﾄ歯科用注射針 30G S","ﾆﾌﾟﾛ","https://shop.pdr.co.jp/g_images/series-957/series-957_01.jpg",80
2f0af938-4cd2-4946-8c48-05b1c04ebe87,"ﾆﾌﾟﾛｼﾞｪｸﾄ歯科用注射針 30G S","ﾆﾌﾟﾛ","https://shop.pdr.co.jp/g_images/series-957/series-957_01.jpg",80
72ef5077-4f5c-40d5-9db6-83459a346fa7,"ﾆﾌﾟﾛｼﾞｪｸﾄ歯科用注射針 31G SS 100入り","ﾆﾌﾟﾛ","https://shop.pdr.co.jp/g_images/series-957/series-957_01.jpg",80
1f3d8b67-9bce-48e3-947e-01678d1440dd,"ﾆﾌﾟﾛｼﾞｪｸﾄ歯科用注射針 31G SS 100入り","ﾆﾌﾟﾛ","https://shop.pdr.co.jp/g_images/series-957/series-957_01.jpg",80
f61aa580-ce1e-4f6d-9e85-a1f25018f5bd,"ﾆﾌﾟﾛｼﾞｪｸﾄ歯科用注射針 33G SS","ﾆﾌﾟﾛ","https://shop.pdr.co.jp/g_images/series-957/series-957_01.jpg",80
6757c501-57cb-4a74-aebb-b56212a6b508,"ﾆﾌﾟﾛｼﾞｪｸﾄ歯科用注射針 33G SS","ﾆﾌﾟﾛ","https://shop.pdr.co.jp/g_images/series-957/series-957_01.jpg",80
2f93da86-18e6-44bc-b249-aa2012e8c8d0,"ﾆﾌﾟﾛｼﾞｪｸﾄ歯科用注射針ｴｺﾉP 30G S","ﾆﾌﾟﾛ","https://shop.pdr.co.jp/g_images/series-957/series-957_01.jpg",80
c9fb5652-06b0-4651-aa69-ab04f10069ee,"ﾆﾌﾟﾛｼﾞｪｸﾄ歯科用注射針ｴｺﾉP 30G S","ﾆﾌﾟﾛ","https://shop.pdr.co.jp/g_images/series-957/series-957_01.jpg",80
61e77874-9cbf-49ee-8ad2-c0bb49000241,"ﾊﾞｯﾃﾘﾊﾟｯｸ SB-310V 4年用","ﾆﾎﾝｺｳﾃﾞﾝ","https://tshop.r10s.jp/i-aed/cabinet/aed01/05787332/3100-s/imgrc0091988113.jpg?downsize=510:*",75
e864f4c0-68f8-449b-994e-07a55475ec40,"使い捨てﾊﾟｯﾄﾞP-740 成人･小児共通","ﾆﾎﾝｺｳﾃﾞﾝ","https://m.media-amazon.com/images/I/610Gjg9xkBL._AC_SL1000_.jpg",74
38cccf60-c9a3-4c7f-a3b9-9c3f9b88cc31,"JDS ｱﾙﾐﾅ 50μm 500ｇ","ﾆﾎﾝｼｶｼｮｳｼｬ","https://d15ihgh2blymmz.cloudfront.net/uploads/item_image/4560230389475/4560230389475_1.jpg",55
f1431112-9f70-4558-94bc-a01e58d9bdfd,"JDS ｱﾙﾐﾅ 50μm 500ｇ","ﾆﾎﾝｼｶｼｮｳｼｬ","https://d15ihgh2blymmz.cloudfront.net/uploads/item_image/4560230389475/4560230389475_1.jpg",55
2669583c-6b42-480b-9a98-71ba32905811,"ｶﾞﾘﾚｱﾝﾙｰﾍﾟ ﾌｪｲｽｼｰﾙﾄﾞ UL ﾏﾙﾁ用","ﾆﾎﾝｼｶｼｮｳｼｬ","https://fordynet.fordy.jp/storage/products/20210428132937.jpg",55
6a992b60-72f8-4ef0-a7d5-ef177da16ad6,"ｶﾞﾘﾚｱﾝﾙｰﾍﾟ ﾌｪｲｽｼｰﾙﾄﾞ UL ﾏﾙﾁ用","ﾆﾎﾝｼｶｼｮｳｼｬ","https://fordynet.fordy.jp/storage/products/20210428132937.jpg",55
2b531345-85b2-4ac6-aec4-61880440c939,"ｶﾞﾘﾚｱﾝﾙｰﾍﾟUL ﾏﾙﾁ TTL単品 PINK 3.0倍","ﾆﾎﾝｼｶｼｮｳｼｬ","https://www.dentalsupply.co.jp/wp/wp-content/uploads/2025/01/UL_TTL_Set.jpg",45
357eab07-0431-4109-8636-9f9987362af7,"ｶﾞﾘﾚｱﾝﾙｰﾍﾟUL ﾏﾙﾁTTL 単品 RED 3.0","ﾆﾎﾝｼｶｼｮｳｼｬ","https://www.dentalsupply.co.jp/wp/wp-content/uploads/2025/01/UL_TTL_Set.jpg",45
b64bf949-52be-4f51-9ad1-f14477ec0bbb,"ｶﾞﾘﾚｱﾝﾙｰﾍﾟUL ﾏﾙﾁｺｰﾄﾞﾚｽﾗｲﾄｾｯﾄ PINK 2.5","ﾆﾎﾝｼｶｼｮｳｼｬ","https://www.gcortholy.com/wp-content/uploads/galilean_loupes_img11.png",50
2c239d66-7a45-4013-9d9f-f9973bfce4eb,"ﾀｲﾆｰﾌﾟﾗｽ","ﾆﾎﾝｼｶｼｮｳｼｬ","https://ikedazoo.jp/wp-content/uploads/2023/01/KIMG0446.jpg",50
4350213b-2e3e-4e51-afa6-6140c5785c8c,"ｶﾌﾟｾﾙﾄｲ ｽﾀｰﾀｰｾｯﾄ(青)","ﾆﾎﾝﾋﾞｽｶ","https://m.media-amazon.com/images/I/71ZrTrr1inL._AC_SL1500_.jpg",74
8f9b3794-c48c-404d-8866-1ba09cf697e2,"D-ｷｬﾋﾞｵｽMTA","ﾈｵ","https://maiplemedical.com/cdn/shop/files/20240115_095431_0001_580x.png?v=1705280250",55
57635d8b-7149-43c6-adda-bb814fe55516,"MGOｼｰﾗｰｾｯﾄ","ﾈｵ","https://shop.r10s.jp/yuzawakikaku/cabinet/r_y068400-y070199/y069346-000-000.jpg",55
f99c4aad-a0c6-4450-b9a6-f318d0c6fd40,"ﾈｵｸﾘｰﾅｰ(ｾｷﾈ)","ﾈｵ","https://cdn.shopify.com/s/files/1/0508/9706/0033/products/07051122_577b19eb21c59_580x.jpg?v=1605258534",55
e6d22097-08db-4f4a-b799-89bdd583d76c,"ﾈｵｸﾘｱﾁｯﾌﾟ(S)40本","ﾈｵ","https://d1wdpa3etmuwz6.cloudfront.net/media/catalog/product/cache/1/image/9df78eab33525d08d6e5fb8d27136e95/2/0/207096202001_01.png",55
7c75a899-083f-4407-963b-5d52e608c2ea,"ﾊﾞｷｭｰﾑｱﾀﾞﾌﾟﾀｰ2個入ﾏﾙﾁｻｸｼｮﾝ用","ﾈｵ","https://d15ihgh2blymmz.cloudfront.net/uploads/item_image/4560128312165/4560128312165_1.jpg",55
fb9d1a4d-6030-4e2a-930a-ad239295bf94,"ﾋﾞﾀﾍﾟｯｸｽ ﾁｯﾌﾟｾｯﾄ","ﾈｵ","https://d15ihgh2blymmz.cloudfront.net/uploads/item_image/4560128311595/4560128311595_1.jpg",55
54b0e2f1-9631-4fbd-8fde-f724338ccefd,"ﾋﾞﾀﾍﾟｯｸｽ ﾈｵﾌﾞﾙｰﾁｯﾌﾟ S 40入","ﾈｵ","https://d15ihgh2blymmz.cloudfront.net/uploads/item_image/4560128311618/4560128311618_1.jpg",55
3dd11e24-a99e-49e7-a2a8-a0d9d817c4fb,"ﾍﾟﾘｵﾄﾞﾝ 2g","ﾈｵ","https://maiplemedical.com/cdn/shop/products/07051048_577b11f15abfd_580x.jpg?v=1605259723",55
d42f05bd-9f1d-4b78-a14a-d1849aaeb1ee,"ﾎﾙﾏﾘﾝｸﾞｱﾔｺ-ﾙFG(ﾈｵ)","ﾈｵ","https://d15ihgh2blymmz.cloudfront.net/uploads/item_image/4560128310109/4560128310109_1.jpg",55
723c7594-8c37-45d4-a180-1b89bae9e80b,"ﾏﾙﾁｻｸｼｮﾝ Eﾀｲﾌﾟ ｾｯﾄ","ﾈｵ","https://d15ihgh2blymmz.cloudfront.net/uploads/item_image/4560128312165/4560128312165_1.jpg",55
46b64a92-8bac-414b-9696-cf2be2945fda,"ﾏﾙﾁｻｸｼｮﾝ 本体ｼﾘﾝｼﾞ10本入","ﾈｵ","https://d15ihgh2blymmz.cloudfront.net/uploads/item_image/4560128312165/4560128312165_1.jpg",55
68fa94c0-d6bf-47dd-a943-e62e5e4791eb,"ﾒﾄｺｰﾙ 10ml","ﾈｵ","https://maiplemedical.com/cdn/shop/products/06210909_576885bd778bb_580x.jpg?v=1605248428",55
4f86aef2-833c-42a4-9635-0350f3807c0e,"ﾙｰﾄｷﾔﾅﾙ ｼﾘﾝｼﾞ 2本入 ｸﾘｰﾑ","ﾈｵ","https://www.kaunet.com/kaunet/images/goods/main/extra/C8221381.jpg",55
a35f5657-7bc3-4a94-a781-dc8a6849d77c,"ﾙｰﾄｷﾔﾅﾙ ｼﾘﾝｼﾞ 2本入 ｾｯﾄ","ﾈｵ","https://shop.r10s.jp/baustore/cabinet/main_ver2/syringe/tl-syringe-sn-20-2.jpg",55
f914a9d7-a194-4cba-89ec-778833c5655f,"ﾙｰﾄｷﾔﾅﾙ ｼﾘﾝｼﾞ 2本入 ﾌﾞﾙｰ","ﾈｵ","https://makeshop-multi-images.akamaized.net/skater/itemimages/000000005702_e0RdSNL.jpg",55
f4c5c25d-7e61-4dbf-b41a-5fdbe013b69b,"ｴｯｸｽ線漏洩測定(法廷定期測定）1区域","ﾈｸｽﾘｰﾌ ﾃﾞﾝﾀﾙｴｷｯ","https://www.chugoku-mdc.com/cmdcwp/wp-content/uploads/2023/06/IMG_4070-1024x768.jpg",50
fe2a39bd-2106-4d5b-bb86-b26875c6702c,"廃棄料","ﾈｸｽﾘｰﾌ ﾃﾞﾝﾀﾙｴｷｯ","https://nexlief.co.jp/wp22/wp-content/uploads/2022/10/1-800x568.jpg",49
6757a672-c78a-491c-8749-4e36dcdbcd84,"廃棄料","ﾈｸｽﾘｰﾌ ﾃﾞﾝﾀﾙｴｷｯ","https://nexlief.co.jp/wp22/wp-content/uploads/2023/12/60551703c5d6a092ea996522d4e6705b-800x568.jpg",49
c4a70cd4-b665-4bfa-a4db-cb4e49489af2,"移設料　（管理医療機器含む）2t","ﾈｸｽﾘｰﾌ ﾃﾞﾝﾀﾙｴｷｯ","https://nexlief.co.jp/wp22/wp-content/uploads/2022/12/PXL_20221213_050722681-2048x1536.jpg",50
9d20785e-ad3a-43a8-af2b-789f08cd5d90,"移設料（ｱｲﾃﾛ5D等、管理医療機器含む）","ﾈｸｽﾘｰﾌ ﾃﾞﾝﾀﾙｴｷｯ","https://matsuo-2011.com/wp-content/uploads/2023/01/IMG_0301-min.jpg",55
1acee2fd-6859-4f35-a26f-564bc1a127d0,"ﾌｧｰｹｰｼｮﾝﾌﾟﾛｰﾌﾞ(両頭)#NAB-2(R)","ﾉｰﾃﾞﾝﾄ","https://service.yoshida-dental.co.jp/s3images/ca/products/7697/images/670253_.jpg",79
34da8531-822f-44e7-a667-040589afac91,"ｼｪｰﾄﾞｶﾞｲﾄﾞ","ﾉﾘﾀｹ","https://www.kuraraynoritake.jp/product/dental_porcelain/images/porcelain_materials/img_shade_guide.png",86
e254e867-d146-4790-8f23-57236494caa2,"ﾉﾘﾀｹｼｪｰﾄﾞｶﾞｲﾄﾞ EWｼｪｰﾄﾞ","ﾉﾘﾀｹ","https://www.kuraraynoritake.jp/search/images/sam_shade_guide_ew.png",95
1d8e4372-b50b-442a-a0ba-456a10fec622,"ﾃﾞｼﾞﾃｽﾄⅡ","ﾊﾟｰｹﾙ","https://img.aucfree.com/c705997426.1.jpg",46
877de4de-b118-4dc7-a55e-aee4b6151b31,"ﾒﾀﾙﾌﾟﾛｰﾌﾞｾｯﾄ(ﾛﾝｸﾞ･ｼｮｰﾄ) ﾃﾞｼﾞﾃｽﾄ","ﾊﾟｰｹﾙ","https://m.media-amazon.com/images/I/61AJEiZtNVL._SL1000_.jpg",75
2fd2ff45-d7e2-4f3c-b4a0-c028c01b2b23,"対極ｸﾘｯﾌﾟ(2個入り)","ﾊﾟｰｹﾙ","https://m.media-amazon.com/images/I/51QrmLt+4bL._AC_SL1500_.jpg",70
758e1681-21e1-48a5-a658-edc222428c77,"ﾊﾞｲｵｶﾞｲｱ ﾌﾟﾛﾃﾞﾝﾃｨｽ 20(30錠BOX)","ﾊﾞｲｵｶﾞｲｱ","https://tshop.r10s.jp/natulifehack/cabinet/biogaia/imgrc0083270997.jpg?n17hdpg32skzm9ove&o9z6m35tw2e8haxfp",75
58a2e7b8-d085-4f6d-ace1-079e52eb34be,"ﾊﾞｲｵｶﾞｲｱ ﾌﾟﾛﾃﾞﾝﾃｨｽ ﾐﾝﾄ 30錠","ﾊﾞｲｵｶﾞｲｱ","https://tshop.r10s.jp/natulifehack/cabinet/biogaia/imgrc0083270997.jpg?n17hdpg32skzm9ove&o9z6m35tw2e8haxfp",75
f240808c-ade4-4e2a-a61b-ffdb77726b8a,"ﾀﾞｲﾔﾓﾝﾄﾞｳｪｯｼﾞ ｲﾝﾄﾛｷｯﾄ 40個","ﾊﾞｲｵｸﾘｱｰ","https://d15ihgh2blymmz.cloudfront.net/uploads/item_image/4580038861393/4580038861393_2.jpg",55
5604ef7e-b98b-4a7e-9d2c-c4cdd4e37d40,"ﾌﾞﾗｯｸﾄﾗｲｱﾝｸﾞﾙ 上顎前歯ﾐﾆｷｯﾄ","ﾊﾞｲｵｸﾘｱｰ","https://www.morimura-jpn.co.jp/wp-content/uploads/2017/10/905059f0e78fcee62f23bb4c2d9d575d-768x588.jpg",50
439f25e3-a149-44f4-993a-1747ab280efc,"ﾌﾞﾗｯｸﾄﾗｲｱﾝｸﾞﾙ 下顎前歯ﾐﾆｷｯﾄ","ﾊﾞｲｵｸﾘｱｰ","https://www.morimura-jpn.co.jp/wp-content/uploads/2019/07/cefc7996daccac5fa2802c32f768075d-1024x788.jpg",50
a0690a4f-53c1-4c58-b607-2b429e9ed621,"ﾌﾞﾗｯｸﾄﾗｲｱﾝｸﾞﾙﾏﾄﾘｯｸｽ BT061 下顎前歯ﾌﾞﾙｰLL","ﾊﾞｲｵｸﾘｱｰ","https://www.morimura-jpn.co.jp/wp-content/uploads/2017/10/905059f0e78fcee62f23bb4c2d9d575d-768x588.jpg",50
640e56fd-b7dd-414c-948e-254fb529cf01,"ﾌﾞﾗｯｸﾄﾗｲｱﾝｸﾞﾙﾏﾄﾘｯｸｽ BT062 上顎前歯ﾌﾞﾙｰLL","ﾊﾞｲｵｸﾘｱｰ","https://d15ihgh2blymmz.cloudfront.net/uploads/item_image/4979256001238/4979256001238_1.jpg",55
caf07bbc-c48a-46be-adeb-439fb210a18c,"ﾌﾞﾗｯｸﾄﾗｲｱﾝｸﾞﾙﾏﾄﾘｯｸｽ BT071 下顎前歯ｸﾞﾘｰﾝL","ﾊﾞｲｵｸﾘｱｰ","https://d15ihgh2blymmz.cloudfront.net/uploads/item_image/4979256001313/4979256001313_1.jpg",55
9e11540b-2109-43d2-be6d-dcb556cc1b5d,"ﾌﾞﾗｯｸﾄﾗｲｱﾝｸﾞﾙﾏﾄﾘｯｸｽ BT072 上顎前歯ｸﾞﾘｰﾝL","ﾊﾞｲｵｸﾘｱｰ","https://d15ihgh2blymmz.cloudfront.net/uploads/item_image/4979256001245/4979256001245_1.jpg",55
92c0748f-4540-4151-b9a0-3a4b7de1d4bd,"ﾌﾞﾗｯｸﾄﾗｲｱﾝｸﾞﾙﾏﾄﾘｯｸｽ BT082 上顎ｲｴﾛｰM","ﾊﾞｲｵｸﾘｱｰ","https://www.morimura-jpn.co.jp/wp-content/uploads/2017/10/905059f0e78fcee62f23bb4c2d9d575d.jpg",50
13f82519-2afc-4d8f-a557-eb1fabc00e59,"772-400-00 ｴﾗｽﾃｨｯｸ ﾌﾟﾚｲｻｰ 50個入","ﾊﾞｲｵﾃﾞﾝﾄ","https://www.dentalead.co.jp/vc/wp-content/uploads/2019/08/772-400-00_2.jpg",48
e2465c14-1377-479e-8073-ad084bc0ecf1,"A001-023350 Vﾍﾞﾝﾃﾞｨﾝｸﾞﾌﾟﾗｲﾔｰ","ﾊﾞｲｵﾃﾞﾝﾄ","https://www.biodent-online.com/static/item/A001-023350_1.jpg?1654156454182",48
ce6f6238-574b-4d0c-b3ee-4b35af3a28e8,"A005-033 模型 ｴﾝﾊﾟﾜｰｸﾘｱ付き 3ﾌｯｸ","ﾊﾞｲｵﾃﾞﾝﾄ","https://cdndental.feed.jp/contents/common/img/goods/item/5929194/5929194_L.jpg",55
ba016c03-1aac-4b8a-8f02-3aae2015d94e,"A1485-22-1112 ｴﾝﾊﾟﾜｰ2ｸﾘｱ 022 U1R ｲﾝﾀﾗｸﾃｨﾌﾞ","ﾊﾞｲｵﾃﾞﾝﾄ","https://www.biodent-online.com/static/item/A148522117_1.jpg?1645794432448",48
5f4d1953-c899-4718-bf8b-5e46084a0048,"A1485-22-128 ｴﾝﾊﾟﾜｰ2ｸﾘｱ 022 U2R ｲﾝﾀﾗｸﾃｨﾌﾞ","ﾊﾞｲｵﾃﾞﾝﾄ","https://www.biodent-online.com/static/item/A1485RH_1.jpg?1717635235932",48
488ca49a-c357-406a-96c3-8988c51affe7,"A1485-22-1302HD ｴﾝﾊﾟﾜｰ2ｸﾘｱ 022 U3R ｲﾝﾀﾗｸﾃｨﾌﾞ","ﾊﾞｲｵﾃﾞﾝﾄ","https://www.biodent-online.com/static/item/A1485RH_1.jpg?1717635235932",48
7fe09b5f-6ffd-48ab-b0d5-53632b184bd9,"A1485-22-1407HD ｴﾝﾊﾟﾜｰ2ｸﾘｱ 022 U45R ｲﾝﾀﾗｸﾃｨﾌﾞ","ﾊﾞｲｵﾃﾞﾝﾄ","https://cdndental.feed.jp/contents/common/img/goods/item/5929194/5929194_L.jpg",55
868bf464-f65c-4d61-adac-4282ad64f7cb,"A1485-22-2112 ｴﾝﾊﾟﾜｰ2ｸﾘｱ 022 U1L ｲﾝﾀﾗｸﾃｨﾌﾞ","ﾊﾞｲｵﾃﾞﾝﾄ","https://www.biodent-online.com/static/item/A1485RH_1.jpg?1717635235932",48
ca5c9a1e-7c48-4c14-80a2-0e6a7374b858,"A1485-22-228 ｴﾝﾊﾟﾜｰ2ｸﾘｱ 022 U2L ｲﾝﾀﾗｸﾃｨﾌﾞ","ﾊﾞｲｵﾃﾞﾝﾄ","https://www.biodent-online.com/static/item/A148522228_1.jpg?1645794432380",48
7bc7b079-0acf-4233-8967-99b040d4e5e3,"A1485-22-2302HD ｴﾝﾊﾟﾜｰ2ｸﾘｱ 022 U3L ｲﾝﾀﾗｸﾃｨﾌﾞ","ﾊﾞｲｵﾃﾞﾝﾄ","https://www.biodent-online.com/static/item/A1475MH_1.jpg?1717635235932",48
255865a7-eac4-41f8-9078-4ff99fff855c,"A1485-22-2407HD ｴﾝﾊﾟﾜｰ2ｸﾘｱ 022 U45L ｲﾝﾀﾗｸﾃｨﾌﾞ","ﾊﾞｲｵﾃﾞﾝﾄ","https://www.biodent-online.com/static/item/A1475MH_1.jpg?1717635235932",48
c120964b-31e3-42e9-9095-41fcd4be53c4,"A1485-22-3101 ｴﾝﾊﾟﾜｰ2ｸﾘｱ 022 L12L ｲﾝﾀﾗｸﾃｨﾌﾞ","ﾊﾞｲｵﾃﾞﾝﾄ","https://www.biodent-online.com/static/item/A1485RH_1.jpg?1717635235932",48
d06e0ac4-bb6b-4951-80cb-da8b90072a32,"A1485-22-3311HD ｴﾝﾊﾟﾜｰ2ｸﾘｱ 022 L3L ｲﾝﾀﾗｸﾃｨﾌﾞ","ﾊﾞｲｵﾃﾞﾝﾄ","https://www.biodent-online.com/static/item/A1475MH_1.jpg?1717635235932",48
cde28fad-5371-4c16-baee-7f1af1716049,"A1485-22-3417HD ｴﾝﾊﾟﾜｰ2ｸﾘｱ 022 L4L ｲﾝﾀﾗｸﾃｨﾌﾞ","ﾊﾞｲｵﾃﾞﾝﾄ","https://www.biodent-online.com/static/item/A1475MH_1.jpg?1717635235932",48
cc8e932f-f629-4e21-9f4c-02ed9ea05aa5,"A1485-22-3522HD ｴﾝﾊﾟﾜｰ2ｸﾘｱ 022 L5L ｲﾝﾀﾗｸﾃｨﾌﾞ","ﾊﾞｲｵﾃﾞﾝﾄ","https://www.biodent-online.com/static/item/A1475MH_1.jpg?1717635235932",48
ff776899-0d07-4647-a128-e86f79f74adc,"A1485-22-4101 ｴﾝﾊﾟﾜｰ2ｸﾘｱ 022 L12R ｲﾝﾀﾗｸﾃｨﾌﾞ","ﾊﾞｲｵﾃﾞﾝﾄ","https://www.biodent-online.com/static/item/A1485RH_1.jpg?1717635235932",48
735f2082-db07-4f83-93ce-d315656b1dd2,"A1485-22-4311HD ｴﾝﾊﾟﾜｰ2ｸﾘｱ 022 L3R ｲﾝﾀﾗｸﾃｨﾌﾞ","ﾊﾞｲｵﾃﾞﾝﾄ","https://www.biodent-online.com/static/item/A1475MH_1.jpg?1717635235932",48
32002463-c4e3-424d-93d2-5f2db40f13db,"A1485-22-4417HD ｴﾝﾊﾟﾜｰ2ｸﾘｱ 022 L4R ｲﾝﾀﾗｸﾃｨﾌﾞ","ﾊﾞｲｵﾃﾞﾝﾄ","https://d15ihgh2blymmz.cloudfront.net/uploads/item_image/4582416281236/4582416281236_2.jpg",55
19977a6d-148b-4f14-987b-a40ec28f6fda,"A1485-22-4522HD ｴﾝﾊﾟﾜｰ2ｸﾘｱ 022 L5R ｲﾝﾀﾗｸﾃｨﾌﾞ","ﾊﾞｲｵﾃﾞﾝﾄ","https://www.biodent-online.com/static/item/A1485RH_1.jpg?1717635235932",48
b7296a46-a055-49ae-9ef9-8dfd96b435f4,"A520-60K ﾏｲｸﾛﾓﾗｰﾊﾞﾝﾄﾞｷｯﾄ 乳臼歯上顎用","ﾊﾞｲｵﾃﾞﾝﾄ","https://www.biodent-online.com/static/content/CA_BAND_A520.jpg",48
ce31b843-8994-4afb-8a03-0bbd9d65a88d,"A530-60K ﾏｲｸﾛﾓﾗｰﾊﾞﾝﾄﾞｷｯﾄ 乳臼歯下顎用","ﾊﾞｲｵﾃﾞﾝﾄ","https://d15ihgh2blymmz.cloudfront.net/uploads/item_image/4582416281236/4582416281236_2.jpg",55
b3864bcd-3018-40a1-b06c-a81de85618d1,"A851-616 ｲﾝﾄﾗｵｰﾗﾙﾌｯｸ ｸﾘﾝﾊﾟﾌﾞﾙﾛﾝｸﾞﾀｲﾌﾟ","ﾊﾞｲｵﾃﾞﾝﾄ","https://www.biodent-online.com/static/item/A851-616_2.jpg?1646614102163",48
ac189abe-d2f1-4555-920f-3b9f27adffa2,"A851-802B 50症例ｹｰｽ UL7-7","ﾊﾞｲｵﾃﾞﾝﾄ","https://www.biodent-online.com/static/item/A851-802B_1.jpg?1665024209665",48
c6171f4e-4f7b-4528-a946-92ff128c54a3,"A852-030930PK(A294-170) ﾘﾝｶﾞﾙｱﾀｯﾁﾒﾝﾄ DBﾎﾞﾀﾝ ﾌﾗｯﾄ","ﾊﾞｲｵﾃﾞﾝﾄ","https://www.biodent-online.com/static/item/A852-120_1.jpg?1662083575731",48
2a198e3d-5412-45fb-a4df-c6d571c00c26,"A852-030930PK(A294-170) ﾘﾝｶﾞﾙｱﾀｯﾁﾒﾝﾄ ﾎﾞﾀﾝ ﾌﾗｯﾄ","ﾊﾞｲｵﾃﾞﾝﾄ","https://www.biodent-online.com/static/catalog/8.png?20250831175732467",49
a9a321ed-b55e-4a7e-9298-b6f2064d5737,"A852-030931PK（A292-171）ﾘﾝｶﾞﾙｱﾀｯﾁﾒﾝﾄ ﾎﾞﾀﾝ ｶｰﾌﾞ","ﾊﾞｲｵﾃﾞﾝﾄ","https://www.biodent-online.com/static/item/A852-120_1.jpg?1662083575731",48
3ee09357-5b43-4976-a5fe-1f8285e71a17,"A854-267 ｶﾗｰﾘｶﾞﾁｬｰ ﾕﾆｽﾃｨｯｸ","ﾊﾞｲｵﾃﾞﾝﾄ","https://d15ihgh2blymmz.cloudfront.net/uploads/item_image/4560231665912/4560231665912_2.jpg",55
f1568d7d-aaca-4588-a7ec-1d4ee3059d51,"A854-279 ｶﾗｰﾘｶﾞﾁｬｰ ﾕﾆｽﾃｨｯｸ ｸﾘｱ","ﾊﾞｲｵﾃﾞﾝﾄ","https://d15ihgh2blymmz.cloudfront.net/uploads/item_image/4560231665912/4560231665912_2.jpg",55
d9f84434-55c0-4375-9cee-a66f298ffdad,"A855-030756 ﾕｰﾃｨﾘﾃｨﾄﾗｸｼｮﾝﾌｯｸ ｶｰﾌﾞ","ﾊﾞｲｵﾃﾞﾝﾄ","https://m.media-amazon.com/images/S/aplus-media-library-service-media/89f02017-7f69-48e8-8197-e8921769c4a1.__CR0,0,970,600_PT0_SX970_V1___.jpg",67
5acd9704-c72e-4382-8d73-e5fb15300a02,"A855-277 ｲﾝﾄﾗｵｰﾗﾙﾌｯｸ ﾊﾟﾜｰﾌｯｸ M","ﾊﾞｲｵﾃﾞﾝﾄ","https://www.biodent-online.com/static/item/A855-278_4.jpg?1646614102107",48
51edf319-3c8c-4104-849a-5e4a9f33ba6b,"A855-619 ﾘｶﾞﾁｬｰﾜｲﾔｰ 012  ﾌﾟﾘﾌｫｰﾑﾄﾞﾄｩｰｽｶﾗｰ 100本入","ﾊﾞｲｵﾃﾞﾝﾄ","https://d15ihgh2blymmz.cloudfront.net/uploads/item_image/4560222363025/4560222363025_1.jpg",55
624412c8-5708-4e84-ae70-9b5e50988627,"A855-620 ﾘｶﾞﾁｬｰﾜｲﾔｰ 009","ﾊﾞｲｵﾃﾞﾝﾄ","https://www.biodent-online.com/static/item/A855-620_1.jpg?1646614102019",48
76e91f90-da11-4c79-a0be-ff997da16e07,"A855-621 ﾘｶﾞﾁｬｰﾜｲﾔｰ 010","ﾊﾞｲｵﾃﾞﾝﾄ","https://www.biodent-online.com/static/item/A855-621_1.jpg?1646614102047",48
1ecf5bae-2e4f-47d8-a11d-7a42bac2c3be,"A855-622 ﾘｶﾞﾁｬｰﾜｲﾔｰ 011","ﾊﾞｲｵﾃﾞﾝﾄ","https://www.biodent-online.com/static/item/A855-622_1.jpg?1646614101991",48
a539d557-6631-4099-96a0-7c3b31d331c0,"A855-623 ﾘｶﾞﾁｬｰﾜｲﾔｰ 012","ﾊﾞｲｵﾃﾞﾝﾄ","https://www.biodent-online.com/static/item/A855-619_2.jpg?1646614102007",48
add2256b-1708-470f-8ca2-d34882c2ec12,"A857-504C ﾒﾓﾘｰｱｰﾁﾜｲﾔｰ ｽﾌﾟｰﾙ 014","ﾊﾞｲｵﾃﾞﾝﾄ","https://www.biodent-online.com/static/item/A857-504C_2.jpg?1646614102063",48
e2c0c6c5-f739-4700-ad74-51faa96268b8,"A857-506C ﾒﾓﾘｰｱｰﾁﾜｲﾔｰ ｽﾌﾟｰﾙ 016","ﾊﾞｲｵﾃﾞﾝﾄ","https://www.biodent-online.com/static/item/A857-506C_2.jpg?1646614102075",48
ebd11978-ee85-4171-a428-5deee2f186eb,"A909-035556 ｴﾗｽﾃｨｯｸ ﾌﾟﾚｲｻｰ 100個入","ﾊﾞｲｵﾃﾞﾝﾄ","https://www.biodent-online.com/static/item/A909-035556_1.jpg?1656554160756",48
a23e86a3-5db8-4b04-876f-c08e9303828c,"A951-3006C DBﾁｭｰﾌﾞ S 022 U7R　LP","ﾊﾞｲｵﾃﾞﾝﾄ","https://www.biodent-online.com/static/item/A951-3006C_1.jpg?1646286808683",48
d13b9f05-bf2e-4928-bdee-21b03160a3ba,"A952-3007C DBﾁｭｰﾌﾞ S 022 U7L LP","ﾊﾞｲｵﾃﾞﾝﾄ","https://www.biodent-online.com/static/item/A952-811C_1.jpg?1646286808687",48
6e4c5230-4f01-4a5b-b742-2f0d6bfe687b,"A952-3007C DBﾁｭｰﾌﾞ S 022 U7L　LP","ﾊﾞｲｵﾃﾞﾝﾄ","https://www.biodent-online.com/static/item/A952-811C_1.jpg?1646286808687",48
a57583fe-63c1-42e0-a331-5baa31c66c4e,"A953-3007C DBﾁｭｰﾌﾞ S 022 L7R　LP","ﾊﾞｲｵﾃﾞﾝﾄ","https://www.biodent-online.com/static/item/A953-807C_1.jpg?1646286808683",48
451f2310-82af-4f0c-b32b-48ff50c29b42,"A954-3006C DBﾁｭｰﾌﾞ S 022 L7L　LP","ﾊﾞｲｵﾃﾞﾝﾄ","https://www.biodent-online.com/static/item/A097-761C_1.jpg?1646287480418",48
fd42ccc9-96e0-4146-8c62-a825a8f414f9,"A955-22-4610H ｴﾝﾊﾟﾜｰ2 S 022 L6R","ﾊﾞｲｵﾃﾞﾝﾄ","https://www.biodent-online.com/static/item/A955-22-4610H_1.jpg?1646287803372",48
a1772e11-8a39-4847-80c2-e780be6e1f29,"A955-313CM DBﾁｭｰﾌﾞ S  022 L6R","ﾊﾞｲｵﾃﾞﾝﾄ","https://www.biodent-online.com/static/item/A955-313CM_1.jpg?1646286417925",48
c38118aa-8bb3-4e17-ae11-c534b17659cd,"A956-22-3610H ｴﾝﾊﾟﾜｰ2 S 022 L6L","ﾊﾞｲｵﾃﾞﾝﾄ","https://www.biodent-online.com/static/item/A956-22-3614H_1.jpg?1646287803368",48
4eef7fea-4368-4ed8-9d60-255603412189,"A956-312CM DBﾁｭｰﾌﾞ S  022 L6L","ﾊﾞｲｵﾃﾞﾝﾄ","https://www.biodent-online.com/static/item/A956-1049C_1.jpg?1646286556702",48
3fa43447-b9af-4998-8a60-1fe33d082788,"A957-22-1610H ｴﾝﾊﾟﾜｰ2 S 022 U6R","ﾊﾞｲｵﾃﾞﾝﾄ","https://www.biodent-online.com/static/item/A957-22-1618H_1.jpg?1646287803372",48
64709a4b-cdfe-4775-b9f9-09338791bcd2,"A957-312CM DBﾁｭｰﾌﾞ S  022 U6R","ﾊﾞｲｵﾃﾞﾝﾄ","https://www.biodent-online.com/static/item/A957-724C_1.jpg?1646286556702",48
3428dc1b-b94a-45db-a41f-d354ac47be95,"A958-22-2610H ｴﾝﾊﾟﾜｰ2 S 022 U6L","ﾊﾞｲｵﾃﾞﾝﾄ","https://www.biodent-online.com/static/item/A962-22-2610H_1.jpg?1653282090510",48
a9a32f46-0114-4dd9-ab95-3bd84ff3e556,"A958-313CM DBﾁｭｰﾌﾞ S  022 U6L","ﾊﾞｲｵﾃﾞﾝﾄ","https://www.biodent-online.com/static/item/A958-724C_1.jpg?1646286556698",48
d26d53ac-e22c-4782-853c-03af2028ced1,"B02-001 ﾓﾃﾞﾙﾎﾞｯｸｽ 白 (6個)","ﾊﾞｲｵﾃﾞﾝﾄ","https://www.biodent-online.com/static/item/B02-001_1.jpg?1665024209661",48
ee728d5a-0e6a-4776-b6a0-a2314e191ba2,"B02-001 ﾓﾃﾞﾙﾎﾞｯｸｽ 白 (6個) 50枚入","ﾊﾞｲｵﾃﾞﾝﾄ","https://www.biodent-online.com/static/item/B02-001_1.jpg?1665024209661",48
d379caf6-69b6-4067-b8d1-9bfc1c484fa0,"B27-401 ﾌﾟﾗｲﾔｰｽﾀﾝﾄﾞL","ﾊﾞｲｵﾃﾞﾝﾄ","https://service.yoshida-dental.co.jp/s3images/ca/series/10185/images/%E3%83%97%E3%83%A9%E3%82%A4%E3%83%A4%E3%83%BC%E3%82%B9%E3%82%BF%E3%83%B3%E3%83%89_.jpg",98
0fedce6d-c825-4bb1-9b93-6e8ae4e3783a,"B27-409 ﾏﾙﾁ ﾕｰｽ ﾋﾟﾝｾｯﾄ Fine","ﾊﾞｲｵﾃﾞﾝﾄ","https://shop.r10s.jp/manshin-osaka/cabinet/kougu/5-ma-2.jpg",55
10a1128b-0ea5-42b0-a886-ab4c651fb801,"B27-415 矯正ﾌﾟﾗｲﾔｰ EVER ｸﾗｼｯｸ ﾂｲｰﾄﾞｱｰﾁ ＃415","ﾊﾞｲｵﾃﾞﾝﾄ","https://auctions.c.yimg.jp/images.auctions.yahoo.co.jp/image/dr000/auc0411/users/819714e8fc2b0cd9236a30d01b64a018f248e457/i-img1200x1200-1699182443zblulx1933765.jpg",55
3f66235e-97c8-47f7-9e70-23859ea0ad1c,"B27-440 矯正ﾌﾟﾗｲﾔｰ EVER ﾌｧｲﾝ ﾕｰﾃｨﾘﾃｨ #440","ﾊﾞｲｵﾃﾞﾝﾄ","https://www.biodent-online.com/static/item/B27-440_1.jpg?1702353975413",48
be573fb6-5859-42f6-8dc7-5f3fe59c3948,"B27-442 矯正ﾌﾟﾗｲﾔｰ ﾎｰ ＃442","ﾊﾞｲｵﾃﾞﾝﾄ","https://static.mercdn.net/item/detail/orig/photos/m97210477818_1.jpg?1751118316",55
62e74655-523b-45a2-b350-3233abec626c,"B27-461 矯正ﾌﾟﾗｲﾔｰEVER ﾌｧｲﾝ ｼﾝﾁﾊﾞｯｸ #461（旧B35-）","ﾊﾞｲｵﾃﾞﾝﾄ","https://www.biodent-online.com/static/item/B27-461_1.jpg?1702353975405",48
cc823218-c9b4-4b7b-8efb-52bfd6a6c5cb,"B27-601 ﾘｶﾞﾁｬｰｶｯﾀｰ EVER ﾌｧｲﾝ 40 ｱﾝｸﾞﾙ","ﾊﾞｲｵﾃﾞﾝﾄ","https://www.biodent-online.com/static/item/B35-476_1.jpg?1654156454190",48
d446f7cc-becc-420d-b2d1-ebfc48b5d3ac,"B27-605 ﾘｶﾞﾁｬｰｶｯﾀｰ EVER ﾌｧｲﾝ ＃605（B35-473）","ﾊﾞｲｵﾃﾞﾝﾄ","https://www.biodent-online.com/static/item/B35-473_1.jpg?1654156454194",48
f09bf2f4-2f51-4b8a-ab06-2c78b5ad8421,"B27-606 ｴﾝﾄﾞｶｯﾀｰ ｾｲﾌﾃｨ EVER ﾌｧｲﾝ ＃606S","ﾊﾞｲｵﾃﾞﾝﾄ","https://d15ihgh2blymmz.cloudfront.net/uploads/item_image/4963931276066/4963931276066_1.jpg",55
2dd6131d-f458-4d1f-9037-6604088d57fb,"B35-020 ﾌﾞｰﾝｹﾞｰｼﾞ4叉 　BD","ﾊﾞｲｵﾃﾞﾝﾄ","https://auctions.c.yimg.jp/images.auctions.yahoo.co.jp/image/dr000/auc0505/users/819714e8fc2b0cd9236a30d01b64a018f248e457/i-img768x768-1714712019wked3w394179.jpg",55
e4c8fd71-8b01-4ac5-9920-033a43176552,"B35-029 ｴﾝﾊﾟﾜｰｲﾝｽﾂﾙﾒﾝﾄ","ﾊﾞｲｵﾃﾞﾝﾄ","https://d15ihgh2blymmz.cloudfront.net/uploads/item_image/4963931350292/4963931350292_1.jpg",55
be64e9cd-82d8-4ba6-966d-b64b5b75a357,"B35-081 ﾊｰﾌﾑｰﾝｶｯﾀｰ","ﾊﾞｲｵﾃﾞﾝﾄ","https://www.biodent-online.com/static/item/B35-081_1.jpg?1654156454186",48
568603ad-172c-4bb8-ac12-5f0f39373a39,"B35-082 ｱﾗｲﾅｰﾘﾑｰﾊﾞｰ","ﾊﾞｲｵﾃﾞﾝﾄ","https://www.biodent-online.com/static/item/B35-082_3.jpg?1654156454194",48
32b2e793-98b1-49bc-9fe0-cd7dd9bccdca,"B35-085 ｸﾗｽﾌﾟﾘﾌﾄ","ﾊﾞｲｵﾃﾞﾝﾄ","https://www.biodent-online.com/static/item/B35-085_item_image1.jpg?1733719813127",48
d5a18c64-5f9c-4fb3-8dba-64a8e6179578,"B35-147 ﾍｷｻｺﾞﾝﾄﾞﾗｲﾊﾞｰﾁｯﾌﾟ S CA用 ISA ﾀｲﾌﾟF","ﾊﾞｲｵﾃﾞﾝﾄ","https://d15ihgh2blymmz.cloudfront.net/uploads/item_image/4963931351473/4963931351473_1.jpg",55
c640db06-ad2f-455e-9d75-5b73edebea99,"B35-151 ﾍｷｻｺﾞﾝﾄﾞﾗｲﾊﾞｰﾁｯﾌﾟ ISA ﾀｲﾌﾟF","ﾊﾞｲｵﾃﾞﾝﾄ","https://d15ihgh2blymmz.cloudfront.net/uploads/item_image/4963931351473/4963931351473_1.jpg",55
0ef7cc6d-ff65-46e8-b557-1490b8b1af2b,"B35-152 ﾍｷｻｺﾞﾝﾄﾞﾗｲﾊﾞｰﾁｯﾌﾟ M CA用 ﾀｲﾌﾟF","ﾊﾞｲｵﾃﾞﾝﾄ","https://www.biodent-online.com/static/item/B35-152_1.jpg?1656045967573",48
82e1d0c8-dfe2-4dde-a2fe-d3d828dc59fb,"B35-153 ﾍｷｻｺﾞﾝﾄﾞﾗｲﾊﾞｰﾁｯﾌﾟ ﾀｲﾌﾟA","ﾊﾞｲｵﾃﾞﾝﾄ","https://www.biodent-online.com/static/item/B35-154_1.jpg?1656045967573",48
463cc88d-eaae-4c30-9b7c-6c6d21338b3d,"B35-155 ﾍｷｻｺﾞﾝﾄﾞﾗｲﾊﾞｰﾁｯﾌﾟ ﾀｲﾌﾟTK","ﾊﾞｲｵﾃﾞﾝﾄ","https://www.biodent-online.com/static/item/B35-155_1.jpg?1656045967573",48
053098b2-0d94-4edb-ba3c-1f89aa4b7d3e,"B35-210 ﾊﾟﾗﾀﾙ ﾚﾊﾞｰ ｱｰﾑ ｼｽﾃﾑ 0.9","ﾊﾞｲｵﾃﾞﾝﾄ","https://www.biodent-online.com/static/item/B35-210_2.jpg?1656045967573",48
ad6f03e8-a85e-4f1c-a072-c1bf3113f040,"B35-211 ﾊﾟﾗﾀﾙ ﾚﾊﾞｰ ｱｰﾑ ｼｽﾃﾑ 1.2","ﾊﾞｲｵﾃﾞﾝﾄ","https://www.biodent-online.com/static/item/B35-213_2.jpg?1656045967577",48
d4d1cda5-5545-4a92-ac82-e815dfa31e27,"B35-216 PLASｶﾞｲﾄﾞ2","ﾊﾞｲｵﾃﾞﾝﾄ","https://www.biodent-online.com/static/item/B35-216_1.jpg?1656045967569",48
8a4f3970-99a0-43ab-89e2-19b3d0bfa56c,"B35-439 ﾀﾞｲﾔﾓﾝﾄﾞﾃﾞｨﾚｸﾀｰ","ﾊﾞｲｵﾃﾞﾝﾄ","https://www.biodent-online.com/static/item/B35-439_2.jpg?1654156454182",48
ec36a49f-7cd9-47b3-922b-7879e9c41066,"B35-544 D-PAS JP ｽｸﾘｭｰ Type-F 2.0 12mm","ﾊﾞｲｵﾃﾞﾝﾄ","https://www.itx.co.jp/files/products/biodent/D_PAS_0.png",55
0209e4a7-4a6d-4f29-a95b-bdb4b846bdfc,"B35-552 B-maxｽｸﾘｭｰ Type-A 1.4 8㎜","ﾊﾞｲｵﾃﾞﾝﾄ","https://www.biodent-online.com/static/item/B35-552_1.jpg?1646614102131",48
d5adc31c-3586-4732-aa51-f463d2d990c2,"B35-577 B-maxｽｸﾘｭｰ Type-TK 1.4  7mm","ﾊﾞｲｵﾃﾞﾝﾄ","https://www.itx.co.jp/files/products/biodent/b-max.png",55
006f3252-2fcc-4f32-97e2-3fea0c661145,"B35-601 矯正ﾌﾟﾗｲﾔｰ ﾂｨｰﾄﾞｱｰﾁ BD-601","ﾊﾞｲｵﾃﾞﾝﾄ","https://www.biodent-online.com/static/item/B35-601_1.jpg?1654156454182",48
b105eeb2-d22d-4500-a6ab-b0f748bbd0c9,"B35-603 矯正ﾌﾟﾗｲﾔｰ ｽﾘｰｼﾞｮｰ BD-603","ﾊﾞｲｵﾃﾞﾝﾄ","https://auctions.c.yimg.jp/images.auctions.yahoo.co.jp/image/dr000/auc0408/users/819714e8fc2b0cd9236a30d01b64a018f248e457/i-img1200x1200-1693180737mcrmmj137940.jpg",55
61372cfc-d2d2-46f8-b990-625dbef5de4f,"B35-607 矯正ﾌﾟﾗｲﾔｰ ﾗｲﾄﾜｲﾔｰｶｯﾀｰ付 BD-607","ﾊﾞｲｵﾃﾞﾝﾄ","https://auctions.c.yimg.jp/images.auctions.yahoo.co.jp/image/dr000/auc0508/user/92fc7284e394472d6deb6bd2ce9ead76dbfd8864e8448058bf2b3afd63f8e3ab/i-img1024x1024-17242429883878z6bwxj168257.jpg",55
e1d00ae6-1b7d-4ea2-9570-5a2eded50231,"B35-610 矯正ﾌﾟﾗｲﾔｰ ﾕｰﾃｨﾘﾃｨ BD-610","ﾊﾞｲｵﾃﾞﾝﾄ","https://d15ihgh2blymmz.cloudfront.net/uploads/item_image/4963931356102/4963931356102_1.jpg",55
4175b3ee-017c-4a54-a5c2-2ce5bc26b511,"B35-612 矯正ﾌﾟﾗｲﾔｰ ﾊﾞﾝﾄﾞﾘﾑｰﾋﾞﾝｸﾞ BD-612","ﾊﾞｲｵﾃﾞﾝﾄ","https://static.mercdn.net/item/detail/orig/photos/m97210477818_1.jpg?1751118316",55
41996059-6e69-46af-acc7-450a0a002597,"B35-617 矯正ﾌﾟﾗｲﾔｰ ﾌﾞﾗｹｯﾄﾘﾑｰﾊﾞｰ BD-617","ﾊﾞｲｵﾃﾞﾝﾄ","https://www.biodent-online.com/static/item/B35-617_1.jpg?1654156454198",48
b40ea30b-eea5-4148-9dfd-595b55be7d2a,"B35-618 ﾘｶﾞﾁｬｰｶｯﾀｰ BD-618","ﾊﾞｲｵﾃﾞﾝﾄ","https://d15ihgh2blymmz.cloudfront.net/uploads/item_image/4963931356188/4963931356188_1.jpg",55
9697bbbd-f75b-4ca1-923e-10a168cfb74c,"B35-622 ﾎﾛｰﾁｮｯﾌﾟ ﾅﾛｰﾀｲﾌﾟ HN","ﾊﾞｲｵﾃﾞﾝﾄ","https://www.biodent-online.com/static/item/B35-622_1.jpg?1702353718526",48
1ce01638-cc33-435f-8a7a-460c4a6e8cf3,"B35-751 ｺﾋﾞｰSTR-L12-022","ﾊﾞｲｵﾃﾞﾝﾄ","https://www.biodent-online.com/static/item/B35-851_1.jpg?1645794432448",48
b8ff73a0-2eab-467c-a5a5-cadb01cdb9ca,"B35-851 ｺﾋﾞｰN plus STR-L12-022","ﾊﾞｲｵﾃﾞﾝﾄ","https://www.biodent-online.com/static/item/B35-851_1.jpg?1645794432448",48
3110b55c-413b-4b3c-8e80-94faed31ad3e,"B37-625 ECCｱﾀｯﾁﾒﾝﾄ Ⅱ ﾊﾟﾜｰｱﾝｶ 10入","ﾊﾞｲｵﾃﾞﾝﾄ","https://www.biodent-online.com/static/item/B37-625_1.jpg?1646614102107",48
ab14a605-90bf-4c40-adfd-c654e37a414f,"B37-785 ﾐﾗｰﾊﾝﾄﾞﾙ 角型 BD","ﾊﾞｲｵﾃﾞﾝﾄ","https://auctions.c.yimg.jp/images.auctions.yahoo.co.jp/image/dr000/auc0310/users/10221cb332327cd3bb2b918e0be9290b95e8137c/i-img1200x1200-1666318914re4hde87663.jpg",55
232ba605-d403-4d91-b835-d4a7454d742b,"DT-TE73111650　ﾂｲｽﾄﾄﾞﾘﾙ（ﾌﾟﾚﾄﾞﾘﾘﾝｸﾞ用）φ1.3","ﾊﾞｲｵﾃﾞﾝﾄ","https://www.itx.co.jp/files/products/dentech/310-02381.jpg",55
bd7a9bb6-5d59-4fa0-81cd-5dcd13f3c67d,"P16-8A ISAｼｽﾃﾑ Self－Drill ｻｲｽﾞ8mm1.6mm","ﾊﾞｲｵﾃﾞﾝﾄ","https://www.itx.co.jp/files/products/biodent/ISA_1.JPG",54
a37c7343-9418-4ea4-89a2-953f7f31b2ca,"TYCS2 ﾁｭｰｲﾝｸﾞｼｰﾄ（3枚×20袋）","ﾊﾞｲｵﾃﾞﾝﾄ","https://m.media-amazon.com/images/I/71ycYq+UAxL._AC_.jpg",75
fdcf6a42-f9ed-4691-9b6c-bd0afc41744f,"Y22-955 YS-31 ﾃﾝｼｮﾝｹﾞｰｼﾞ 5N","ﾊﾞｲｵﾃﾞﾝﾄ","https://www.biodent-online.com/static/item/Y22-955_1.jpg?1654156454194",48
e02f0b41-b0de-447e-be94-34c0cd269d2c,"ｼﾞｽｸ用ﾄﾚｰ 2枚組 丸型","ﾊﾞｲﾀﾙ","https://cdn.l.shop-list.com/res/up/shoplist/shp/__thum370__/livingut/images/maker_shimo_kh2/347954_1.jpg",55
60a0851c-ca17-4b51-959f-c2cf6b51bd88,"ﾌﾞﾗｷｼｽﾞﾑｽﾌﾟﾘﾝﾄ 0.5mm 50枚","ﾊﾞｲﾀﾙ","https://d1wdpa3etmuwz6.cloudfront.net/media/catalog/product/cache/1/image/500x500/9df78eab33525d08d6e5fb8d27136e95/2/2/220683256001_01.png",55
b2f2a5c5-373b-4564-b229-5c02639c8910,"ﾌﾞﾗｷｼｽﾞﾑｽﾌﾟﾘﾝﾄ 0.8mm 10枚","ﾊﾞｲﾀﾙ","https://www.meinandental.com/wp/wp-content/uploads/2021/07/sprint_1-e1635234261667.png",50
b78f3ec4-42d0-458d-babe-317605fc5f14,"ﾌﾞﾗｷｼｽﾞﾑｽﾌﾟﾘﾝﾄ 0.8mm 50枚","ﾊﾞｲﾀﾙ","https://www.meinandental.com/wp/wp-content/uploads/2021/07/sprint_1-e1635234261667.png",50
fd2ece5f-1d0b-487a-91bd-28bb6b2de80e,"ﾌﾞﾗｷｼｽﾞﾑｽﾌﾟﾘﾝﾄ 1.0mm 10枚","ﾊﾞｲﾀﾙ","https://d1wdpa3etmuwz6.cloudfront.net/media/catalog/product/cache/1/image/500x500/9df78eab33525d08d6e5fb8d27136e95/2/2/220683257001_01.png",55
bab950f8-3127-4719-ac85-f2a39bc8348b,"ﾌﾞﾗｷｼｽﾞﾑｽﾌﾟﾘﾝﾄ 1.0mm 50枚","ﾊﾞｲﾀﾙ","https://d1wdpa3etmuwz6.cloudfront.net/media/catalog/product/cache/1/image/500x500/9df78eab33525d08d6e5fb8d27136e95/2/2/220683257001_01.png",55
8c71652c-2b0d-4d75-b95a-0a4514c2a5d9,"ﾌﾞﾗｷｼｽﾞﾑｽﾌﾟﾘﾝﾄ 1.5mm 10枚","ﾊﾞｲﾀﾙ","https://d1wdpa3etmuwz6.cloudfront.net/media/catalog/product/cache/1/image/1800x/040ec09b1e35df139433887a97daa66f/2/2/220683258001_01.png",55
5945190d-75bb-4a9c-8c7e-e4d239b4ac2c,"ﾌﾞﾗｷｼｽﾞﾑｽﾌﾟﾘﾝﾄ 2.0mm 10枚","ﾊﾞｲﾀﾙ","https://d1wdpa3etmuwz6.cloudfront.net/media/catalog/product/cache/1/image/9df78eab33525d08d6e5fb8d27136e95/2/2/220683347001_01.png",55
043fc802-a527-4bbd-bea9-44774a6a2a2b,"ｺﾊﾞﾙﾄﾜｲﾔｰ φ0.9 5mﾛｰﾙ","ﾊｲﾃﾞﾝﾀﾙ","https://d15ihgh2blymmz.cloudfront.net/uploads/item_image/2000000120027/2000000120027_1.jpg",55
6692df6b-eed8-4483-9ab5-983a8853bdf0,"ﾘﾗｲﾆﾝｸﾞｻﾝﾄﾞ 850g","ﾊｲﾃﾞﾝﾀﾙ","https://www.tokuyama-dental.co.jp/products/items/14775894aa049c83d7bc9ed8a889f34f.jpg",105
a5e2750e-b3ce-4b72-9550-147f066570d5,"補強芯(中)3本入","ﾊｲﾃﾞﾝﾀﾙ","https://d15ihgh2blymmz.cloudfront.net/uploads/item_image/4560230201241/4560230201241_1.jpg",55
a6ed6774-dba0-4df6-8a40-2a7375aa218b,"ｱﾙﾃｨﾌｫﾙ BK-23 片面 青","ﾊﾞｳｼｭ","https://d15ihgh2blymmz.cloudfront.net/uploads/item_image/2000000017679/2000000017679_1.jpg",55
de653069-b7d2-42f1-9249-5a43c90b517d,"ｱﾙﾃｨﾌｫﾙ BK-25 両面 赤","ﾊﾞｳｼｭ","https://d15ihgh2blymmz.cloudfront.net/uploads/item_image/4562202300259/4562202300259_1.jpg",55
1385862e-b100-423b-87fe-c288ad1aa921,"ﾊﾞｳｼｭBK-1025ｱﾙﾃｨﾌｫﾙ 両面 赤 詰替用","ﾊﾞｳｼｭ","https://d15ihgh2blymmz.cloudfront.net/uploads/item_image/4562202305254/4562202305254_1.jpg",55
16e3ab98-dcff-4caa-b167-42f50b202562,"ﾒﾝﾊﾞﾝ No.4 4cmX4cm 500g　27692","ﾊｸｼﾞｭｳｼﾞ","https://www.icare-life.jp/files/item_images/10041/0.jpg",55
952a7b96-1e43-4e2d-802f-4c1982eb786e,"ｼﾞﾝｼﾞｶｲﾝｹﾞﾙ20% 1ヶ入","ﾊｸｽｲ","https://shop.pdr.co.jp/g_images/series-938/series-938_01.jpg",80
49ec0aa9-1717-4e6a-830f-c64267ac9aa7,"ｽﾌﾟﾗｿﾝ ﾆｭｰﾄﾛﾝ ﾊﾝﾄﾞﾋﾟｰｽ 光無し","ﾊｸｽｲ","https://service.yoshida-dental.co.jp/s3images/ca/series/10977/images/%E3%83%8B%E3%83%A5%E3%83%BC%E3%83%88%E3%83%AD%E3%83%B3_.jpg?w=500&h=500&t=r&q=90",90
7109a373-0546-488d-ae8c-087d5b67ef85,"ｺﾗﾃｰﾌﾟ(0100P)25X75X0.3mm 10枚","ﾊｸﾎｳ","https://auctions.c.yimg.jp/images.auctions.yahoo.co.jp/image/dr000/auc0110/user/e9d2d461a4c7217a8236a8c5edf42b70456a1c73b54ad0eae56077422d3b6591/i-img1200x1200-1761826575191158mlayfp31.jpg",55
b8645804-ae72-4ffa-ba23-df9f0becf3d5,"ｱﾎﾞｯﾄﾛﾋﾞﾝｿﾝﾌﾞﾗｼ ｿﾌﾄ11 12本入","ﾊﾞｯﾌｧﾛｰ","https://item-shopping.c.yimg.jp/i/n/d-fit_14454",50
587f060f-eb97-4882-985f-61e9ff3260ed,"ﾊﾗﾙﾄﾞﾉﾙﾃﾞｨﾝ ﾌﾞﾙｰﾚｯﾄﾞ咬合紙 ﾌﾙﾏｳｽ","ﾊﾗﾙﾄﾞﾉﾙﾃﾞｨﾝ","https://d15ihgh2blymmz.cloudfront.net/uploads/item_image/4562324602705/4562324602705_1.jpg",55
4adde5ec-264c-4b13-8dba-4ff1fb0ba2b7,"BWFL ﾊﾞｲﾄｳｲﾝｸﾞ300枚","ﾊﾝｼﾝｷﾞｹﾝ","https://www.dentalshop.jp/images/upload/Image/Kerr%201020%20(3).jpg",55
2f6a2856-8821-43b6-84c7-0c5fcc1cdc02,"CID-4 撮影ｲﾝｼﾞｹｰﾀｰ標準 臼歯用 左","ﾊﾝｼﾝｷﾞｹﾝ","https://d15ihgh2blymmz.cloudfront.net/uploads/item_image/4560229386614/4560229386614_1.jpg",55
0153eb7a-5d0d-4f05-86a5-b2eb78652140,"CID-4 撮影用ｲﾝｼﾞｹｰﾀｰ 標準ｾｯﾄ","ﾊﾝｼﾝｷﾞｹﾝ","https://d15ihgh2blymmz.cloudfront.net/uploads/item_image/4560229386614/4560229386614_1.jpg",55
fd77b50b-21a2-454f-a908-1ce114d3972d,"CID-S 撮影ｲﾝｼﾞｹｰﾀｰ ｾｯﾄ","ﾊﾝｼﾝｷﾞｹﾝ","",0
c03e805f-12a3-48f1-bf28-b6b7542599ea,"Cﾋﾟｰｽ(CID咬合ﾋﾟｰｽ)白 200入","ﾊﾝｼﾝｷﾞｹﾝ","https://maiplemedical.com/cdn/shop/products/05131358_57355ed949229_580x.jpg?v=1605249151",55
dc2eb82a-79e2-4ea0-ba86-dc7aae6e0d61,"DIPﾌﾟｯｼｬｰ","ﾊﾝｼﾝｷﾞｹﾝ","https://shop.r10s.jp/genki-sokai/cabinet/m_y040000-y044999/s_3200/y043265-000-000.jpg",55
95416c32-e7be-40fa-b1b0-0de746ed5355,"D感度ｲﾝｽﾀﾝﾄﾌｲﾙﾑ標準ｻｲｽﾞDIF-100","ﾊﾝｼﾝｷﾞｹﾝ","https://d15ihgh2blymmz.cloudfront.net/uploads/item_image/2000000001982/2000000001982_1.jpg",55
84d6d61f-2d4b-4fc6-af4c-4258e76fe053,"ﾌﾟｯｼｬｰ式ｲﾝｽﾀﾝﾄ液360CC DQD","ﾊﾝｼﾝｷﾞｹﾝ","https://shop.pdr.co.jp/g_images/series-263/series-263_01.jpg",80
0fc2d790-40f8-4ee0-838a-9ffc9d5d9206,"撮影用ｲﾝｼﾞｹｰﾀｰ Cﾋﾟｰｽ(CID咬合ﾋﾟｰｽ)白 200入","ﾊﾝｼﾝｷﾞｹﾝ","https://d1wdpa3etmuwz6.cloudfront.net/media/catalog/product/cache/1/image/9df78eab33525d08d6e5fb8d27136e95/2/1/210602160001_001.png",55
f8388f71-b3b6-4a60-9936-3815ec5a192d,"注射器式ｲﾝｽﾀﾝﾄ液100X4 DQE","ﾊﾝｼﾝｷﾞｹﾝ","https://shop.r10s.jp/genki-sokai/cabinet/m_y040000-y044999/s_3200/y043264-000-000.jpg",55
d15b7916-3a65-4af0-becd-2530e2ed4fd7,"ｵﾙﾃｸｻｰ口腔用軟膏0.1% 5g","ﾋﾞｰﾌﾞﾗﾝﾄﾞ","https://d15ihgh2blymmz.cloudfront.net/uploads/item_image/4987463120253/4987463120253_1.jpg",55
9d29dd9d-b998-4d72-be9f-8854b2e46fdc,"ｻﾎﾗｲﾄﾞ液歯科用38% 5mL","ﾋﾞｰﾌﾞﾗﾝﾄﾞ","https://d15ihgh2blymmz.cloudfront.net/uploads/item_image/4987463110152/4987463110152_1.jpg",55
9e2512e8-783c-4e19-a483-87116d1951e2,"ﾊｲｻﾞｯｸ舌ﾌﾞﾗｼ 1本","ﾋﾞｰﾌﾞﾗﾝﾄﾞ","https://shop.r10s.jp/oralcare-dod/cabinet/n/05963057/48001900_2.jpg",55
e2a775e9-cd27-4030-a66b-3a59579c2713,"ﾋﾞｰｿﾞｶｲﾝ歯科用ｾﾞﾘｰ 20%","ﾋﾞｰﾌﾞﾗﾝﾄﾞ","https://d15ihgh2blymmz.cloudfront.net/uploads/item_image/4987463120154/4987463120154_1.jpg",55
50a1b5e5-473e-4931-bd37-3d9752ef3cf0,"ﾌﾙｵｰﾙ･ｾﾞﾘｰ歯科用2%","ﾋﾞｰﾌﾞﾗﾝﾄﾞ","https://toyo-pharma.com/corp/wp-content/themes/medical-theme/products/img/fluoll_jelly_syasin01_100.jpg",51
fa2d5440-a7bb-462d-a3ab-723fa93b029a,"ﾌﾙｵｰﾙｾﾞﾘｰ 歯科用2％","ﾋﾞｰﾌﾞﾗﾝﾄﾞ","https://toyo-pharma.com/corp/wp-content/themes/medical-theme/products/img/fluoll_jelly_syasin01_100.jpg",51
d942001d-193d-4cd2-96dd-3001eae4807c,"ﾌﾙｵｰﾙｾﾞﾘｰ 歯科用2％　100g","ﾋﾞｰﾌﾞﾗﾝﾄﾞ","https://toyo-pharma.com/corp/wp-content/themes/medical-theme/products/img/fluoll_jelly_syasin01_100.jpg",51
34869d85-a8f6-44d8-9158-b4cd04710489,"歯科用TDｾﾞｯﾄｾﾞﾘｰ","ﾋﾞｰﾌﾞﾗﾝﾄﾞ","https://d15ihgh2blymmz.cloudfront.net/uploads/item_image/4987463110902/4987463110902_1.jpg",55
ff4a8e51-8709-4820-90df-55dd47cf19d2,"歯科用TDｾﾞｯﾄ液 10mL","ﾋﾞｰﾌﾞﾗﾝﾄﾞ","https://d15ihgh2blymmz.cloudfront.net/uploads/item_image/4987463110858/4987463110858_1.jpg",55
7e8ab4ad-b6ed-4de6-94e0-30e61fc1151c,"Zﾌﾟﾗｲﾑﾌﾟﾗｽ(4mL)","ﾋﾞｽｺ","https://depositodentalmiso.com.mx/wp-content/uploads/2024/06/9EMGDY_1000154369.png",55
565fe645-1cf4-42e6-b178-c6347c6460b4,"ｵｰﾙﾎﾞﾝﾄﾞﾕﾆﾊﾞｰｻﾙ 6mL","ﾋﾞｽｺ","https://dentaltree.pl/environment/cache/images/1000_1000_productGfx_20410/All-Bond_Universal_6_ml_Bisco_glowne.webp",55
dc87b50a-40a0-4f26-b439-08b54359b2db,"ｾﾚｸﾄ HV ｴｯﾁｼﾘﾝｼﾞ(5g)","ﾋﾞｽｺ","https://dent3d.com.ar/wp-content/uploads/2025/05/Select-hv-35-600x600.webp",55
d4dda7a6-a12f-4a31-916f-700216fd710d,"ﾁｮｲｽ2ﾍﾞﾆｱｾﾒﾝﾄ ﾄﾗｲｲﾝﾍﾟｰｽﾄﾘﾌｨﾙ2g A1","ﾋﾞｽｺ","https://img.medicalexpo.com/ja/images_me/photo-g/71592-13794515.jpg",55
b2d5ff65-2b6e-4954-910b-ef72ee4cb6e8,"ﾁｮｲｽ2ﾍﾞﾆｱｾﾒﾝﾄ ﾄﾗｲｲﾝﾍﾟｰｽﾄﾘﾌｨﾙ2g A2","ﾋﾞｽｺ","https://img.medicalexpo.com/ja/images_me/photo-g/71592-13794515.jpg",55
2b331510-be97-4872-bb4b-d05a4fdfa3ee,"ﾁｮｲｽ2ﾍﾞﾆｱｾﾒﾝﾄ ﾄﾗｲｲﾝﾍﾟｰｽﾄﾘﾌｨﾙ2g ﾄﾗﾝｽﾙｰｾﾝﾄ","ﾋﾞｽｺ","https://mapdent.net/public/uploads/all/dbT2KUroomz5wt2kexMdWJSCZHGfKxxxXmPAvc6y.png",55
46728153-6cc7-4912-9427-f961fcfd0803,"ﾁｮｲｽ2ﾍﾞﾆｱｾﾒﾝﾄ ﾄﾗｲｲﾝﾍﾟｰｽﾄﾘﾌｨﾙ2g ﾐﾙｷｰﾌﾞﾗｲﾄ","ﾋﾞｽｺ","https://img.medicalexpo.com/ja/images_me/photo-g/71592-13794515.jpg",55
be4fe5e1-98bc-4c83-91df-41ee165af876,"ﾁｮｲｽ2ﾍﾞﾆｱｾﾒﾝﾄ ﾄﾗｲｲﾝﾍﾟｰｽﾄﾘﾌｨﾙ2g ﾕﾆﾊﾞｰｻﾙｵﾍﾟｰｸ","ﾋﾞｽｺ","https://img.medicalexpo.com/ja/images_me/photo-g/71592-13794515.jpg",55
e640e850-f316-4dbf-a03c-6626c31b409b,"ﾁｮｲｽ2ﾍﾞﾆｱｾﾒﾝﾄ ﾋﾞｽｼﾗﾝ A液＆B液ｾｯﾄ","ﾋﾞｽｺ","https://mapdent.net/public/uploads/all/dbT2KUroomz5wt2kexMdWJSCZHGfKxxxXmPAvc6y.png",55
e1614805-404a-4457-a31e-1ecca7085f16,"ﾁｮｲｽ2ﾍﾞﾆｱｾﾒﾝﾄ ﾎﾟｰｾﾚﾝﾎﾞﾝﾃﾞｨﾝｸﾞﾚｼﾞﾝ 6ml","ﾋﾞｽｺ","https://www.kuraray.com/content/dam/kuraray/jp/ja/migration/uploads/628ed9de51c6c/20220526_2.jpg",95
c03df031-738b-4956-a19d-83ad84356bf4,"ﾁｮｲｽ2ﾍﾞﾆｱｾﾒﾝﾄ ﾘﾌｨﾙ 4.5g A1","ﾋﾞｽｺ","https://mapdent.net/public/uploads/all/dbT2KUroomz5wt2kexMdWJSCZHGfKxxxXmPAvc6y.png",55
d10990a5-ebb2-4458-aaaa-623106450e04,"ﾁｮｲｽ2ﾍﾞﾆｱｾﾒﾝﾄ ﾘﾌｨﾙ 4.5g A2","ﾋﾞｽｺ","https://mapdent.net/public/uploads/all/dbT2KUroomz5wt2kexMdWJSCZHGfKxxxXmPAvc6y.png",55
e0a5a713-20d9-4716-8032-53462e5b8516,"ﾁｮｲｽ2ﾍﾞﾆｱｾﾒﾝﾄ ﾘﾌｨﾙ 4.5g ﾄﾗﾝｽﾙｰｾﾝﾄ","ﾋﾞｽｺ","https://mapdent.net/public/uploads/all/dbT2KUroomz5wt2kexMdWJSCZHGfKxxxXmPAvc6y.png",55
c7e77362-9275-4365-ab09-237f63142c14,"ﾁｮｲｽ2ﾍﾞﾆｱｾﾒﾝﾄ ﾘﾌｨﾙ 4.5g ﾐﾙｷｰﾌﾞﾗｲﾄ","ﾋﾞｽｺ","https://mapdent.net/public/uploads/all/dbT2KUroomz5wt2kexMdWJSCZHGfKxxxXmPAvc6y.png",55
e692706f-e231-4435-873c-56be96adfba0,"ﾁｮｲｽ2ﾍﾞﾆｱｾﾒﾝﾄ ﾘﾌｨﾙ 4.5g ﾕﾆﾊﾞｰｻﾙｵﾍﾟｰｸ","ﾋﾞｽｺ","https://mapdent.net/public/uploads/all/dbT2KUroomz5wt2kexMdWJSCZHGfKxxxXmPAvc6y.png",55
22fe90f7-8dcd-4d08-aa0d-641cfeb7c74b,"ﾋﾞｽｺ ｾﾗｶﾙLC 1g 1本入","ﾋﾞｽｺ","https://d15ihgh2blymmz.cloudfront.net/uploads/item_image/4560301447189/4560301447189_1.jpg",55
446e0783-2a2f-4684-8b33-dc033528c6da,"ﾋﾞｽｺ ｾﾗｶﾙLC 1g 4本入","ﾋﾞｽｺ","https://d15ihgh2blymmz.cloudfront.net/uploads/item_image/4560301447189/4560301447189_1.jpg",55
805dc284-318e-4430-abdc-237ff2a600ca,"ﾋﾞｽｺ ｾﾗｶﾙLC 1g 4本入(ﾁｯﾌﾟ22G　50本付)","ﾋﾞｽｺ","https://d15ihgh2blymmz.cloudfront.net/uploads/item_image/4560301447189/4560301447189_1.jpg",55
27a71180-0830-4117-b80c-42be1605403c,"ﾕﾆｴｯﾁ ｼﾘﾝｼﾞ 5g","ﾋﾞｽｺ","https://auctions.c.yimg.jp/images.auctions.yahoo.co.jp/image/dr000/auc0411/users/bcdcc206d5432ccb68bcc0c84f9a487aa8433258/i-img1200x903-1699104265udtswi1314212.jpg",50
887b9e5e-1298-4c23-9c75-17df81df00d9,"医薬用外毒物 ﾋﾞｽｺﾎﾟｰｾﾚﾝｴｯﾁｬﾝﾄ 5g","ﾋﾞｽｺ","https://www.kuraraynoritake.jp/feature/corebuildupguide/common/img/product/img_product_11.jpg",96
28c3cceb-486e-4e7d-a490-bc9a034cf946,"ﾋﾞﾀ ｸﾗｼｶﾙｼｪｰﾄﾞ ﾀﾌﾞ A1 新ﾀｲﾌﾟ用","ﾋﾞﾀ","https://www.hakusui-trading.co.jp/wp-content/uploads/2020/05/13500020-1.jpg",55
1e6d4f0e-1a77-4453-ac22-e8adfcf6281e,"ﾋﾞﾀ ﾌﾞﾘｰﾁｼｪｰﾄﾞｶﾞｲﾄﾞⅡ 15色","ﾋﾞﾀ","https://www.hakusui-trading.co.jp/wp-content/uploads/2020/05/13500020-7.jpg",55
5a4607d8-6b09-4443-961b-fc82a42a8ebe,"Uﾌｧｲﾙ 6本 33MM #25","ﾋﾟﾔｽ","https://shop.r10s.jp/genki-sokai/cabinet/m_y040000-y044999/s_3800/y043905-000-000.jpg",55
d21b302c-10d6-4869-8e4e-2dc8e1bff6a3,"ｶﾗｰｺｰﾄﾞﾌﾟﾛｰﾌﾞ 片頭 CP11","ﾋｭｰﾌﾚﾃﾞｨ","https://d15ihgh2blymmz.cloudfront.net/uploads/item_image/0889950017579/0889950017579_1.jpg",55
f7967e82-21ad-4b54-a8ba-1e6afea23c1c,"ｶﾗｰｺｰﾄﾞﾌﾟﾛｰﾌﾞ 片頭 CP11 PCP11 ＃30","ﾋｭｰﾌﾚﾃﾞｨ","https://d15ihgh2blymmz.cloudfront.net/uploads/item_image/0889950017579/0889950017579_1.jpg",55
26ae2ce5-2e16-4719-9f11-4984303e76af,"ｸﾞﾚｰｼｰｷｭﾚｯﾄ ﾊﾞｲｵｼﾞｪﾝﾄ 両頭 11/12 SG11/129LCE2","ﾋｭｰﾌﾚﾃﾞｨ","https://www.gc.dental/japan/sites/japan.gc.dental/files/products/images/%E3%82%B0%E3%83%AC%E3%83%BC%E3%82%B7%E3%83%BC%E3%82%AD%E3%83%A5%E3%83%AC%E3%83%83%E3%83%88_0.png",99
25ab57f0-68b4-49a3-8960-0bacd1d94f1f,"ｸﾞﾚｰｼｰｷｭﾚｯﾄ ﾊﾞｲｵｼﾞｪﾝﾄ 両頭 13/14 SG13/149LCE2","ﾋｭｰﾌﾚﾃﾞｨ","https://www.gc.dental/japan/sites/japan.gc.dental/files/products/images/%E3%82%B0%E3%83%AC%E3%83%BC%E3%82%B7%E3%83%BC%E3%82%AD%E3%83%A5%E3%83%AC%E3%83%83%E3%83%88_0.png",99
46990632-663f-460d-ad2e-63abf6aff309,"ｸﾞﾚｰｼｰｷｭﾚｯﾄﾐﾆﾌｧｲﾌﾞS両頭 11/12 ＃9E2","ﾋｭｰﾌﾚﾃﾞｨ","https://www.gc.dental/japan/sites/japan.gc.dental/files/products/images/%E3%82%B0%E3%83%AC%E3%83%BC%E3%82%B7%E3%83%BC%E3%82%AD%E3%83%A5%E3%83%AC%E3%83%83%E3%83%88_0.png",99
d155dfa6-34a5-4adf-bc82-e31b7488931b,"ｸﾞﾚｰｼｰｷｭﾚｯﾄﾐﾆﾌｧｲﾌﾞS両頭 13/14 ＃9E2","ﾋｭｰﾌﾚﾃﾞｨ","https://www.gc.dental/japan/sites/japan.gc.dental/files/products/images/%E3%82%B0%E3%83%AC%E3%83%BC%E3%82%B7%E3%83%BC%E3%82%AD%E3%83%A5%E3%83%AC%E3%83%83%E3%83%88_0.png",99
ac4334c4-bed7-4038-b793-94124a7bd44a,"ｼｬｰﾌﾟﾆﾝｸﾞｵｲﾙ","ﾋｭｰﾌﾚﾃﾞｨ","https://d15ihgh2blymmz.cloudfront.net/uploads/item_image/0889950037515/0889950037515_1.jpg",55
a0cdc3f0-40f6-4f98-886e-44efd9021ddf,"ｽｹｰﾗｰ ﾈﾋﾞｨ1 SCNEVI1XE2","ﾋｭｰﾌﾚﾃﾞｨ","https://www.royal-dent.com/imagenes/instrumental/para-periodoncia-curetas/hu-friedy-harmony/scaler-neville-scnevi1xe2-harmony_hu-friedy.jpg",55
43c250f1-b418-40a7-b228-eaa2dfbc02b7,"ｽｹｰﾗｰ衛生士用 両頭 H5/33 #C8E2 SH5/33C8E2","ﾋｭｰﾌﾚﾃﾞｨ","https://images-na.ssl-images-amazon.com/images/I/71GS1bZGVLL._AC_SX569_.jpg",73
7c851622-8a51-42e7-b27a-5602f8766906,"ﾌﾟﾗｽﾁｯｸﾃｽﾄｽﾃｨｯｸ 6本入","ﾋｭｰﾌﾚﾃﾞｨ","https://d15ihgh2blymmz.cloudfront.net/uploads/item_image/0889950037010/0889950037010_1.jpg",55
0c8f1481-1980-462d-b32b-c85d7dd2d1f3,"抜歯鉗子 ﾀﾞｲﾔﾓﾝﾄﾞﾀﾞｽﾄ ｱﾋﾟｶﾙ35","ﾋｭｰﾌﾚﾃﾞｨ","https://fordynet.fordy.jp/storage/products/20191125143513_1.jpg",55
04c22544-4921-4dce-9b8a-9d6a3c0e66bd,"抜歯鉗子 ﾀﾞｲﾔﾓﾝﾄﾞﾀﾞｽﾄ ｱﾋﾟｶﾙ36","ﾋｭｰﾌﾚﾃﾞｨ","https://fordynet.fordy.jp/storage/products/20191125143513_1.jpg",55
144e5af6-e87a-4d28-b424-c96c023e4dfc,"ｸﾞﾚｰｼｰｷｭﾚｯﾄ O ｽﾀﾝﾀﾞｰﾄﾞ#9E2 11/12","ﾋｭｰﾌﾚﾃﾞｨｼﾞｬﾊﾟﾝ","https://www.gc.dental/japan/sites/japan.gc.dental/files/products/images/%E3%82%B0%E3%83%AC%E3%83%BC%E3%82%B7%E3%83%BC%E3%82%AD%E3%83%A5%E3%83%AC%E3%83%83%E3%83%88_0.png",99
ed7096ee-3c0c-4c3e-88b8-01385fb3ce66,"ｸﾞﾚｰｼｰｷｭﾚｯﾄ O ｽﾀﾝﾀﾞｰﾄﾞ#9E2 13/14","ﾋｭｰﾌﾚﾃﾞｨｼﾞｬﾊﾟﾝ","https://www.gc.dental/japan/sites/japan.gc.dental/files/products/images/%E3%82%B0%E3%83%AC%E3%83%BC%E3%82%B7%E3%83%BC%E3%82%AD%E3%83%A5%E3%83%AC%E3%83%83%E3%83%88_0.png",99
557ca4ae-4f0c-4a89-a2fe-af5ba0c714d1,"ｸﾞﾚｰｼｰｷｭﾚｯﾄ O ﾘｼﾞｯﾄﾞ #C8E2 11/12","ﾋｭｰﾌﾚﾃﾞｨｼﾞｬﾊﾟﾝ","https://www.gc.dental/japan/sites/japan.gc.dental/files/products/images/%E3%82%B0%E3%83%AC%E3%83%BC%E3%82%B7%E3%83%BC%E3%82%AD%E3%83%A5%E3%83%AC%E3%83%83%E3%83%88_0.png",99
f64a696d-99c7-47da-a9eb-471a1303c34d,"ｸﾞﾚｰｼｰｷｭﾚｯﾄ O ﾘｼﾞｯﾄﾞ #C8E2 13/14","ﾋｭｰﾌﾚﾃﾞｨｼﾞｬﾊﾟﾝ","https://www.gc.dental/japan/sites/japan.gc.dental/files/products/images/%E3%82%B0%E3%83%AC%E3%83%BC%E3%82%B7%E3%83%BC%E3%82%AD%E3%83%A5%E3%83%AC%E3%83%83%E3%83%88_0.png",99
557a87c8-c5e7-495d-9e4f-396cd946f64f,"ｸﾞﾚｰｼｰｷｭﾚｯﾄ ﾐﾆﾌｧｲﾌﾞ ｽﾀﾝﾀﾞｰﾄﾞ #C8E2 5/6","ﾋｭｰﾌﾚﾃﾞｨｼﾞｬﾊﾟﾝ","https://www.gc.dental/japan/sites/japan.gc.dental/files/products/images/%E3%82%B0%E3%83%AC%E3%83%BC%E3%82%B7%E3%83%BC%E3%82%AD%E3%83%A5%E3%83%AC%E3%83%83%E3%83%88_0.png",99
8d55a7eb-1aea-46c6-8c8f-88db5d1fd424,"ｾﾗﾐｯｸｽﾄｰﾝ 3C","ﾋｭｰﾌﾚﾃﾞｨｼﾞｬﾊﾟﾝ","https://d15ihgh2blymmz.cloudfront.net/uploads/item_image/4580532550793/4580532550793_1.jpg",55
34220630-795f-4469-b233-cc36ff46f8e1,"7286 ﾏｲｸﾘｲﾝｽﾂﾙﾒﾝﾄ ﾊﾟﾋﾟﾗｴﾚﾍﾞｰﾀｰ TRINOVO","ﾌｨｰﾄﾞ","https://service.yoshida-dental.co.jp/s3images/ca/products/7695/images/670239_.jpg",79
38ab64f3-be07-42b6-a86d-b64c8a90898a,"AMP020 ﾏｰｷﾝｸﾞﾍﾟﾝｼﾙ ×100　5326177","ﾌｨｰﾄﾞ","https://item-shopping.c.yimg.jp/i/l/ssnet_fujiwara-no77",50
612fa01b-c9ec-4e1f-b208-56c85c3c5846,"FEED ｸﾞﾗｽﾌｧｲﾊﾞｰﾎﾟｽﾄ NO.3","ﾌｨｰﾄﾞ","https://cdndental.feed.jp/contents/common/img/goods/product/18PF001400/18PF001400_L.jpg",55
60447b12-a139-4af8-ad9a-05673adca1a3,"FEED ｸﾞﾗｽﾌｧｲﾊﾞｰﾎﾟｽﾄ NO.4","ﾌｨｰﾄﾞ","https://cdndental.feed.jp/contents/common/img/goods/product/18PF001400/18PF001400_L.jpg",55
7c3d6a4c-49b3-4769-ae7b-1b88b8b20600,"FEED ｼﾘｺｰﾝ印象材Ⅱ ﾗｲﾄ　8594090","ﾌｨｰﾄﾞ","https://cdndental.feed.jp/contents/common/img/goods/item/8594090/8594090_L.jpg",55
f131b9a5-16e2-4eed-9355-420282acd786,"FEED ｼﾘｺｰﾝ印象材Ⅱ ﾚｷﾞｭﾗｰ　8591780","ﾌｨｰﾄﾞ","https://cdndental.feed.jp/contents/common/img/goods/item/8591780/8591780_L.jpg",55
41b3a2e4-9f49-48f1-80f9-6366879a842a,"FEED ﾏｳｽﾐﾗｰ NO.4 12本入　8595874","ﾌｨｰﾄﾞ","https://cdn.askul.co.jp/img/product/3L1/EK75317_3L1.jpg",55
cd81b54e-f415-4a96-941f-d5820c9f1c9f,"FEEDﾃﾞﾝﾁｬｰｹｰｽﾎﾜｲﾄ 10個入 8591717","ﾌｨｰﾄﾞ","https://cdn.askul.co.jp/img/product/3L1/E335417_3L1.jpg",55
652d2a2b-58c6-4a57-b010-23ff4641dcba,"FEED滅菌済ﾏｲｸﾛｽｺｰﾌﾟｶﾊﾞｰ","ﾌｨｰﾄﾞ","https://cdn.askul.co.jp/img/product/3L1/E336154_3L1.jpg",55
1a93e9c5-75a0-43b9-af97-cf3183c41c6e,"FP 不織布ｶﾞｰｾﾞ 5×5 ｶｰﾄﾝ 425-2601","ﾌｨｰﾄﾞ","https://makeshop-multi-images.akamaized.net/dentalfit/itemimages/000000005682_Hpc9cUO.jpg",55
eab8fc39-978d-4a07-891f-97ff3a6ce3aa,"FPﾄﾞﾚｰﾌﾟ ｷｭｳｽｲ ｱﾅ8 6060 8406510","ﾌｨｰﾄﾞ","https://sc3.locondo.jp/contents/commodity/shop/SBFL1248D/commodity/NI/NI8199EW004749_1_l.jpg",55
97633a71-cfa0-4527-836b-545c4cb2806f,"FPﾊﾞｲﾄ2 8402871","ﾌｨｰﾄﾞ","https://cdndental.feed.jp/contents/common/img/goods/item/8402871/8402871_L.jpg",45
6f03460f-aba5-4623-b559-5661c099797f,"M型 ﾉｷﾞｽ 4099119","ﾌｨｰﾄﾞ","https://content.misumi-ec.com/image/upload/t_product_zoom_a/t_misumi_wm/v1/p/jp/product/series/223012383363/223012383363_001.jpg",55
2f7b1da8-922d-46ee-97ea-5f1f2d85ce4f,"NEWﾐｷｼﾝｸﾞﾁｯﾌﾟ ｸﾞﾘｰﾝ(太)L 50入　2313416","ﾌｨｰﾄﾞ","https://d15ihgh2blymmz.cloudfront.net/uploads/item_image/4573607593283/4573607593283_1.jpg",55
f531c118-f598-43a6-b982-ef7d7e15dd04,"TF角ﾌﾞﾛｰﾁ 00　121-5744","ﾌｨｰﾄﾞ","https://d15ihgh2blymmz.cloudfront.net/uploads/item_image/2000000722986/2000000722986_1.jpg",55
8cc91535-5129-4b12-ab28-61786795ee40,"ｷﾗﾘｶｯﾌﾟ 紙ｺｯﾌﾟ 3000個 1225579","ﾌｨｰﾄﾞ","https://m.media-amazon.com/images/I/51FhLQ91OrL._AC_SX569_.jpg",75
e656406e-e34f-49e1-8d4d-668283805e63,"ｺﾝﾎﾟｼﾞｯﾄ/9554RA 3903934　研磨用ﾎﾟｲﾝﾄ","ﾌｨｰﾄﾞ","https://www.sinadental.net/ja/Uploads/pro/Dental-Composite-Polishing-Disc-Kits.21.3-4.jpg",55
beb6dba9-fcff-4151-9fb3-3a97b4b12d29,"ｼﾞﾝｼﾞﾊﾞﾙｺｰﾄﾞﾊﾟｯｶｰ #1 2317141","ﾌｨｰﾄﾞ","http://www.ydm.co.jp/en-new/products/060_hotetsu/13108.jpg",62
1332d67b-45ef-4f2b-9b28-f3b284549513,"ﾃﾞﾝﾀﾙﾌﾟﾛ 歯間ﾌﾞﾗｼ L字型 10本入/#0(SSSS) 5105909","ﾌｨｰﾄﾞ","https://image1.shopserve.jp/e-fujiyakuhin.jp/pic-labo/llimg/4973227306025.jpg",55
b5c67ad2-a155-4ac7-ab17-27dc116bd94d,"ﾃﾞﾝﾀﾙﾌﾟﾛ 歯間ﾌﾞﾗｼ L字型 10本入/#3(S) 5104560","ﾌｨｰﾄﾞ","https://m.media-amazon.com/images/I/71gEfveHYpL.jpg",75
bf975488-f9f7-456e-864b-f18242856b5f,"ﾃﾞﾝﾀﾙﾌﾟﾛ 歯間ﾌﾞﾗｼ L字型 10本入/#4(M) 5102693","ﾌｨｰﾄﾞ","https://m.media-amazon.com/images/I/711NqskNo2L.jpg",75
83146c4d-a613-4ea4-a17f-3a4825917790,"ﾊﾞｰｸﾞﾘｯﾌﾟｽﾀﾝﾄﾞ 8本用 1080822","ﾌｨｰﾄﾞ","https://m.media-amazon.com/images/I/51kg9Wkj36L._AC_SL1451_.jpg",75
2baac74e-fdbf-446c-817e-c7ad9170ae6e,"ﾌｨｰﾄﾞ網ﾄﾚｰ/前歯/上顎6712045","ﾌｨｰﾄﾞ","https://cdndental.feed.jp/contents/common/img/goods/item/6712045/6712045_L.jpg",55
1975942e-2e3a-40d9-af52-3f9e521d1126,"ﾌｨｰﾄﾞ網ﾄﾚｰ/前歯/下顎6715012","ﾌｨｰﾄﾞ","https://cdndental.feed.jp/contents/common/img/goods/item/6715549/6715549_L.jpg",55
886ff00c-b8b4-443d-80c7-d631572c4ffa,"ﾍﾞｰｼｯｸｸﾞﾛｰﾌﾞ ﾗﾃｯｸｽ PF S 100枚 3195005","ﾌｨｰﾄﾞ","https://auctions.c.yimg.jp/images.auctions.yahoo.co.jp/image/dr000/auc0101/user/054e104dfaf6cf78fb1848f09913a457f4ca51402e18a0ba0273ef317b1a5342/i-img1200x1200-173812042163399hxeds36.jpg",55
12b753b2-9eb9-4cc7-98de-cb6d0b6a3a64,"ﾍﾞｰｼｯｸｸﾞﾛｰﾌﾞ ﾗﾃｯｸｽ Pﾌﾘｰ L 100枚","ﾌｨｰﾄﾞ","https://auctions.c.yimg.jp/images.auctions.yahoo.co.jp/image/dr000/auc0101/user/054e104dfaf6cf78fb1848f09913a457f4ca51402e18a0ba0273ef317b1a5342/i-img1200x1200-17381203452479jhrcp936.jpg",55
320bc15c-a16a-4f06-9578-ee26e2733414,"ﾍﾞｰｼｯｸｸﾞﾛｰﾌﾞ ﾗﾃｯｸｽ Pﾌﾘｰ M 100枚","ﾌｨｰﾄﾞ","https://auctions.c.yimg.jp/images.auctions.yahoo.co.jp/image/dr000/auc0101/user/054e104dfaf6cf78fb1848f09913a457f4ca51402e18a0ba0273ef317b1a5342/i-img1200x1200-17381203452479jhrcp936.jpg",55
d7e33a35-7770-45a6-b6be-3a59ad76047a,"ﾍﾞｰｼｯｸｸﾞﾛｰﾌﾞ ﾗﾃｯｸｽ Pﾌﾘｰ SS 100枚 3193448","ﾌｨｰﾄﾞ","https://auctions.c.yimg.jp/images.auctions.yahoo.co.jp/image/dr000/auc0101/user/054e104dfaf6cf78fb1848f09913a457f4ca51402e18a0ba0273ef317b1a5342/i-img1200x1200-17381203494230o877om26.jpg",55
9d639bc3-5a9b-4522-a792-847f650ebd99,"外科用縫合針 ﾗｳﾝﾄﾞ＃8 BL548N　7000284","ﾌｨｰﾄﾞ","https://cdndental.feed.jp/contents/common/img/goods/item/7000284/7000284_L.jpg",55
43352a70-05fc-4240-a715-94ae25d38e49,"尺角ｶﾞｰｾﾞ 四つ折 30×30㎝ 300枚　8708694","ﾌｨｰﾄﾞ","https://cdndental.feed.jp/contents/common/img/goods/item/1354169/1354169_L.jpg",55
b968a9e3-62bf-495d-b67e-fd1a654423a9,"歯科ｶﾙﾃ2号(青) B5 748-0946","ﾌｨｰﾄﾞ","https://cdn.askul.co.jp/img/product/3L1/E336007_3L1.jpg",55
ac001460-66d6-48ba-84c0-46b5fa6c1077,"紫外線低圧水銀殺菌ﾗﾝﾌﾟ TUV-15W","ﾌｨﾘｯﾌﾟｽ","https://shop.r10s.jp/alllight/cabinet/keikoutou/tuv15w.jpg",55
8c992c47-d7fc-4c79-b24e-cbd80d4b2fc9,"ﾌﾞﾚｰﾄﾞﾘﾑｰﾊﾞｰ ｽﾀﾝﾀﾞｰﾄﾞﾀｲﾌﾟ","ﾌｪｻﾞｰ","https://www.matsuyoshi.co.jp/files/item/item-images/00113097_ex01.jpg",55
cd720546-7efd-4965-92a8-9ba6563097e4,"ﾏｲｸﾛﾌｪｻﾞｰPﾊﾝﾄﾞﾙ 5本 #P7628B","ﾌｪｻﾞｰ","https://www.matsuyoshi.co.jp/files/item/item-images/00088546_ex01.jpg",55
12728ab8-3ab0-4daf-8d87-762306d35ea3,"替刃ﾒｽ ｽﾃﾝﾚｽ 20枚 #11","ﾌｪｻﾞｰ","https://img.aucfree.com/d418433922.1.jpg",55
95f9a327-19f3-4e09-b56d-53b3ba7863dd,"替刃ﾒｽ ｽﾃﾝﾚｽ 20枚 #12","ﾌｪｻﾞｰ","https://cdn.shopify.com/s/files/1/0508/9706/0033/products/03081252_58bf800269e6c_580x@2x.jpg?v=1605248285",55
f3fa0c37-9660-4137-b777-7bd5ff5202b2,"替刃ﾒｽ ｽﾃﾝﾚｽ 20枚 #12d","ﾌｪｻﾞｰ","https://maiplemedical.com/cdn/shop/products/03081255_58bf80c138b05_580x.jpg?v=1605248284",55
31fe68ea-c417-474b-bd6a-5e95f376841e,"替刃ﾒｽ ｽﾃﾝﾚｽ 20枚 #15","ﾌｪｻﾞｰ","https://cdn.shopify.com/s/files/1/0508/9706/0033/products/03081252_58bf800269e6c_580x@2x.jpg?v=1605248285",55
651aed25-2573-4167-9142-420628f8d199,"替刃ﾒｽ ｽﾃﾝﾚｽ 20枚 #15c","ﾌｪｻﾞｰ","https://cdn.askul.co.jp/img/product/3L2/7805577_3L2.jpg",55
e0021002-71cd-4405-a678-6a154eea9e57,"3023SC-20 ﾜﾝﾋﾟｰｽ M ﾌﾞﾗｳﾝ","ﾌｫｰｸ","https://shop.r10s.jp/matsuyoshi-web/cabinet/202507082/0020020802-01.jpg",55
d071f93e-70c5-4315-ae5c-c4bcb3f37224,"7000SC-13 ｽｸﾗﾌﾞ L ﾁｪﾘｰﾋﾟﾝｸ","ﾌｫｰｸ","https://m.media-amazon.com/images/I/91jsNe9aFYL._AC_SL1500_.jpg",74
35e4b35b-4775-42f7-9e7f-6c0718ed469e,"7000SC-13 ｽｸﾗﾌﾞ M ﾁｪﾘｰﾋﾟﾝｸ","ﾌｫｰｸ","https://cdn.askul.co.jp/img/product/3L1/6257594_3L1.jpg",55
c6acee81-ab38-49eb-bac5-13ab340f97fc,"7000SC-13 ｽｸﾗﾌﾞ S ﾁｪﾘｰﾋﾟﾝｸ","ﾌｫｰｸ","https://cdn.askul.co.jp/img/product/3L1/4269630_3L1.jpg",55
8006f1da-b598-4359-9af1-761cebe1ee52,"7000SC-13 ｽｸﾗﾌﾞ SS ﾁｪﾘｰﾋﾟﾝｸ","ﾌｫｰｸ","https://shop.r10s.jp/jyusetsupro/cabinet/folk/672000930-1.jpg",55
4359a977-b9fb-491e-a342-ba4f521b81da,"7000SC-16 ｽｸﾗﾌﾞ M ﾜｲﾝ","ﾌｫｰｸ","https://cdn.askul.co.jp/img/product/3L1/6257816_3L1.jpg",55
fcfa71f1-fbe6-4747-bc2a-382c4b9be5a2,"7000SC-16 ｽｸﾗﾌﾞ S ﾜｲﾝ","ﾌｫｰｸ","https://cdn.askul.co.jp/img/product/3L1/6257807_3L1.jpg",55
b1e82bad-5e95-4e92-8d25-59e8862319ef,"7033SC-5 DickiesﾒﾝｽﾞｽｸﾗﾌﾞL ｶﾞﾝﾒﾀ","ﾌｫｰｸ","https://cdn.askul.co.jp/img/product/3L1/1589564_3L1.jpg",55
26b8fb83-aae1-4417-9043-c8764c3da3c1,"7033SC-5 DickiesﾒﾝｽﾞｽｸﾗﾌﾞLLｶﾞﾝﾒﾀ","ﾌｫｰｸ","https://closet.eiwa-uniform.com/html/upload/save_image/0629114017_60da8811c7c2f.jpg",55
4590b0ab-bf3c-4dff-9692-cbec0acf1f25,"7033SC-5 DickiesﾒﾝｽﾞｽｸﾗﾌﾞM ｶﾞﾝﾒﾀ","ﾌｫｰｸ","https://closet.eiwa-uniform.com/html/upload/save_image/0629114017_60da8811cc91c.jpg",55
bfb4fb8c-ed93-4d26-976c-3f3815093c78,"7042SC-16 ｽｸﾗﾌﾞ M ﾜｲﾝXﾗﾃﾞｨｱﾝﾄO","ﾌｫｰｸ","https://files.bcart.jp/saiunisystem/uploads/product/FOLK-3/7042SC/7042SC-16shu.jpg",52
b7c4dedb-e48f-4346-816e-3f719b269b08,"7112SC-9 Dickiesﾒﾝｽﾞｽｸﾗﾌﾞ 3L ﾌﾞﾗｯｸ","ﾌｫｰｸ","https://www.hakui-uni.com/eshopdo/refer/img2/1/add_1_1738139580.jpg",55
ecc68915-cc95-4b07-bd3e-121b82de4e56,"8004SC-17　ﾏﾀﾆﾃｨｽｸﾗﾌﾞ　L　ﾀﾞｰｸﾈｲﾋﾞｰ","ﾌｫｰｸ","https://cdn.askul.co.jp/img/product/3L1/W589131_3L1.jpg",55
e5c667ee-2dea-466e-806d-21b0309b7fe4,"9001-9 ﾚﾃﾞｨｽｶｯﾄｿｰ7.5分袖 S ﾌﾞﾗｯｸ","ﾌｫｰｸ","https://cdn.askul.co.jp/img/product/3L1/N223797_3L1.jpg",55
69675861-2666-43b3-9c47-7f827bf3fc2f,"HI301-17 ｽﾘﾑｽﾄﾚｰﾄﾊﾟﾝﾂ 3L ﾀﾞｰｸN","ﾌｫｰｸ","https://www.kaunet.com/kaunet/images/goods/main/extra/C6510371.jpg",55
8c372e80-5bc1-48f2-8fdc-49f465236c70,"HI301-17 ｽﾘﾑｽﾄﾚｰﾄﾊﾟﾝﾂ L ﾀﾞｰｸN","ﾌｫｰｸ","https://image.rakuten.co.jp/imaginelife/cabinet/folk/imgrc0065298891.jpg",55
3f8374d3-d311-4006-bc66-53f9ba5ae0f2,"HI301-17 ｽﾘﾑｽﾄﾚｰﾄﾊﾟﾝﾂ LL ﾀﾞｰｸN","ﾌｫｰｸ","https://www.kaunet.com/kaunet/images/goods/main/extra/C6514621.jpg",55
2ca85868-9325-49a5-8346-2ea59ae59204,"HI301-17 ｽﾘﾑｽﾄﾚｰﾄﾊﾟﾝﾂ M ﾀﾞｰｸN","ﾌｫｰｸ","https://cdn.askul.co.jp/img/product/3L1/K928438_3L1.jpg",55
1e53efda-1867-4e0c-a836-735c26caf571,"HI301-17 ｽﾘﾑｽﾄﾚｰﾄﾊﾟﾝﾂ S ﾀﾞｰｸN","ﾌｫｰｸ","https://image.rakuten.co.jp/imaginelife/cabinet/folk/imgrc0065298891.jpg",55
a131abfc-1995-4f99-bd1d-80dc27a40600,"HI301-9 ｽﾘﾑｽﾄﾚｰﾄﾊﾟﾝﾂ M ﾌﾞﾗｯｸ","ﾌｫｰｸ","https://cdn.askul.co.jp/img/product/3L1/AKR1619_3L1.jpg",55
ec5d0c1b-bc92-4b0f-8c26-c31c3979d9ff,"HI700-9 ｽｸﾗﾌﾞ L ﾌﾞﾗｯｸ","ﾌｫｰｸ","https://cdn.askul.co.jp/img/product/3L1/N393345_3L1.jpg",55
f215be2f-72c8-4104-bba6-216c13b96fcb,"HI700-9 ｽｸﾗﾌﾞ M ﾌﾞﾗｯｸ","ﾌｫｰｸ","https://cdn.askul.co.jp/img/product/3L1/N393344_3L1.jpg",55
e05f2ccb-c989-439f-8b4c-4950942a10e8,"HI700-9 ｽｸﾗﾌﾞ S ﾌﾞﾗｯｸ","ﾌｫｰｸ","https://cdn.askul.co.jp/img/product/3L1/N393060_3L1.jpg",55
e39f0b3a-b11a-41f7-bb8b-01591ac4cf33,"HI704-17 ﾚﾃﾞｨｽｼﾞｯﾌﾟｽｸﾗﾌﾞ L ﾀﾞｰｸN","ﾌｫｰｸ","https://cdn.askul.co.jp/img/product/3L1/N224495_3L1.jpg",55
badb4be8-5a56-4eae-b349-912bc95a3ed9,"HI704-17 ﾚﾃﾞｨｽｼﾞｯﾌﾟｽｸﾗﾌﾞ M ﾀﾞｰｸN","ﾌｫｰｸ","https://cdn.askul.co.jp/img/product/3L1/N224494_3L1.jpg",55
dda56b6d-f87a-42aa-a14e-0f346a31bead,"HI704-17 ﾚﾃﾞｨｽｼﾞｯﾌﾟｽｸﾗﾌﾞ S ﾀﾞｰｸN","ﾌｫｰｸ","https://cdn.askul.co.jp/img/product/3L1/N223808_3L1.jpg",55
ab01f93d-60fd-40de-aa16-a779293350f5,"HI704-17 ﾚﾃﾞｨｽｼﾞｯﾌﾟｽｸﾗﾌﾞLL ﾀﾞｰｸN","ﾌｫｰｸ","https://cdn.askul.co.jp/img/product/3L1/N224496_3L1.jpg",55
c09e045c-318c-475c-bcf3-5a6d9822d387,"HI708-17 ﾚﾃﾞｨｽｼﾞｯﾌﾟｽｸﾗﾌﾞ L ﾀﾞｰｸN","ﾌｫｰｸ","https://www.folk.co.jp/img/goods/model/hi708_model_3.jpg",55
cf37dca0-1dba-4a19-81dc-67090a77a031,"HI708-17 ﾚﾃﾞｨｽｼﾞｯﾌﾟｽｸﾗﾌﾞ LL ﾀﾞｰｸN","ﾌｫｰｸ","https://cdn.askul.co.jp/img/product/3L1/NE17010_3L1.jpg",55
bb89790a-23d8-40bc-87f2-3daba0570abc,"HI708-17 ﾚﾃﾞｨｽｼﾞｯﾌﾟｽｸﾗﾌﾞ M ﾀﾞｰｸN","ﾌｫｰｸ","https://cdn.askul.co.jp/img/product/3L1/X353144_3L1.jpg",55
3897cf4d-451e-4d23-9c87-e7140d0a44e2,"HI708-17 ﾚﾃﾞｨｽｼﾞｯﾌﾟｽｸﾗﾌﾞ S ﾀﾞｰｸN","ﾌｫｰｸ","https://cdn.askul.co.jp/img/product/3L1/NE17015_3L1.jpg",55
2cdd8234-7ccf-433a-a6ac-60a63085aa10,"HI709-52 ｽｸﾗﾌﾞ L ｱﾇﾍｱ","ﾌｫｰｸ","https://shop.r10s.jp/kcm-onlineshop/cabinet/folk/hi709-52-1.jpg",55
f422c39d-3289-47d1-8d37-ddf52e9911dd,"HI709-52 ｽｸﾗﾌﾞ M ｱﾇﾍｱ","ﾌｫｰｸ","https://shop.r10s.jp/kcm-onlineshop/cabinet/folk/hi709-52-1.jpg",55
c6daa095-9c29-4273-bb12-a0279c6034b7,"ｽｶｰﾌ OR71-12 ﾊﾟｰﾌﾟﾙ","ﾌｫｰｸ","https://m.media-amazon.com/images/I/71e+Vc0A0XL._AC_SL1500_.jpg",72
fab925ae-70cc-4145-bd41-7f59f1552fe5,"ｽｶｰﾌ OR71-2　ｻｯｸｽ","ﾌｫｰｸ","https://medicollection.com/upload/save_image/03111523_6049b76fb7c2a.jpg",55
47a99f65-4d19-4f9a-84eb-3413af20d652,"AA-03-139 ｱﾗｲﾅｰ ﾌﾟﾗｲﾔｰ ﾘﾃﾝｼｮﾝ ﾌｫｰﾐﾝｸﾞ 139mm","ﾌｫﾚｽﾀﾃﾞﾝﾄ","https://d15ihgh2blymmz.cloudfront.net/uploads/item_image/4589898112492/4589898112492_2.jpg",55
ce099081-fbee-43c2-96e5-1f3f95a2f082,"FSR 13D ﾐﾆｽｸﾘｭｰﾘﾑｰﾊﾞｰ 1.25-1.40㎜","ﾌｫﾚｽﾄﾜﾝ","https://www.dentalshop.jp/images/upload/Image/Mina-Implant-Fixture-13.jpg",55
539aafdd-c8c1-4718-8c53-31ad702b102c,"KM-MODEL ﾙｰﾁｪﾌﾞﾗｹｯﾄ 上下顎ﾓﾃﾞﾙ","ﾌｫﾚｽﾄﾜﾝ","http://www.forest-one.co.jp/asset/download_img45.jpg?20220930084817",55
46cd662b-66d1-43bb-ab5f-089bfd7b4826,"KR222-11 ﾙｰﾁｪﾌﾞﾗｹｯﾄ 右上1　10粒入り","ﾌｫﾚｽﾄﾜﾝ","http://www.forest-one.co.jp/asset/download_img45.jpg?20220930084817",55
7f569bf7-bedb-48af-8e40-9f2af4c33155,"KR222-12 ﾙｰﾁｪﾌﾞﾗｹｯﾄ 右上2　10粒入り","ﾌｫﾚｽﾄﾜﾝ","http://www.forest-one.co.jp/asset/download_img45.jpg?20220930084817",55
5688bc16-f76c-4da2-b430-afe61980df38,"KR222-13H ﾙｰﾁｪﾌﾞﾗｹｯﾄ 右上3　10粒入り","ﾌｫﾚｽﾄﾜﾝ","http://www.forest-one.co.jp/asset/download_img45.jpg?20220930084817",55
af65b991-f410-462e-bbf1-53ff94091ce2,"KR222-14H ﾙｰﾁｪﾌﾞﾗｹｯﾄ 右上4　10粒入り","ﾌｫﾚｽﾄﾜﾝ","http://www.forest-one.co.jp/asset/download_img45.jpg?20220930084817",55
1a165c2c-6bf5-46a5-8b97-69fe76424dbe,"KR222-15H ﾙｰﾁｪﾌﾞﾗｹｯﾄ 右上5　10粒入り","ﾌｫﾚｽﾄﾜﾝ","",0
0aea82be-8d10-4e39-a91f-a31b43046aa1,"KR222-21 ﾙｰﾁｪﾌﾞﾗｹｯﾄ 左上1　10粒入り","ﾌｫﾚｽﾄﾜﾝ","http://www.forest-one.co.jp/asset/download_img45.jpg?20220930084817",55
71831246-dc17-47f4-8f64-dd4f5cde7e1e,"KR222-22 ﾙｰﾁｪﾌﾞﾗｹｯﾄ 左上2　10粒入り","ﾌｫﾚｽﾄﾜﾝ","http://www.forest-one.co.jp/asset/download_img45.jpg?20220930084817",55
eb2e5b63-c580-47e5-8381-729b7465a5e9,"KR222-23H ﾙｰﾁｪﾌﾞﾗｹｯﾄ 左上3　10粒入り","ﾌｫﾚｽﾄﾜﾝ","http://www.forest-one.co.jp/asset/download_img45.jpg?20220930084817",55
391e181a-007b-4ccf-a1b1-d4384b440da7,"KR222-24H ﾙｰﾁｪﾌﾞﾗｹｯﾄ 左上4　10粒入り","ﾌｫﾚｽﾄﾜﾝ","http://www.forest-one.co.jp/asset/download_img45.jpg?20220930084817",55
a1d0291b-4610-4378-bfe4-4febf126bcb6,"KR222-25H ﾙｰﾁｪﾌﾞﾗｹｯﾄ 左上5　10粒入り","ﾌｫﾚｽﾄﾜﾝ","http://www.forest-one.co.jp/asset/download_img45.jpg?20220930084817",55
cbae66f5-778a-4428-a290-09f28d424973,"KR222-31/32 ﾙｰﾁｪﾌﾞﾗｹｯﾄ 左下1.2　10粒入り","ﾌｫﾚｽﾄﾜﾝ","https://d15ihgh2blymmz.cloudfront.net/uploads/item_image/4573443672326/4573443672326_1.jpg",55
ddf3fd76-36d4-40fb-b3e2-850c95abfb95,"KR222-33H ﾙｰﾁｪﾌﾞﾗｹｯﾄ 左下3　10粒入り","ﾌｫﾚｽﾄﾜﾝ","http://www.forest-one.co.jp/asset/download_img45.jpg?20220930084817",55
98d44400-dd4a-4167-a34b-2de58e7ca8fe,"KR222-34H ﾙｰﾁｪﾌﾞﾗｹｯﾄ 左下4　10粒入り","ﾌｫﾚｽﾄﾜﾝ","http://www.forest-one.co.jp/asset/download_img45.jpg?20220930084817",55
07f8f567-9c2a-47e6-8ea2-e17ed1fc838d,"KR222-35H ﾙｰﾁｪﾌﾞﾗｹｯﾄ 左下5　10粒入り","ﾌｫﾚｽﾄﾜﾝ","http://www.forest-one.co.jp/asset/download_img45.jpg?20220930084817",55
d3de7676-6d24-4dcc-962d-d25b4c5eb048,"KR222-41/42 ﾙｰﾁｪﾌﾞﾗｹｯﾄ 右下1.2　10粒入り","ﾌｫﾚｽﾄﾜﾝ","https://d15ihgh2blymmz.cloudfront.net/uploads/item_image/4573443672326/4573443672326_1.jpg",55
6f4f97d2-fb26-430e-938b-48fe4d263ac5,"KR222-43H ﾙｰﾁｪﾌﾞﾗｹｯﾄ 右下3　10粒入り","ﾌｫﾚｽﾄﾜﾝ","http://www.forest-one.co.jp/asset/download_img45.jpg?20220930084817",55
14a33d93-7311-4f6e-9909-2cb6f957266c,"KR222-44H ﾙｰﾁｪﾌﾞﾗｹｯﾄ 右下4　10粒入り","ﾌｫﾚｽﾄﾜﾝ","http://www.forest-one.co.jp/asset/download_img45.jpg?20220930084817",55
5e486b35-bf2e-41ea-97ca-a11b2de70955,"KR222-45H ﾙｰﾁｪﾌﾞﾗｹｯﾄ 右下5　10粒入り","ﾌｫﾚｽﾄﾜﾝ","http://www.forest-one.co.jp/asset/download_img45.jpg?20220930084817",55
85b5e28c-60af-4311-aff0-67284b718029,"ﾌﾟﾚｵﾙｿ ﾉｰﾄﾌﾞｯｸ（10ｾｯﾄ）","ﾌｫﾚｽﾄﾜﾝ","https://www.forest-one.co.jp/asset/preortho_cover.jpg?20231219152329",49
13454801-2a17-447c-8fb4-2213203d3f6c,"ﾌﾟﾚｵﾙｿ 導入ﾊﾟｯｹｰｼﾞ（7個ｾｯﾄ）","ﾌｫﾚｽﾄﾜﾝ","https://www.forest-one.co.jp/asset/preortho_cover.jpg?20231219152329",49
d68a10d4-b4f5-4e0f-9541-c5533322758b,"ﾌﾟﾚｵﾙｿ 補充用ﾘｰﾌﾚｯﾄ（100部入）","ﾌｫﾚｽﾄﾜﾝ","https://www.forest-one.co.jp/asset/preortho_cover.jpg?20231219152329",49
b5f0f897-58c6-487f-8284-a84b071f6104,"ﾌﾟﾚｵﾙｿX ｲﾆｼｬﾙ","ﾌｫﾚｽﾄﾜﾝ","https://www.forest-one.co.jp/asset/preortho_cover.jpg?20231219152329",49
65e61b12-8386-4aa9-826e-bca626d190c7,"ﾌﾟﾚｵﾙｿX ﾀｲﾌﾟⅠ SSｻｲｽﾞ ｿﾌﾄﾀｲﾌﾟ","ﾌｫﾚｽﾄﾜﾝ","https://www.forest-one.co.jp/asset/preortho_cover.jpg?20231219152329",49
c9a84076-7cdf-4dcd-8877-7260e6ec1225,"ﾌﾟﾚｵﾙｿX ﾀｲﾌﾟⅠ SSｻｲｽﾞ ﾊｰﾄﾞﾀｲﾌﾟ","ﾌｫﾚｽﾄﾜﾝ","https://www.forest-one.co.jp/asset/preorthoX_main-image.jpg",48
6ce15015-8b2a-46f8-bedd-3671700fdacf,"ﾌﾟﾚｵﾙｿX ﾀｲﾌﾟⅠ Sｻｲｽﾞ ｿﾌﾄﾀｲﾌﾟ","ﾌｫﾚｽﾄﾜﾝ","https://www.forest-one.co.jp/asset/preortho_cover.jpg?20231219152329",49
a76a0765-ea21-45ca-9f38-f248fdb14942,"ﾌﾟﾚｵﾙｿX ﾀｲﾌﾟⅠ Sｻｲｽﾞ ﾊｰﾄﾞﾀｲﾌﾟ","ﾌｫﾚｽﾄﾜﾝ","https://www.forest-one.co.jp/asset/preortho_cover.jpg?20231219152329",49
cafcdc18-2c78-49d5-9835-8f75734a3854,"ﾌﾟﾚｵﾙｿX ﾀｲﾌﾟⅠ ﾛﾝｸﾞﾀｲﾌﾟ","ﾌｫﾚｽﾄﾜﾝ","https://www.forest-one.co.jp/asset/preortho_cover.jpg?20231219152329",49
0b9762f7-6d80-4b69-9849-6c78a6f4a890,"ﾌﾟﾚｵﾙｿX ﾀｲﾌﾟⅡ ﾉｰﾏﾙｻｲｽﾞ ﾊｰﾄﾞﾀｲﾌﾟ","ﾌｫﾚｽﾄﾜﾝ","https://www.forest-one.co.jp/asset/preortho_cover.jpg?20231219152329",49
28460b6c-5990-4c0c-bd6f-a8e6dfb2edc2,"ﾌﾟﾚｵﾙｿX ﾀｲﾌﾟⅢ Sｻｲｽﾞ ｿﾌﾄﾀｲﾌﾟ","ﾌｫﾚｽﾄﾜﾝ","https://www.forest-one.co.jp/asset/preortho_cover.jpg?20231219152329",49
e3c4134a-6f4a-4f2a-8384-9d5954129d89,"ﾌﾟﾚｵﾙｿX ﾀｲﾌﾟⅢ Sｻｲｽﾞ ﾊｰﾄﾞﾀｲﾌﾟ","ﾌｫﾚｽﾄﾜﾝ","https://www.forest-one.co.jp/asset/preortho_cover.jpg?20231219152329",49
7a0ebde7-ea93-471d-8a76-2c7ca340009a,"ﾌﾟﾚｵﾙｿX ﾀｲﾌﾟⅢ ﾛﾝｸﾞｻｲｽﾞ ﾊｰﾄﾞﾀｲﾌﾟ","ﾌｫﾚｽﾄﾜﾝ","http://www.forest-one.co.jp/asset/preorthoX-lineup-type1.jpg?20230202130409",46
d7feb478-3a91-46bb-97dc-b551564e8f3c,"ﾌﾟﾚｵﾙｿX 導入ﾊﾟｯｹｰｼﾞ","ﾌｫﾚｽﾄﾜﾝ","https://www.forest-one.co.jp/asset/preortho_cover.jpg?20231219152329",49
ef13e98a-7cdb-4ca1-bc5e-e42164d8c655,"ﾌﾟﾚｵﾙｿﾄﾚｰﾆﾝｸﾞBOOK NO.1 NO.2","ﾌｫﾚｽﾄﾜﾝ","https://www.forest-one.co.jp/asset/preortho_cover.jpg?20231219152329",49
014913f2-7856-4d18-ab60-d3a117e02eaa,"ﾌﾟﾚｵﾙｿ専用ｹｰｽ　 ｲｴﾛｰ","ﾌｫﾚｽﾄﾜﾝ","https://www.arbre-dc.com/wp-content/uploads/2020/08/PICT0040-1536x1152.jpg",50
04a87b47-8b5b-48a2-9c80-fff97661cba9,"ﾌﾟﾚｵﾙｿ専用ｹｰｽ　 ﾌﾞﾙｰ","ﾌｫﾚｽﾄﾜﾝ","https://img.fril.jp/img/684528586/l/2256819354.jpg?1715141186",55
431f903a-c14e-48d1-ba10-4ea3ff4d1bc0,"ﾌﾟﾚｵﾙｿ専用ｹｰｽ　ｲｴﾛｰ","ﾌｫﾚｽﾄﾜﾝ","https://www.arbre-dc.com/wp-content/uploads/2020/08/PICT0040-1536x1152.jpg",50
6702d23b-9bfb-44e6-97c6-e1931f8e635f,"ﾌﾟﾚｵﾙｿ専用ｹｰｽ　ﾋﾟﾝｸ","ﾌｫﾚｽﾄﾜﾝ","https://www.arbre-dc.com/wp-content/uploads/2020/08/PICT0040-1536x1152.jpg",50
e49b36ba-4e70-4935-a7eb-d4d40d6b822a,"ﾌﾟﾚｵﾙｿ専用ｹｰｽ　ﾌﾞﾙｰ","ﾌｫﾚｽﾄﾜﾝ","https://img.fril.jp/img/684528586/l/2256819354.jpg?1715141186",55
3bba5a51-7f9c-41cd-b0f8-071c0ed67e1b,"ﾌﾙｽﾍﾟｯｸﾅｰｽⅠ F720 ﾌﾞﾗｯｸ 24.0cm","ﾌｼﾞｺﾞﾑﾅｰｽ","https://www.itofuku.com/data/product/3524_main_20210729020854.jpg",55
dde70e6e-a838-43ba-9f62-0b1dc60e82b6,"ﾌﾙｽﾍﾟｯｸﾅｰｽⅠ F720 ﾌﾞﾗｯｸ 24.5cm","ﾌｼﾞｺﾞﾑﾅｰｽ","https://ik.imagekit.io/d1a8r1r1a/tr:f-auto,q-60,w-600/files/item/item-images/0034437806_main.jpg?v=",55
306e4eb6-5b1c-4918-a0eb-85107ae88150,"ﾌﾟﾗｽﾁｯｸﾎﾞｰﾙ M 2","ﾌｼﾞﾜﾗ","https://m.media-amazon.com/images/I/61YUcYXIMUL._AC_UF1000,1000_QL80_DpWeblab_.jpg?jhr4c8fwy17&oh158cj4q9kdpt",69
fac05100-b652-4bc8-9342-61901079b881,"ﾌﾟﾗｽﾁｯｸﾎﾞｰﾙ S 3","ﾌｼﾞﾜﾗ","https://auctions.c.yimg.jp/images.auctions.yahoo.co.jp/image/dr000/auc0404/users/d09567df2596fefbca9d0841dbbd6a7f160e5a1e/i-img1200x1200-1680932263dbvupd497182.jpg",55
0b5bfdb3-a9f7-484e-80a7-71b0b147cd6d,"ﾗﾊﾞｰﾎﾞｰﾙ ｸﾞﾘｰﾝ L","ﾌｼﾞﾜﾗ","https://shop.pdr.co.jp/g_images/series-673/series-673_02.jpg",80
bf7d6673-1821-4559-8a19-a7c8d2f4c51f,"ｼｭﾋﾟｰｹﾞﾙ専用ｶﾞｽﾎﾞﾝﾍﾞ3本入（GB2001）","ﾌﾟﾘﾝｽ","https://m.media-amazon.com/images/I/61cLCYaOmDL._AC_SL1500_.jpg",70
050e610b-3fde-4827-be8b-6c45fefa006a,"RCﾌﾟﾚｯﾌﾟｼﾘﾝｼﾞ 9gx2","ﾌﾟﾚﾐｱ","https://www.hakusui-trading.co.jp/wp-content/uploads/2020/09/00201001_02.jpg",55
7e7c5419-922f-4fb5-9343-935802b81a9b,"1188 X線ﾌｨﾙﾑﾎﾙﾀﾞｰ ﾍﾞｰｼﾞｭ","ﾌﾟﾚﾐｱﾑﾌﾟﾗｽｼﾞｬﾊﾟ","https://shop.pdr.co.jp/g_images/series-10339/series-10339_02.jpg",80
22932114-4878-4c9a-87c4-59c6c276debb,"2880 ｱﾙﾐﾆｳﾑﾊﾞｰﾌﾞﾛｯｸM40FG+40CAﾌﾞﾙｰ","ﾌﾟﾚﾐｱﾑﾌﾟﾗｽｼﾞｬﾊﾟ","https://d15ihgh2blymmz.cloudfront.net/uploads/item_image/4580532556177/4580532556177_1.jpg",55
5539fbab-bb7a-4b7f-8dbf-2434995910f7,"909 粘着ｱﾌﾟﾘｹｰﾀｰ","ﾌﾟﾚﾐｱﾑﾌﾟﾗｽｼﾞｬﾊﾟ","https://premiumplus.jp/wp/wp-content/uploads/2021/03/01-270.jpg",55
8235730a-223f-4fe1-bd53-735f98688422,"C01-MLB ｷｭｱﾘﾝｸﾞﾗｲﾄC01 ﾐﾆ ﾗｲﾄﾌﾞﾙｰ","ﾌﾟﾚﾐｱﾑﾌﾟﾗｽｼﾞｬﾊﾟ","https://medical.cygni.co.jp/images/goods/331643/331643_2.jpg",55
15c4e2cb-81f5-4e72-a8f4-ea81a0193677,"CM2-12 ﾊﾞｷｭｰﾑﾐﾗｰ用ﾁｭｰﾌﾞ","ﾌﾟﾚﾐｱﾑﾌﾟﾗｽｼﾞｬﾊﾟ","https://fordynet.fordy.jp/storage/products/product3563-20240711112643sub_image5.jpg",55
4e9cdab8-b9a2-4ff7-ba91-6c151edaebb0,"CM24J399 ﾊﾞｷｭｰﾑﾐﾗｰ 3本ｶﾗｰｱｿｰﾄ 片面ﾀｲﾌﾟ","ﾌﾟﾚﾐｱﾑﾌﾟﾗｽｼﾞｬﾊﾟ","https://premiumplus.jp/wp/wp-content/uploads/2021/05/06.jpg",54
5e7c94fa-b12d-4a66-9a18-12594bd2bc0b,"DC-0123 ﾐｷｼﾝｸﾞﾌﾟﾗｽ ﾌﾗｯﾄﾛﾝｸﾞ L ｸﾞﾘｰﾝ","ﾌﾟﾚﾐｱﾑﾌﾟﾗｽｼﾞｬﾊﾟ","https://gumpla.jp/wp-content/uploads/2023/05/DSC_06752-1-aspect-ratio-750-750.jpg",55
a42111d9-3440-4b98-b3fe-881ed84e112c,"FC-0156 ﾊﾞｲﾄﾌﾞﾛｯｸ","ﾌﾟﾚﾐｱﾑﾌﾟﾗｽｼﾞｬﾊﾟ","https://d15ihgh2blymmz.cloudfront.net/uploads/item_image/2000000848914/2000000848914_2.jpg",55
4b303146-f9cc-47ae-a376-cf6808bdb638,"FC-0329 抜歯鉗子66下顎歯根分離用","ﾌﾟﾚﾐｱﾑﾌﾟﾗｽｼﾞｬﾊﾟ","https://www.irisplaza.co.jp/IMAGE/HK/PRODUCT/7294604.jpg",55
48a0f96a-f410-442e-919d-ab7f44bfcb0e,"FC-0635 保存修復実習用模型","ﾌﾟﾚﾐｱﾑﾌﾟﾗｽｼﾞｬﾊﾟ","https://tshop.r10s.jp/axxzia/cabinet/item/beautyeyes/imgrc0098922472.jpg",75
5dc0c75c-db44-41f3-991a-6c0f5b58deba,"FC-0658 ﾂｰｻｲﾄﾞﾘﾄﾗｸﾀｰ L","ﾌﾟﾚﾐｱﾑﾌﾟﾗｽｼﾞｬﾊﾟ","https://premiumplus.jp/wp/wp-content/uploads/2024/11/fc0658_fc0657.jpg",55
49b67621-a6a2-4fc6-874c-f84d028c5aac,"FC-0680 ﾁｰｸﾘﾄﾗｸﾀｰ C型 ﾌﾞﾗｯｸ","ﾌﾟﾚﾐｱﾑﾌﾟﾗｽｼﾞｬﾊﾟ","https://premiumplus.jp/wp/wp-content/uploads/2024/11/fc0680_fc0683_01.jpg",55
4a4e15be-89ae-4673-8b2a-494a540f5685,"FC-0682 ﾁｰｸﾘﾄﾗｸﾀｰ V型 ﾌﾞﾗｯｸ","ﾌﾟﾚﾐｱﾑﾌﾟﾗｽｼﾞｬﾊﾟ","https://premiumplus.jp/wp/wp-content/uploads/2024/11/fc0680_fc0683_01.jpg",55
cfb05369-b483-4700-9447-da7c727a024c,"FL0104ｷｭｱﾘﾝｸﾞﾗｲﾄﾐﾆCO2/EZｱﾀｯﾁﾒﾝﾄｽﾀｰﾀｰｷｯﾄ ﾌﾞﾗｯｸ","ﾌﾟﾚﾐｱﾑﾌﾟﾗｽｼﾞｬﾊﾟ","https://premiumplus.jp/wp/wp-content/uploads/2021/04/09-2.jpg",53
b31cbf50-c6a8-4fcf-a989-28e8540d1395,"FL0104ｷｭｱﾘﾝｸﾞﾗｲﾄﾐﾆCO2/EZｱﾀｯﾁﾒﾝﾄｽﾀｰﾀｰｷｯﾄ ﾗｲﾄﾗﾍﾞﾝﾀﾞｰ","ﾌﾟﾚﾐｱﾑﾌﾟﾗｽｼﾞｬﾊﾟ","https://premiumplus.jp/wp/wp-content/uploads/2021/04/09-2.jpg",53
f300fcd5-cc76-4c00-90cc-8b7f0db3026f,"HB06-1B X線防護ｴﾌﾟﾛﾝ ﾌﾞﾙｰ","ﾌﾟﾚﾐｱﾑﾌﾟﾗｽｼﾞｬﾊﾟ","https://www.matsuyoshi.co.jp/files/item/item-images/00886948_ex01.jpg",55
2e80cd15-66e7-490b-80e5-89fc5e16360f,"IPR-GAUGE-KIT ｺﾝﾀｸﾄｹﾞｰｼﾞ","ﾌﾟﾚﾐｱﾑﾌﾟﾗｽｼﾞｬﾊﾟ","https://m.media-amazon.com/images/I/51WpTYoC5rL._SL1426_.jpg",74
80508e09-df36-4d5b-a497-4f4804abfc24,"M222G PMTCﾌﾟﾛﾌｨｰｶｯﾌﾟ CA ｿﾌﾄ","ﾌﾟﾚﾐｱﾑﾌﾟﾗｽｼﾞｬﾊﾟ","https://premiumplus.jp/wp/wp-content/uploads/2021/03/02-69.jpg",54
383c8b1f-f934-442d-8808-37d49094f98a,"MIﾀﾞｲﾔﾓﾝﾄﾞﾊﾞｰ FG MA0M","ﾌﾟﾚﾐｱﾑﾌﾟﾗｽｼﾞｬﾊﾟ","https://premiumplus.jp/wp/wp-content/uploads/2023/11/minimalinvasive04.jpg",55
ce60461e-e957-4dda-926d-063d351f6945,"N050-FG ﾊﾞｰﾃﾞｨｽﾍﾟﾝｻｰ 12FG ｲｴﾛｰ","ﾌﾟﾚﾐｱﾑﾌﾟﾗｽｼﾞｬﾊﾟ","https://d15ihgh2blymmz.cloudfront.net/uploads/item_image/4571389201341/4571389201341_1.jpg",55
d5d85502-97c9-48ea-970f-b1069975ffc0,"N050-FG ﾊﾞｰﾃﾞｨｽﾍﾟﾝｻｰ 12FG ﾌﾞﾙｰ","ﾌﾟﾚﾐｱﾑﾌﾟﾗｽｼﾞｬﾊﾟ","https://d15ihgh2blymmz.cloudfront.net/uploads/item_image/4589898176920/4589898176920_1.jpg",55
3d09b7d8-c14c-4238-9bf9-c4a236608a92,"N050-Mix ﾊﾞｰﾃﾞｨｽﾍﾟﾝｻｰ6FG+6CA ﾗｲﾄB","ﾌﾟﾚﾐｱﾑﾌﾟﾗｽｼﾞｬﾊﾟ","https://makeshop-multi-images.akamaized.net/thankothanko/shopimages/01/42/8_000000004201.jpg?1712539244",55
cd9e1695-0f47-4676-a8f5-c645d09798b7,"N055 ｴﾝﾄﾞﾃﾞｨｽﾍﾟﾝｻｰ ｲｴﾛｰ","ﾌﾟﾚﾐｱﾑﾌﾟﾗｽｼﾞｬﾊﾟ","https://d15ihgh2blymmz.cloudfront.net/uploads/item_image/4571389201037/4571389201037_1.jpg",55
f64bb992-35ae-4294-ab31-ee0ad41c77f5,"N055 ｴﾝﾄﾞﾃﾞｨｽﾍﾟﾝｻｰ ｸﾞﾘｰﾝ","ﾌﾟﾚﾐｱﾑﾌﾟﾗｽｼﾞｬﾊﾟ","https://d15ihgh2blymmz.cloudfront.net/uploads/item_image/4571389201013/4571389201013_1.jpg",55
0c3d38bd-b1a8-48aa-bc9d-5092d3f1883c,"N055 ｴﾝﾄﾞﾃﾞｨｽﾍﾟﾝｻｰ ﾌﾞﾙｰ","ﾌﾟﾚﾐｱﾑﾌﾟﾗｽｼﾞｬﾊﾟ","https://d15ihgh2blymmz.cloudfront.net/uploads/item_image/4571389201006/4571389201006_1.jpg",55
acc32f10-3546-4171-9e64-82dfc21c1357,"PD-R902B ﾌﾟﾛﾄﾞｰｽﾞ CRｼﾘﾝｼﾞﾁｯﾌﾟ ﾆｰﾄﾞﾙ20G","ﾌﾟﾚﾐｱﾑﾌﾟﾗｽｼﾞｬﾊﾟ","https://premiumplus.jp/images/products/acrylic_products.png",49
af80333d-75fd-4c79-8099-36a0a69bfc11,"PMTCﾌﾟﾛﾌｨｰﾌﾞﾗｼ　ｼﾞｭﾆｱﾐﾆ CA ｿﾌﾄ ｸﾘｱ　S-269","ﾌﾟﾚﾐｱﾑﾌﾟﾗｽｼﾞｬﾊﾟ","https://shop.pdr.co.jp/g_images/series-10989/series-10989_01.jpg",80
d0261e24-4fd0-45a5-ac7a-cedceef75f93,"S-261F ﾌﾟﾛﾌｨｰﾌﾞﾗｼｽｸﾘｭｰ S/F 100入","ﾌﾟﾚﾐｱﾑﾌﾟﾗｽｼﾞｬﾊﾟ","https://premiumplus.jp/images/products/acrylic_products.png",49
6ee823d3-3689-4f2b-aece-0497ee07b550,"S-261T ﾌﾟﾛﾌｨｰﾌﾞﾗｼｽｸﾘｭｰ S/T 100入","ﾌﾟﾚﾐｱﾑﾌﾟﾗｽｼﾞｬﾊﾟ","https://premiumplus.jp/wp/wp-content/uploads/2021/03/03-sc-7.jpg",52
55f3cecc-9690-4d61-8660-3780669fb4da,"S-262F ﾌﾟﾛﾌｨｰﾌﾞﾗｼCAｿﾌﾄﾌﾗｯﾄ100入","ﾌﾟﾚﾐｱﾑﾌﾟﾗｽｼﾞｬﾊﾟ","https://premiumplus.jp/wp/wp-content/uploads/2021/03/main-ca-5.jpg",49
c2e3dd87-eae0-4ea5-9ab7-fec1fb42e857,"S-262FﾌﾟﾛﾌｨｰﾌﾞﾗｼCAｿﾌﾄﾌﾗｯﾄ100入","ﾌﾟﾚﾐｱﾑﾌﾟﾗｽｼﾞｬﾊﾟ","https://shop.pdr.co.jp/g_images/series-10989/series-10989_01.jpg",80
9da31eb8-4791-4c43-ad1a-73226b501c21,"S-262TﾌﾟﾛﾌｨｰﾌﾞﾗｼCAｿﾌﾄﾃｰﾊﾟｰ100入","ﾌﾟﾚﾐｱﾑﾌﾟﾗｽｼﾞｬﾊﾟ","https://premiumplus.jp/wp/wp-content/uploads/2021/03/04-32.jpg",55
003b68da-2de4-4bf1-bf61-1e5909e387a8,"S060 ｺﾝﾎﾟｼﾞｯﾄｵｰｶﾞﾅｲｻﾞｰ ｽﾀﾝﾀﾞｰﾄﾞ","ﾌﾟﾚﾐｱﾑﾌﾟﾗｽｼﾞｬﾊﾟ","https://d15ihgh2blymmz.cloudfront.net/uploads/item_image/4589898168192/4589898168192_1.jpg",55
3361cde7-b5e7-4003-a189-aaad01d5ac26,"S901-1 ﾏｲｸﾛｱﾌﾟﾘｹｰﾀｰ ﾚｷﾞｭﾗｰ ﾌﾞﾙｰ","ﾌﾟﾚﾐｱﾑﾌﾟﾗｽｼﾞｬﾊﾟ","https://premiumplus.jp/images/products/acrylic_products.png",49
ddd91c10-88a0-4a21-9ac6-1e598392ee12,"S902-1 ﾏｲｸﾛｱﾌﾟﾘｹｰﾀｰ ﾌｧｲﾝ ｸﾞﾘｰﾝ","ﾌﾟﾚﾐｱﾑﾌﾟﾗｽｼﾞｬﾊﾟ","https://premiumplus.jp/images/products/acrylic_products.png",49
65a9b8d8-3fde-487e-8311-dfaf21da3ff8,"ｶﾞﾗｽ練板　045","ﾌﾟﾚﾐｱﾑﾌﾟﾗｽｼﾞｬﾊﾟ","https://shop.pdr.co.jp/g_images/series-319/series-319_01.jpg",80
a4d57c42-2d90-4e7c-9400-1c462afb0246,"ｻﾗｲﾊﾞｴｼﾞｪｸﾀｰ ｸﾘｱ/ﾎﾜｲﾄ 排唾管 300W","ﾌﾟﾚﾐｱﾑﾌﾟﾗｽｼﾞｬﾊﾟ","https://www.kaunet.com/kaunet/images/goods/main/extra/20250626_4698_64-1123-28_m_t_h.jpg",55
51871292-ac13-4b66-b16f-1d35835238b6,"ﾆｰﾄﾞﾙｽﾃｰｼｮﾝ 031","ﾌﾟﾚﾐｱﾑﾌﾟﾗｽｼﾞｬﾊﾟ","https://shop.pdr.co.jp/g_images/series-10331/series-10331_01.jpg",80
7d4116a1-1f49-419f-ab88-2dd44a815abd,"ﾐｷｼﾝｸﾞﾌﾟﾗｽ ﾌﾗｯﾄﾛﾝｸﾞ L ｸﾞﾘｰﾝ","ﾌﾟﾚﾐｱﾑﾌﾟﾗｽｼﾞｬﾊﾟ","https://premiumplus.jp/wp/wp-content/uploads/2021/03/01-266.jpg",53
b4375f41-83ff-4aa1-96ac-275a05a85871,"ﾐｷｼﾝｸﾞﾌﾟﾗｽ ﾌﾗｯﾄﾛﾝｸﾞ S ﾋﾟﾝｸ","ﾌﾟﾚﾐｱﾑﾌﾟﾗｽｼﾞｬﾊﾟ","https://premiumplus.jp/wp/wp-content/uploads/2024/11/solebiteSplus_01.jpg",55
2e442308-3ed3-45ea-8280-604dc59c96ed,"111-010 ｽｸﾘｭｰﾄﾞﾗｲﾊﾞｰ ﾎﾞﾃﾞｨ","ﾌﾟﾛｼｰﾄﾞ","https://img.aucfree.com/p809128231.1.jpg",50
88b2501a-2d29-417b-9467-ca32d68a9330,"111-ED-010 ｵﾙｿﾆｱ ﾊﾝﾄﾞﾋﾟｰｽﾀｲﾌﾟ010","ﾌﾟﾛｼｰﾄﾞ","https://www.ortotek.cl/product/orthonia-jeil-medical/111-ED-010_1.png",55
7de8050d-2b2b-4d21-8989-6e9cac3385e4,"113-MD-103 ﾍｷｻﾄﾞﾗｲﾊﾞｰｼｬﾌﾄ -ﾛﾝｸﾞ","ﾌﾟﾛｼｰﾄﾞ","https://www.daiichi-golf.co.jp/blogsakai/wp-content/uploads/sites/5/2024/11/IMG_4528-1024x1024.jpeg",55
6165c31b-3698-4ace-9829-228aae03d101,"113-MD-202 ﾍｷｻﾄﾞﾗｲﾊﾞｰｼｬﾌﾄ -ﾐﾃﾞｨｱ","ﾌﾟﾛｼｰﾄﾞ","https://auctions.c.yimg.jp/images.auctions.yahoo.co.jp/image/dr000/auc0102/user/8578989e202e16d8b7227f341ee85c48cf9f6b6051af14426c7434bebd9bc56b/i-img1200x900-173858654805535sfmwb64205.jpg",50
2a3c6617-3d81-49e2-a513-0c8e23cf647a,"113-MD-203 ﾍｷｻﾄﾞﾗｲﾊﾞｰｼｬﾌﾄ -ｼｮｰﾄ","ﾌﾟﾛｼｰﾄﾞ","https://www.daiichi-golf.co.jp/blogsakai/wp-content/uploads/sites/5/2024/11/IMG_4528-1024x1024.jpeg",55
66ae200b-cbaf-43bc-a257-7c6bb46bf35d,"113-MIM-101 MIMﾍｷｻﾄﾞﾗｲﾊﾞｰｼｬﾌﾄ -ﾛﾝｸﾞ","ﾌﾟﾛｼｰﾄﾞ","https://shop.r10s.jp/thirdwave/cabinet/item/driver/jkdrndblr-1.jpg",55
8d49b7d2-34d3-483d-b2a4-5eedc8575d80,"113-MIM-101MIMﾍｷｻﾄﾞﾗｲﾊﾞｰｼｬﾌﾄ -ﾛﾝｸﾞ","ﾌﾟﾛｼｰﾄﾞ","https://auctions.c.yimg.jp/images.auctions.yahoo.co.jp/image/dr000/auc0511/user/1cd7e3953101d0723d8fc2aca0ec16a101d42d62697d5c9a988d3b378e48fd06/i-img1200x1200-173286376110061yca4k26312.jpg",55
93bb9158-a567-45ef-b3e2-2a21d68cf46f,"S14-MIM-008 ﾃﾞｭｱﾙﾄｯﾌﾟｵｰﾄｽｸﾘｭｰⅢ 1.4*8","ﾌﾟﾛｼｰﾄﾞ","https://proseedcorp.com/wp/wp-content/uploads/2012/07/bh.png",55
d358354c-e85e-4d44-98fa-e9ff37f3e9c2,"S16-JA-008H ﾃﾞｭｱﾙﾄｯﾌﾟｵｰﾄｽｸﾘｭｰⅢ 1.6*8","ﾌﾟﾛｼｰﾄﾞ","https://proseedcorp.com/wp/wp-content/uploads/2012/07/bh.png",55
206efa2e-203b-4b36-b5b9-c7cf5ae39444,"S20-JA-006H ﾃﾞｭｱﾙﾄｯﾌﾟｵｰﾄｽｸﾘｭｰⅢ 2.0*6","ﾌﾟﾛｼｰﾄﾞ","https://proseedcorp.com/wp/wp-content/uploads/2012/07/bh.png",55
2898bb5b-8c96-4b5f-b5e8-548725f2171e,"S20-JA-010H ﾃﾞｭｱﾙﾄｯﾌﾟｵｰﾄｽｸﾘｭｰⅢ 2.0*10","ﾌﾟﾛｼｰﾄﾞ","https://proseedcorp.com/wp/wp-content/uploads/2012/07/bh.png",55
a29264d7-fc44-443e-9ba3-86a5900cb36a,"ﾊﾞｷｭﾃｨﾅ採血管 10mL 100本入 8597","ベクトン","https://www.bd.com/content/dam/bd-assets/bd-com/ga-assets/ja-jp/images/product-family/integrated-diagnostic-solutions/bd-vacutainer-blood-collection-tubes/vacutainer-coagulation.jpeg",55
077a6c43-ea15-4477-8f3f-ffd09ab74127,"BDｾｰﾌﾃｨﾛｯｸ ﾌﾞﾗｯﾄﾞｺﾚｸｼｮﾝｾｯﾄ 23G 3/4 368653","ﾍﾞｸﾄﾝ","https://images.dotmed.com/images/listingpics2/4/9/1/7/4917833.jpg",49
54b95096-7020-43dd-9b48-cb06dc49acd1,"ﾊﾞｷｭﾃｨﾅﾌﾞﾗｯﾄﾞｺﾚｸｼｮﾝｷｯﾄ　21G 3/4 368652","ﾍﾞｸﾄﾝ","https://www.bd.com/content/dam/bd-assets/bd-com/ga-assets/ja-jp/images/product-family/integrated-diagnostic-solutions/bd-vacutainer-blood-collection-tubes/vacutainer-coagulation.jpeg",55
a5fbc0b6-9f55-4044-8202-581aee448445,"ｸﾞﾙｰﾏｰ ﾃﾞｨｾﾝｼﾀｲｻﾞｰ","ﾍﾚｳｽﾃﾞﾝﾀﾙ","https://www.kuraraynoritake.jp/product/other_chairside/images/ap_paste/dise_step.png",93
117a3437-a04f-4a7a-82c9-9b007f3d3ff7,"ﾒﾓｼﾞﾙ2 50ML 2入","ﾍﾚｳｽﾃﾞﾝﾀﾙ","https://m.media-amazon.com/images/I/61+RBCFQ6RL._AC_SL1500_.jpg",70
2b8972c8-7adb-4ccb-990d-e496df039c47,"37%ｴｯﾁﾝｸﾞｼﾞｪﾙ 2(5mLｼﾘﾝｼﾞX2)","ﾍﾟﾝﾄﾛﾝｼﾞｬﾊﾟﾝ","https://fordynet.fordy.jp/storage/products/20171102131356.jpg",55
ca85d7f9-c5de-46fa-80a9-fce1e8ecfa25,"ｴﾝﾄﾞｾﾑ MTA premixed 3g","ﾍﾟﾝﾄﾛﾝｼﾞｬﾊﾟﾝ","https://d15ihgh2blymmz.cloudfront.net/uploads/item_image/4560266335873/4560266335873_1.jpg",55
18257aa5-7591-4aeb-8f24-816f601614c9,"ｶﾞﾗｽ練板 中板(ｾﾒﾝﾄ練板 M)","ﾎﾘｳﾁ","https://shop.pdr.co.jp/g_images/series-319/series-319_01.jpg",80
6b173c59-2d22-4a92-8eeb-70fc033092d9,"ｽﾎﾟｲﾄ薬瓶 青","ﾎﾘｳﾁ","https://d2n1yksyrui2ua.cloudfront.net/img/goods/L/07815202s_EC_M.jpg",55
31ab0386-4a5b-4909-a6f3-82f65dcdedf2,"ﾊﾞﾀﾌﾗｲ2 ﾊﾞｯﾃﾘｰﾎﾞｯｸｽ ad000037","ﾏｲｸﾛﾃｯｸ","http://www.micro-t.jp/img/image2025.gif",28
573ad8ad-bc5b-45ea-9829-394c95795357,"ﾏｲｸﾛﾃｯｸ ﾊﾞﾀﾌﾗｲｴﾎﾞ ﾏｲｸﾛﾗｲﾄｺｰﾄﾞﾚｽ","ﾏｲｸﾛﾃｯｸ","http://www.ourdent.com/hp-admin/wp-content/uploads/2024/06/01_page-0001.jpg",49
b0c1b66a-957d-461d-9f99-b847403df1b5,"ｶｰﾊﾞｲﾄﾞﾊﾞｰ HM71 HP 031 1本 89242","ﾏｲｼﾞﾝｶﾞｰ","https://www.gc.dental/japan/sites/japan.gc.dental/files/styles/image_608x342/public/products/images/%E3%83%9E%E3%82%A4%E3%82%B8%E3%83%B3%E3%82%AC%E3%83%BC%20%E3%82%AB%E3%83%BC%E3%83%90%E3%82%A4%E3%83%89%E3%83%90%E3%83%BC%E3%83%9F%E3%83%8B%E3%82%B9_202508.jpg.webp?itok=rUZY5awJ",97
53e6f998-3616-4180-941c-dcbda88eb300,"TNｺｰﾃｯﾄﾞﾊﾞｰ HP/31P 8907932","ﾏｽﾀｰｶｯﾄ","https://cdndental.feed.jp/contents/common/img/goods/item/8907932/8907932_L.jpg",45
383255fa-0963-435d-91cc-54a10c3568f1,"Hﾌｧｲﾙ21MM 6本入08","ﾏﾆｰ","https://maiplemedical.com/cdn/shop/products/02231200_56cbcb3229db6_580x.jpg?v=1605249121",55
090cd103-e46c-44c6-9074-c6946659970c,"Hﾌｧｲﾙ21MM 6本入10","ﾏﾆｰ","https://maiplemedical.com/cdn/shop/products/02231200_56cbcb3229db6_580x.jpg?v=1605249121",55
d1b686f7-b487-4bf6-abe2-ddc1c012913a,"Hﾌｧｲﾙ21MM 6本入15","ﾏﾆｰ","https://d15ihgh2blymmz.cloudfront.net/uploads/item_image/4546951502836/4546951502836_1.jpg",55
7dd8f5d1-2936-4d9f-bfe7-1f53df8e2dd0,"Hﾌｧｲﾙ21MM 6本入20","ﾏﾆｰ","https://d15ihgh2blymmz.cloudfront.net/uploads/item_image/4546951502843/4546951502843_1.jpg",55
5a371262-346f-4174-b19d-000ff64e2872,"Hﾌｧｲﾙ21MM 6本入25","ﾏﾆｰ","https://d15ihgh2blymmz.cloudfront.net/uploads/item_image/4546951502850/4546951502850_1.jpg",55
69eb6b36-7bc5-4f99-9bce-13c9ae50f4e2,"Hﾌｧｲﾙ21MM 6本入30","ﾏﾆｰ","https://maiplemedical.com/cdn/shop/products/02231200_56cbcb3229db6_580x.jpg?v=1605249121",55
c1a01846-9519-472b-a3dc-035067ade729,"Hﾌｧｲﾙ21MM 6本入35","ﾏﾆｰ","https://maiplemedical.com/cdn/shop/products/02231200_56cbcb3229db6_580x.jpg?v=1605249121",55
10d7e29b-052b-4cca-80cb-faf96ca3eb70,"Hﾌｧｲﾙ21MM 6本入40","ﾏﾆｰ","https://maiplemedical.com/cdn/shop/products/02231200_56cbcb3229db6_580x.jpg?v=1605249121",55
76ab559b-b30b-40e4-955f-ffa573501013,"Hﾌｧｲﾙ21MM 6本入45","ﾏﾆｰ","https://shop.r10s.jp/genki-sokai/cabinet/m_y050000-y054999/s_2600/y052613-000-000.jpg",55
99a48a4f-948c-4191-b513-38472d58ab0c,"Hﾌｧｲﾙ21MM 6本入50","ﾏﾆｰ","https://d15ihgh2blymmz.cloudfront.net/uploads/item_image/4546951502904/4546951502904_1.jpg",55
e6aadc37-3965-4d9b-abfc-5d1bb2797691,"Hﾌｧｲﾙ21MM 6本入60","ﾏﾆｰ","https://shop.pdr.co.jp/g_images/series-1151/series-1151_01.jpg",80
fccd6f74-4d41-4194-b2a4-8fd597f8798a,"Hﾌｧｲﾙ25MM 6本入08","ﾏﾆｰ","https://www.dentganga.com/storage/images/product/gallery_image/Untitled-21667551409.jpg",55
9cb84fda-0623-4b80-85b3-4887def93039,"Hﾌｧｲﾙ25MM 6本入10","ﾏﾆｰ","https://maiplemedical.com/cdn/shop/products/02231207_56cbccd9bd2a9_1024x1024@2x.jpg?v=1605254735",55
0dc166da-282c-4e3f-bfff-cb08ed7f7aa1,"Hﾌｧｲﾙ25MM 6本入100","ﾏﾆｰ","https://www.thedentistshop.com/assets/product/large/product_1779_1891.jpg",55
ae01f819-f621-46fb-8ea9-bcba1e2cddf7,"Hﾌｧｲﾙ25MM 6本入15","ﾏﾆｰ","https://d15ihgh2blymmz.cloudfront.net/uploads/item_image/4546951503062/4546951503062_1.jpg",55
f156fe27-7d5b-49f3-a6cf-41733b74a8de,"Hﾌｧｲﾙ25MM 6本入20","ﾏﾆｰ","https://www.thedentistshop.com/assets/product/large/product_1779_1891.jpg",55
62262e0c-1a23-4fc6-8be5-b8c49ca36ad5,"Hﾌｧｲﾙ25MM 6本入25","ﾏﾆｰ","https://www.dentganga.com/storage/images/product/main_image/Untitled-11667552120.jpg",55
ff1367dc-3c2d-40e0-97d0-5ed14d2771bd,"Hﾌｧｲﾙ25MM 6本入30","ﾏﾆｰ","https://shop.r10s.jp/genki-sokai/cabinet/m_y050000-y054999/s_2600/y052619-000-000.jpg",55
457bcf78-c0a6-48f7-9e06-1dcfb71c7a32,"Hﾌｧｲﾙ25MM 6本入35","ﾏﾆｰ","https://maiplemedical.com/cdn/shop/products/02231207_56cbccd9bd2a9_1024x1024@2x.jpg?v=1605254735",55
8a93b4e1-9f0b-4bbe-a649-dfbf980dddcb,"Hﾌｧｲﾙ25MM 6本入40","ﾏﾆｰ","https://maiplemedical.com/cdn/shop/products/02231207_56cbccd9bd2a9_1024x1024@2x.jpg?v=1605254735",55
74abedca-ef58-4d1c-a2c9-1d1d7377b85b,"Hﾌｧｲﾙ25MM 6本入45","ﾏﾆｰ","https://d15ihgh2blymmz.cloudfront.net/uploads/item_image/4546951503123/4546951503123_1.jpg",55
1eaaf934-4ea2-4859-ba56-81831a10c1d7,"Hﾌｧｲﾙ25MM 6本入50","ﾏﾆｰ","https://www.thedentistshop.com/assets/product/large/product_1779_1891.jpg",55
61acf71a-8891-4196-b337-8fe1e9f6f138,"Hﾌｧｲﾙ25MM 6本入55","ﾏﾆｰ","https://www.thedentistshop.com/assets/product/large/product_1779_1891.jpg",55
2a0ce8f4-956e-45c5-9bad-6164832fd383,"Hﾌｧｲﾙ25MM 6本入60","ﾏﾆｰ","https://maiplemedical.com/cdn/shop/products/02231205_56cbcc7959fd7_580x.jpg?v=1605254743",55
d16f82df-ccd0-40b2-8e93-3f5afa4cb6fc,"Hﾌｧｲﾙ25MM 6本入70","ﾏﾆｰ","https://www.thedentistshop.com/assets/product/large/product_1779_1891.jpg",55
c4cda413-0940-4ccb-a879-501ab716de2a,"Hﾌｧｲﾙ25MM 6本入80","ﾏﾆｰ","https://www.thedentistshop.com/assets/product/large/product_1779_1891.jpg",55
cfe90865-9512-41e0-81ef-49eb3bdfb211,"Hﾌｧｲﾙ25MM 6本入90","ﾏﾆｰ","https://d15ihgh2blymmz.cloudfront.net/uploads/item_image/4546951503086/4546951503086_1.jpg",55
4b5e8c68-2df2-4d0a-88c3-91d89500a636,"Hﾌｧｲﾙ28MM 6本入08","ﾏﾆｰ","https://shop.pdr.co.jp/g_images/series-1151/series-1151_01.jpg",80
775af9b9-9a69-4278-841b-a4960c84ae45,"Hﾌｧｲﾙ28MM 6本入10","ﾏﾆｰ","https://shop.pdr.co.jp/g_images/series-1151/series-1151_01.jpg",80
d73847a9-4fc6-4648-a9f1-6da110f15269,"Hﾌｧｲﾙ28MM 6本入100","ﾏﾆｰ","https://shop.pdr.co.jp/g_images/series-1151/series-1151_01.jpg",80
6c5ca824-5c2e-4d19-b8f8-76fffb4265b0,"Hﾌｧｲﾙ28MM 6本入100","ﾏﾆｰ","https://shop.pdr.co.jp/g_images/series-1151/series-1151_01.jpg",80
637f27a4-bf47-4a7b-9de2-4ac570bdc873,"Hﾌｧｲﾙ28MM 6本入15","ﾏﾆｰ","https://shop.pdr.co.jp/g_images/series-1151/series-1151_01.jpg",80
ba669e85-939f-4faf-8120-6c071b67757a,"Hﾌｧｲﾙ28MM 6本入20","ﾏﾆｰ","https://shop.pdr.co.jp/g_images/series-1151/series-1151_01.jpg",80
1d6dc8f7-18eb-439d-ab1a-6bff45716665,"Hﾌｧｲﾙ28MM 6本入20","ﾏﾆｰ","https://shop.pdr.co.jp/g_images/series-1151/series-1151_01.jpg",80
887f830d-717d-457e-92e4-3a3bace1ac78,"Hﾌｧｲﾙ28MM 6本入25","ﾏﾆｰ","https://shop.pdr.co.jp/g_images/series-1151/series-1151_01.jpg",80
32924449-f93d-4494-87a6-8116e195422b,"Hﾌｧｲﾙ28MM 6本入25","ﾏﾆｰ","https://shop.pdr.co.jp/g_images/series-1151/series-1151_01.jpg",80
ecc1e668-2117-4016-9e6b-94ffc4b5befb,"Hﾌｧｲﾙ28MM 6本入30","ﾏﾆｰ","https://shop.pdr.co.jp/g_images/series-1151/series-1151_01.jpg",80
57bfec0f-54bb-41eb-b4eb-12d26e763e92,"Hﾌｧｲﾙ28MM 6本入30","ﾏﾆｰ","https://shop.pdr.co.jp/g_images/series-1151/series-1151_01.jpg",80
3ed090dd-569a-4319-a87b-38ef1eadc5b2,"Hﾌｧｲﾙ28MM 6本入35","ﾏﾆｰ","https://shop.pdr.co.jp/g_images/series-1151/series-1151_01.jpg",80
70d37195-65eb-4599-aeb0-36f5f3272df5,"Hﾌｧｲﾙ28MM 6本入35","ﾏﾆｰ","https://shop.pdr.co.jp/g_images/series-1151/series-1151_01.jpg",80
7a04ad25-efa1-4261-9418-f27cd211d3f3,"Hﾌｧｲﾙ28MM 6本入90","ﾏﾆｰ","https://shop.pdr.co.jp/g_images/series-1151/series-1151_01.jpg",80
c55140b6-a00a-4ea6-aebd-dfdfc1bb1bdb,"Hﾌｧｲﾙ28MM 6本入90","ﾏﾆｰ","https://shop.pdr.co.jp/g_images/series-1151/series-1151_01.jpg",80
4b568b4c-a2a8-43fc-9bee-3fc9d52593f9,"Hﾌｧｲﾙ31MM 6本入08","ﾏﾆｰ","https://maiplemedical.com/cdn/shop/products/02231218_56cbcfa01cc59_1024x1024@2x.jpg?v=1605254749",55
054919c8-6da3-462f-86d9-6c613869cfaf,"Hﾌｧｲﾙ31MM 6本入08","ﾏﾆｰ","https://maiplemedical.com/cdn/shop/products/02231218_56cbcfa01cc59_1024x1024@2x.jpg?v=1605254749",55
0187d50b-0344-4df3-98bd-ab2fe8914eb8,"Hﾌｧｲﾙ31MM 6本入10","ﾏﾆｰ","https://maiplemedical.com/cdn/shop/products/02231220_56cbd0011f44d_1024x1024@2x.jpg?v=1605254740",55
80178991-e5c2-4882-98f8-6b8813b8d581,"Hﾌｧｲﾙ31MM 6本入10","ﾏﾆｰ","https://maiplemedical.com/cdn/shop/products/02231220_56cbd0011f44d_1024x1024@2x.jpg?v=1605254740",55
0cda4150-bb24-4deb-8e88-d414e494100d,"Hﾌｧｲﾙ31MM 6本入15","ﾏﾆｰ","https://www.citydentalsupplies.com.au/product/mani-h-files-31mm-pkt-6/3108c684-1f5f-401b-838f-36fd47632769.png",55
50d9f2c1-7b02-4c06-b9bb-e72a0a061e3c,"Hﾌｧｲﾙ31MM 6本入15","ﾏﾆｰ","https://www.citydentalsupplies.com.au/product/mani-h-files-31mm-pkt-6/3108c684-1f5f-401b-838f-36fd47632769.png",55
97a276bf-c10f-434f-a1d4-84709e6301ec,"Kﾌｧｲﾙ21MM 6本入08","ﾏﾆｰ","https://criticaldental.com.au/wp-content/uploads/2024/10/Mani-K-Files-21mm-08.jpg",55
6e96c5b9-110e-4e71-9170-d09d8b42c766,"Kﾌｧｲﾙ21MM 6本入08","ﾏﾆｰ","https://criticaldental.com.au/wp-content/uploads/2024/10/Mani-K-Files-21mm-08.jpg",55
73b117d5-2fe3-4133-b8e3-58cafdd915c7,"Kﾌｧｲﾙ21MM 6本入10","ﾏﾆｰ","https://cdn.shopify.com/s/files/1/0508/9706/0033/products/02231101_56cbbd77212b4_580x.jpg?v=1605247687",55
f5a38ac4-a084-4d29-a882-1d6c65c10388,"Kﾌｧｲﾙ21MM 6本入10","ﾏﾆｰ","https://cdn.shopify.com/s/files/1/0508/9706/0033/products/02231101_56cbbd77212b4_580x.jpg?v=1605247687",55
f077784c-28c7-434d-b1f3-1c77beb20d37,"Kﾌｧｲﾙ21MM 6本入15","ﾏﾆｰ","https://5.imimg.com/data5/SELLER/Default/2020/12/FV/MD/VP/40141123/qmani-k-files-21mm-500x500-500x500.jpg",55
635160ec-9cc5-40e0-8394-3bce399a66b5,"Kﾌｧｲﾙ21MM 6本入15","ﾏﾆｰ","https://d15ihgh2blymmz.cloudfront.net/uploads/item_image/4546951501679/4546951501679_1.jpg",55
6fc8238c-b2db-418b-b080-18fc93241d56,"Kﾌｧｲﾙ21MM 6本入20","ﾏﾆｰ","https://cdn.shopify.com/s/files/1/0508/9706/0033/products/02231101_56cbbd77212b4_580x.jpg?v=1605247687",55
d432ffc3-9b72-4cbe-a4b0-7f336a467ff3,"Kﾌｧｲﾙ21MM 6本入20","ﾏﾆｰ","https://cdn.shopify.com/s/files/1/0508/9706/0033/products/02231101_56cbbd77212b4_580x.jpg?v=1605247687",55
502cec50-6a99-4f1d-85a3-b5565f2f20b0,"Kﾌｧｲﾙ21MM 6本入25","ﾏﾆｰ","https://www.dentganga.com/storage/images/product/main_image/k-file-21mm-251654080285.jpg",55
48eb56ea-08f4-4eb2-9a2b-0895e5268d1c,"Kﾌｧｲﾙ21MM 6本入25","ﾏﾆｰ","https://www.dentganga.com/storage/images/product/main_image/k-file-21mm-251654080285.jpg",55
a30722b9-35b2-43f7-a7b8-1a0a40c08a77,"Kﾌｧｲﾙ21MM 6本入30","ﾏﾆｰ","https://cdn.shopify.com/s/files/1/0508/9706/0033/products/02231101_56cbbd77212b4_580x.jpg?v=1605247687",55
bdc0f696-b737-461a-841c-460557f815a3,"Kﾌｧｲﾙ21MM 6本入30","ﾏﾆｰ","https://cdn.shopify.com/s/files/1/0508/9706/0033/products/02231101_56cbbd77212b4_580x.jpg?v=1605247687",55
203c2c44-b20f-426b-bd96-de9674dfa3be,"Kﾌｧｲﾙ21MM 6本入40","ﾏﾆｰ","https://cdn.shopify.com/s/files/1/0508/9706/0033/products/02231101_56cbbd77212b4_580x.jpg?v=1605247687",55
7d9e0f24-0290-42a1-ab01-f03b13856e09,"Kﾌｧｲﾙ21MM 6本入40","ﾏﾆｰ","https://cdn.shopify.com/s/files/1/0508/9706/0033/products/02231101_56cbbd77212b4_580x.jpg?v=1605247687",55
cc3d8d58-0d39-4ff0-9caa-0b02ee695fab,"Kﾌｧｲﾙ21MM 6本入45","ﾏﾆｰ","https://d15ihgh2blymmz.cloudfront.net/uploads/item_image/4546951501730/4546951501730_1.jpg",55
248d2131-18a7-4758-82f3-6c1da3c676e5,"Kﾌｧｲﾙ21MM 6本入45","ﾏﾆｰ","https://d15ihgh2blymmz.cloudfront.net/uploads/item_image/4546951501730/4546951501730_1.jpg",55
6f353fb2-7f7c-49dc-ac88-9a48f567aa8e,"Kﾌｧｲﾙ21MM 6本入50","ﾏﾆｰ","http://cdn.shopify.com/s/files/1/0508/9706/0033/products/02231101_56cbbd77212b4_1200x1200.jpg?v=1605247687",55
8d74d5eb-8b9d-4647-b0b3-6e81a02b7bc3,"Kﾌｧｲﾙ25MM 6本入06","ﾏﾆｰ","https://criticaldental.com.au/wp-content/uploads/2024/10/Mani-K-Files-25mm-10.jpg",55
31afc9ed-9783-4e6e-9ec0-ae88a876ab8e,"Kﾌｧｲﾙ25MM 6本入06","ﾏﾆｰ","https://criticaldental.com.au/wp-content/uploads/2024/10/Mani-K-Files-25mm-10.jpg",55
c1fde378-ea5c-42c4-82e0-10bac22cbbf7,"Kﾌｧｲﾙ25MM 6本入08","ﾏﾆｰ","https://criticaldental.com.au/wp-content/uploads/2024/10/Mani-K-Files-25mm-10.jpg",55
6b7c371a-ba7e-4601-99f8-b1eb56a2f661,"Kﾌｧｲﾙ25MM 6本入08","ﾏﾆｰ","https://criticaldental.com.au/wp-content/uploads/2024/10/Mani-K-Files-25mm-10.jpg",55
fc4b1847-29dd-472d-97e1-a9c48bb8f8bf,"Kﾌｧｲﾙ25MM 6本入10","ﾏﾆｰ","https://maiplemedical.com/cdn/shop/products/02231114_56cbc0783a009_580x.jpg?v=1605254682",55
65cefac0-fb2e-49bb-9180-9545d9b92878,"Kﾌｧｲﾙ25MM 6本入10","ﾏﾆｰ","https://criticaldental.com.au/wp-content/uploads/2024/10/Mani-K-Files-25mm-10.jpg",55
c9561247-d714-4a09-aff2-e589e22ac285,"Kﾌｧｲﾙ25MM 6本入15","ﾏﾆｰ","https://www.dentganga.com/storage/images/product/main_image/Untitled-11715161629.jpg",55
47d0068f-2f8d-43c6-bbe6-46bfe8ec04c6,"Kﾌｧｲﾙ25MM 6本入15","ﾏﾆｰ","https://5.imimg.com/data5/SELLER/Default/2022/1/OD/MS/ZM/471952/manir-mani-k-file-15no-25mm--500x500.jpg",55
bfd108af-ed1e-422b-af6e-8c0e9cb62596,"Kﾌｧｲﾙ25MM 6本入20","ﾏﾆｰ","https://shop.pdr.co.jp/resize/p1x2/g_images/series-271/series-271_u_81-2549.jpg",70
64951a9d-8dad-48aa-9a01-a9dd4a941fae,"Kﾌｧｲﾙ25MM 6本入25","ﾏﾆｰ","https://criticaldental.com.au/wp-content/uploads/2024/10/Mani-K-Files-25mm-10.jpg",55
24fa8934-4b2b-4ff0-918f-805310d32645,"Kﾌｧｲﾙ25MM 6本入25","ﾏﾆｰ","https://criticaldental.com.au/wp-content/uploads/2024/10/Mani-K-Files-25mm-10.jpg",55
1496604c-5bb5-49d6-8cff-11151441996f,"Kﾌｧｲﾙ25MM 6本入30","ﾏﾆｰ","https://criticaldental.com.au/wp-content/uploads/2024/10/Mani-K-Files-25mm-10.jpg",55
101c125d-e407-4867-9d62-e6179608ec60,"Kﾌｧｲﾙ25MM 6本入30","ﾏﾆｰ","https://www.dentganga.com/public/storage/images/product/main_image/k%20file%2025mm-61651575674.jpg",55
794dab57-4245-4562-afd4-272d7d6edcb0,"Kﾌｧｲﾙ25MM 6本入35","ﾏﾆｰ","https://shop.pdr.co.jp/g_images/series-271/series-271_01.jpg",80
caa4cbd4-3cca-4e20-9367-fbb02157c1c0,"Kﾌｧｲﾙ25MM 6本入35","ﾏﾆｰ","https://shop.pdr.co.jp/g_images/series-271/series-271_01.jpg",80
7d518c47-0d15-4ce0-97c2-41952c99b57b,"Kﾌｧｲﾙ25MM 6本入40","ﾏﾆｰ","https://maiplemedical.com/cdn/shop/products/02231114_56cbc0783a009_580x.jpg?v=1605254682",55
e34f2e69-8ef9-4f21-9feb-dd8e7c66a692,"Kﾌｧｲﾙ25MM 6本入40","ﾏﾆｰ","https://maiplemedical.com/cdn/shop/products/02231114_56cbc0783a009_580x.jpg?v=1605254682",55
d2d99c2c-c9ef-4615-b3e0-3fba39c737f5,"Kﾌｧｲﾙ25MM 6本入45","ﾏﾆｰ","https://www.dentganga.com/public/storage/images/product/main_image/k%20file%2025mm-61651575674.jpg",55
7d9a39af-876b-4bec-8fbf-41f967018b31,"Kﾌｧｲﾙ25MM 6本入45","ﾏﾆｰ","https://www.dentganga.com/public/storage/images/product/main_image/k%20file%2025mm-61651575674.jpg",55
d9377f90-e766-4c2f-aee9-d2b308b0b396,"Kﾌｧｲﾙ25MM 6本入50","ﾏﾆｰ","https://criticaldental.com.au/wp-content/uploads/2024/10/Mani-K-Files-25mm-10.jpg",55
96a4efa8-a252-4b03-9e54-67eff4b836d4,"Kﾌｧｲﾙ25MM 6本入50","ﾏﾆｰ","https://criticaldental.com.au/wp-content/uploads/2024/10/Mani-K-Files-25mm-10.jpg",55
aa3f93fa-fd74-4687-8b5d-f950ab7df515,"Kﾌｧｲﾙ25MM 6本入55","ﾏﾆｰ","https://shop.pdr.co.jp/resize/p1x2/g_images/series-271/series-271_u_81-2549.jpg",70
ac0b07ab-addd-4463-8b5f-b89e4cbaa28f,"Kﾌｧｲﾙ25MM 6本入55","ﾏﾆｰ","https://shop.pdr.co.jp/resize/p1x2/g_images/series-271/series-271_u_81-2549.jpg",70
8aa4b197-9940-4d3d-ac50-46b9d65c9f51,"Kﾌｧｲﾙ25MM 6本入60","ﾏﾆｰ","https://www.dentganga.com/public/storage/images/product/main_image/k%20file%2025mm-61651575674.jpg",55
b0710644-b84a-4cc6-ad83-b637b8a31ab6,"Kﾌｧｲﾙ25MM 6本入60","ﾏﾆｰ","https://www.dentganga.com/public/storage/images/product/main_image/k%20file%2025mm-61651575674.jpg",55
882c1774-1a14-4cc0-aa4c-32097b57c546,"Kﾌｧｲﾙ25MM 6本入70","ﾏﾆｰ","https://criticaldental.com.au/wp-content/uploads/2024/10/Mani-K-Files-25mm-10.jpg",55
24d05514-4dfc-4de8-906b-b6a7faf0db63,"Kﾌｧｲﾙ25MM 6本入80","ﾏﾆｰ","https://www.dentganga.com/public/storage/images/product/main_image/k%20file%2025mm-61651575674.jpg",55
1220aa3f-75ed-4802-b537-5a94c3e3f971,"Kﾌｧｲﾙ25MM 6本入80","ﾏﾆｰ","https://www.dentganga.com/public/storage/images/product/main_image/k%20file%2025mm-61651575674.jpg",55
2236d5c2-d29c-44c4-af0e-f2abd1c12085,"Kﾌｧｲﾙ28MM 6本入08","ﾏﾆｰ","https://maiplemedical.com/cdn/shop/products/02231119_56cbc1c083491_1024x1024@2x.jpg?v=1605254702",55
fb35d252-c423-4dab-8596-9940944ae80c,"Kﾌｧｲﾙ28MM 6本入08","ﾏﾆｰ","https://maiplemedical.com/cdn/shop/products/02231119_56cbc1c083491_1024x1024@2x.jpg?v=1605254702",55
fae4a9d8-a9a6-40cb-a92b-96ed6ffe8406,"Kﾌｧｲﾙ28MM 6本入10","ﾏﾆｰ","https://maiplemedical.com/cdn/shop/products/02231119_56cbc1c083491_1024x1024@2x.jpg?v=1605254702",55
446f5da6-ff81-4a06-8d40-23f1bff6d639,"Kﾌｧｲﾙ28MM 6本入10","ﾏﾆｰ","https://maiplemedical.com/cdn/shop/products/02231119_56cbc1c083491_1024x1024@2x.jpg?v=1605254702",55
178a5a16-e848-4c01-a686-c4c02ad37f08,"Kﾌｧｲﾙ28MM 6本入15","ﾏﾆｰ","https://d15ihgh2blymmz.cloudfront.net/uploads/item_image/4546951502157/4546951502157_1.jpg",55
868a9d92-ffbc-4276-9ff1-f6d93a58bcca,"Kﾌｧｲﾙ28MM 6本入15","ﾏﾆｰ","https://d15ihgh2blymmz.cloudfront.net/uploads/item_image/4546951502157/4546951502157_1.jpg",55
165e4abd-fa86-4324-8e58-6e4b5227e19f,"Kﾌｧｲﾙ28MM 6本入20","ﾏﾆｰ","https://maiplemedical.com/cdn/shop/products/02231119_56cbc1c083491_1024x1024@2x.jpg?v=1605254702",55
b605a72c-e794-4e4a-a9e9-7be044c2a311,"Kﾌｧｲﾙ28MM 6本入20","ﾏﾆｰ","https://maiplemedical.com/cdn/shop/products/02231119_56cbc1c083491_1024x1024@2x.jpg?v=1605254702",55
72c2935f-663c-4302-9f32-3980828ae854,"Kﾌｧｲﾙ28MM 6本入25","ﾏﾆｰ","https://d15ihgh2blymmz.cloudfront.net/uploads/item_image/4546951502171/4546951502171_1.jpg",55
6b64553c-2860-4c99-b8df-c2717cadbcdd,"Kﾌｧｲﾙ28MM 6本入25","ﾏﾆｰ","https://d15ihgh2blymmz.cloudfront.net/uploads/item_image/4546951502171/4546951502171_1.jpg",55
7dd51cdd-e4c7-4b82-bf41-c435f2e5087b,"Kﾌｧｲﾙ28MM 6本入30","ﾏﾆｰ","https://shop.r10s.jp/yuzawakikaku/cabinet/r_y052200-y053999/y052601-000-000.jpg",55
cb893213-c1af-467f-b5a6-917a9c60a8ce,"Kﾌｧｲﾙ28MM 6本入30","ﾏﾆｰ","https://shop.r10s.jp/yuzawakikaku/cabinet/r_y052200-y053999/y052601-000-000.jpg",55
e41ecd03-0ac5-4ab2-acee-29a67b315605,"Kﾌｧｲﾙ28MM 6本入35","ﾏﾆｰ","https://shop.pdr.co.jp/g_images/series-271/series-271_01.jpg",80
65a1bfff-07a9-4cb2-9bfb-6ccd03334f73,"Kﾌｧｲﾙ28MM 6本入35","ﾏﾆｰ","https://shop.pdr.co.jp/g_images/series-271/series-271_01.jpg",80
d798fc0f-93e4-4bea-84ec-fab1974b03a0,"Kﾌｧｲﾙ28MM 6本入40","ﾏﾆｰ","https://maiplemedical.com/cdn/shop/products/02231212_56cbce0c31faa_580x.jpg?v=1605254738",55
b94115ec-bdbf-42d5-baf5-0bd9689ab3d8,"Kﾌｧｲﾙ28MM 6本入40","ﾏﾆｰ","https://maiplemedical.com/cdn/shop/products/02231212_56cbce0c31faa_580x.jpg?v=1605254738",55
5e05a324-7b4c-4d8c-a18f-d61de01a4d75,"Kﾌｧｲﾙ28MM 6本入45","ﾏﾆｰ","https://maiplemedical.com/cdn/shop/products/02231119_56cbc1c083491_1024x1024@2x.jpg?v=1605254702",55
f006c4c8-db0c-4aba-a3db-9f0da426becd,"Kﾌｧｲﾙ28MM 6本入50","ﾏﾆｰ","https://maiplemedical.com/cdn/shop/products/02231119_56cbc1c083491_1024x1024@2x.jpg?v=1605254702",55
9a329e6e-6864-454f-9098-d01f49fd57f8,"Kﾌｧｲﾙ28MM 6本入50","ﾏﾆｰ","https://maiplemedical.com/cdn/shop/products/02231119_56cbc1c083491_1024x1024@2x.jpg?v=1605254702",55
f2687075-fa9a-49ec-8db7-8313b7083fee,"Kﾌｧｲﾙ28MM 6本入55","ﾏﾆｰ","https://maiplemedical.com/cdn/shop/products/02231119_56cbc1c083491_1024x1024@2x.jpg?v=1605254702",55
ee5406cb-23b0-48ae-8fa6-f289ecf53a98,"Kﾌｧｲﾙ28MM 6本入55","ﾏﾆｰ","https://maiplemedical.com/cdn/shop/products/02231119_56cbc1c083491_1024x1024@2x.jpg?v=1605254702",55
b263cdbe-1839-4ab2-9b75-0d5f5b3febde,"Kﾌｧｲﾙ31MM 6本入08","ﾏﾆｰ","https://dentalprod.com/cdn/shop/products/10_178dcdd8-972e-443c-a577-0d02cf024e4e.jpg?v=1651902131",55
e1dbc56f-46e6-4f8b-a934-b17b8d71dd3a,"Kﾌｧｲﾙ31MM 6本入08","ﾏﾆｰ","https://dentalprod.com/cdn/shop/products/10_178dcdd8-972e-443c-a577-0d02cf024e4e.jpg?v=1651902131",55
cc647fb5-3b41-4013-a0b6-d32ff29d7dfb,"Kﾌｧｲﾙ31MM 6本入10","ﾏﾆｰ","https://dentalprod.com/cdn/shop/products/10_178dcdd8-972e-443c-a577-0d02cf024e4e.jpg?v=1651902131",55
2f10ac7e-0514-4a28-bcc8-9cd2a3c42f1e,"Kﾌｧｲﾙ31MM 6本入10","ﾏﾆｰ","https://dentalprod.com/cdn/shop/products/10_178dcdd8-972e-443c-a577-0d02cf024e4e.jpg?v=1651902131",55
58c72633-0474-4666-bda5-a1d81205fc01,"Kﾌｧｲﾙ31MM 6本入15","ﾏﾆｰ","https://d15ihgh2blymmz.cloudfront.net/uploads/item_image/4546951502584/4546951502584_1.jpg",55
bab461f3-a51a-4af4-9268-96326f011950,"Kﾌｧｲﾙ31MM 6本入15","ﾏﾆｰ","https://d15ihgh2blymmz.cloudfront.net/uploads/item_image/4546951502584/4546951502584_1.jpg",55
70fe7901-ad44-48d2-8e70-2c7a8d41e180,"Uﾌｧｲﾙ33MM 6本入25","ﾏﾆｰ","https://www.dentotal.ro/10268-zoom_default/ace-u-files-size-2533mm-mani-6bucaticutie.jpg",55
47cb7d08-d227-4871-abe9-0c7f05dd6895,"Uﾌｧｲﾙ33MM 6本入25","ﾏﾆｰ","https://www.dentotal.ro/10268-zoom_default/ace-u-files-size-2533mm-mani-6bucaticutie.jpg",55
72b6204b-0aab-47f5-8832-4841b9b6f974,"ｹﾞｰﾂﾄﾞﾘﾙ28MM 6本入1","ﾏﾆｰ","https://www.dentganga.com/public/storage/images/product/main_image/gate-drillsssssss1654065556.jpg",55
41b7c7c2-5a13-4a40-b552-a517dd6bd73d,"ｹﾞｰﾂﾄﾞﾘﾙ28MM 6本入1","ﾏﾆｰ","https://www.dentganga.com/public/storage/images/product/main_image/gate-drillsssssss1654065556.jpg",55
d70beb30-5176-4866-a032-9b6dde62abc1,"ｹﾞｰﾂﾄﾞﾘﾙ28MM 6本入2","ﾏﾆｰ","https://d15ihgh2blymmz.cloudfront.net/uploads/item_image/4546951513221/4546951513221_1.jpg",55
b479bd2f-863d-4a5c-b04a-4e00c3dd7999,"ｹﾞｰﾂﾄﾞﾘﾙ28MM 6本入2","ﾏﾆｰ","https://d15ihgh2blymmz.cloudfront.net/uploads/item_image/4546951513191/4546951513191_1.jpg",55
e250ba3e-f6c0-472e-8d53-f31883df04cb,"ｹﾞｰﾂﾄﾞﾘﾙ28MM 6本入3","ﾏﾆｰ","https://d15ihgh2blymmz.cloudfront.net/uploads/item_image/4546951513221/4546951513221_1.jpg",55
f5d46ad7-4e05-4440-a5fa-1c1a49658ffb,"ｹﾞｰﾂﾄﾞﾘﾙ28MM 6本入3","ﾏﾆｰ","https://d15ihgh2blymmz.cloudfront.net/uploads/item_image/4546951513221/4546951513221_1.jpg",55
bf62f99e-eabf-417d-b544-f69acfb48f0f,"ｹﾞｰﾂﾄﾞﾘﾙ28MM 6本入4","ﾏﾆｰ","https://www.dentganga.com/public/storage/images/product/main_image/gate-drillsssssss1654065556.jpg",55
4f365fc1-dc25-4264-a836-b358f976400a,"ｹﾞｰﾂﾄﾞﾘﾙ28MM 6本入4","ﾏﾆｰ","https://www.dentganga.com/public/storage/images/product/main_image/gate-drillsssssss1654065556.jpg",55
9e999c57-0d2e-4fe1-b243-fcfd20e1e565,"ｹﾞｰﾂﾄﾞﾘﾙ28MM 6本入5","ﾏﾆｰ","https://d15ihgh2blymmz.cloudfront.net/uploads/item_image/4546951513221/4546951513221_1.jpg",55
9803d9ae-2ef5-4378-bdd5-8f5ed8c8f4f2,"ｹﾞｰﾂﾄﾞﾘﾙ28MM 6本入5","ﾏﾆｰ","https://d15ihgh2blymmz.cloudfront.net/uploads/item_image/4546951513221/4546951513221_1.jpg",55
ff9c40cb-f052-4d3a-aa50-049af449bf50,"ｹﾞｰﾂﾄﾞﾘﾙ28MM 6本入6","ﾏﾆｰ","https://www.dentganga.com/public/storage/images/product/main_image/gate-drillsssssss1654065556.jpg",55
1d7defda-1c6c-4437-8b40-41507aecfb18,"ｹﾞｰﾂﾄﾞﾘﾙ28MM 6本入6","ﾏﾆｰ","https://www.dentganga.com/public/storage/images/product/main_image/gate-drillsssssss1654065556.jpg",55
3db4a61c-73e7-4c9a-af10-a260ca4bb4ea,"ｹﾞｰﾂﾄﾞﾘﾙ32MM 6本入1","ﾏﾆｰ","https://genki-sokai.net/html/upload/save_image_y050000-y054999/y050954-000-000.jpg",55
27b09c3d-7ce0-473d-8212-21cf3de8deb9,"ｹﾞｰﾂﾄﾞﾘﾙ32MM 6本入1","ﾏﾆｰ","https://genki-sokai.net/html/upload/save_image_y050000-y054999/y050954-000-000.jpg",55
45689f5b-35cd-4183-b9c7-b0ca816c08c2,"ｹﾞｰﾂﾄﾞﾘﾙ32MM 6本入2","ﾏﾆｰ","https://genki-sokai.net/html/upload/save_image_y050000-y054999/y050954-000-000.jpg",55
c4a5fa84-a08c-4659-9337-1cf71ca602be,"ｹﾞｰﾂﾄﾞﾘﾙ32MM 6本入2","ﾏﾆｰ","https://genki-sokai.net/html/upload/save_image_y050000-y054999/y050954-000-000.jpg",55
565d727e-6639-4a67-82bb-cf95b3ded50c,"ｹﾞｰﾂﾄﾞﾘﾙ32MM 6本入4","ﾏﾆｰ","https://genki-sokai.net/html/upload/save_image_y050000-y054999/y050954-000-000.jpg",55
6c1f6d92-bd62-4dc8-9955-699eaca5ccec,"ｹﾞｰﾂﾄﾞﾘﾙ32MM 6本入4","ﾏﾆｰ","https://genki-sokai.net/html/upload/save_image_y050000-y054999/y050954-000-000.jpg",55
85de0deb-0283-418d-9e1e-9cfefa4ee207,"ｹﾞｰﾂﾄﾞﾘﾙ32MM 6本入5","ﾏﾆｰ","https://d15ihgh2blymmz.cloudfront.net/uploads/item_image/4546951513290/4546951513290_1.jpg",55
0436a91b-2234-4f4c-bace-8bdf10716ae2,"ｹﾞｰﾂﾄﾞﾘﾙ32MM 6本入5","ﾏﾆｰ","https://d15ihgh2blymmz.cloudfront.net/uploads/item_image/4546951513290/4546951513290_1.jpg",55
5487329b-d6b2-4c1a-a33e-c09d9c4a08bf,"ﾀﾞｲﾔﾊﾞｰ IPR用 5入 IPR-01EF","ﾏﾆｰ","https://www.thedentistshop.com/assets/product/large/product_4181_6561.jpg",55
6f0e6aae-6823-4a60-a02e-41de765a4b5b,"ﾀﾞｲﾔﾊﾞｰFG ﾌﾞﾘｽﾀｰ5入 ｺｰｽ TF13C","ﾏﾆｰ","https://maiplemedical.com/cdn/shop/products/09211253_59c337c43b993_1024x1024@2x.jpg?v=1605252422",55
9a68c343-048f-4b6f-8885-aee3285a4226,"ﾀﾞｲﾔﾊﾞｰFGﾌﾞﾘｽﾀｰ5入ｽﾀﾝﾀﾞｰﾄﾞBR41","ﾏﾆｰ","https://maiplemedical.com/cdn/shop/products/09030907_5b8c7b3d3fd3d_1024x1024@2x.jpg?v=1605255189",55
3e169493-cab3-4c7f-b35e-ed8478c3197a,"ﾀﾞｲﾔﾊﾞｰFGﾌﾞﾘｽﾀｰ5入ｽﾀﾝﾀﾞｰﾄﾞBR41","ﾏﾆｰ","https://maiplemedical.com/cdn/shop/products/09201047_59c1c8ace9edf_300x300.jpg?v=1605260339",45
7ac93e43-ede4-40c8-898c-5245a1c9afb1,"ﾀﾞｲﾔﾊﾞｰFGﾌﾞﾘｽﾀｰ5入ｽﾀﾝﾀﾞｰﾄﾞDI41","ﾏﾆｰ","https://d3ukgu32nhw07o.cloudfront.net/article/img1_file5d96f96a0f981.jpg",48
ca69f474-6c55-4a5c-8abd-d051cea23fb7,"ﾀﾞｲﾔﾊﾞｰFGﾌﾞﾘｽﾀｰ5入ｽﾀﾝﾀﾞｰﾄﾞDI41","ﾏﾆｰ","https://maiplemedical.com/cdn/shop/products/09200940_59c1b90692501_580x.jpg?v=1605255168",55
581de6f9-8651-4708-bfdb-afb4e1e0b59a,"ﾀﾞｲﾔﾊﾞｰFGﾌﾞﾘｽﾀｰ5入ｽﾀﾝﾀﾞｰﾄﾞDI42","ﾏﾆｰ","http://maiplemedical.com/cdn/shop/products/09201040_59c1c6f9ab4cd_1200x1200.jpg?v=1605255174",55
5dee36c2-8fda-4a42-9060-fba16acd4a3e,"ﾀﾞｲﾔﾊﾞｰFGﾌﾞﾘｽﾀｰ5入ｽﾀﾝﾀﾞｰﾄﾞDI42","ﾏﾆｰ","http://maiplemedical.com/cdn/shop/products/09201040_59c1c6f9ab4cd_1200x1200.jpg?v=1605255174",55
c4db94b4-6be3-4647-a35f-6b40e3037f4f,"ﾀﾞｲﾔﾊﾞｰFGﾌﾞﾘｽﾀｰ5入ｽﾀﾝﾀﾞｰﾄﾞEX11","ﾏﾆｰ","https://maiplemedical.com/cdn/shop/products/09201018_59c1c1ee9c113_580x.jpg?v=1605255171",55
0e8a1df4-0619-4f48-878a-e867643e0367,"ﾀﾞｲﾔﾊﾞｰFGﾌﾞﾘｽﾀｰ5入ｽﾀﾝﾀﾞｰﾄﾞEX11","ﾏﾆｰ","https://maiplemedical.com/cdn/shop/products/09201018_59c1c1ee9c113_580x.jpg?v=1605255171",55
f05e27df-652b-4355-b4b4-e6c8b224283c,"ﾀﾞｲﾔﾊﾞｰFGﾌﾞﾘｽﾀｰ5入ｽﾀﾝﾀﾞｰﾄﾞEX21","ﾏﾆｰ","https://maiplemedical.com/cdn/shop/products/09201018_59c1c1ee9c113_580x.jpg?v=1605255171",55
ab4bf58e-7fba-47a9-9b09-08f9b1dc44a5,"ﾀﾞｲﾔﾊﾞｰFGﾌﾞﾘｽﾀｰ5入ｽﾀﾝﾀﾞｰﾄﾞEX21","ﾏﾆｰ","https://maiplemedical.com/cdn/shop/products/09201018_59c1c1ee9c113_580x.jpg?v=1605255171",55
36e48066-dce5-48b0-9677-f00b0994440c,"ﾀﾞｲﾔﾊﾞｰFGﾌﾞﾘｽﾀｰ5入ｽﾀﾝﾀﾞｰﾄﾞFO25","ﾏﾆｰ","https://maiplemedical.com/cdn/shop/products/09030907_5b8c7b3d3fd3d_1024x1024@2x.jpg?v=1605255189",55
7edfd887-2339-416e-9474-3aef365c0664,"ﾀﾞｲﾔﾊﾞｰFGﾌﾞﾘｽﾀｰ5入ｽﾀﾝﾀﾞｰﾄﾞFO32","ﾏﾆｰ","https://maiplemedical.com/cdn/shop/products/09030907_5b8c7b3d3fd3d_1024x1024@2x.jpg?v=1605255189",55
07b78f9b-dc6f-4cd6-bbd5-ce657004a785,"ﾀﾞｲﾔﾊﾞｰFGﾌﾞﾘｽﾀｰ5入ｽﾀﾝﾀﾞｰﾄﾞFO32","ﾏﾆｰ","https://maiplemedical.com/cdn/shop/products/09030907_5b8c7b3d3fd3d_1024x1024@2x.jpg?v=1605255189",55
16372584-51d9-4d8f-b1d1-77ae5b4efd99,"ﾀﾞｲﾔﾊﾞｰFGﾌﾞﾘｽﾀｰ5入ｽﾀﾝﾀﾞｰﾄﾞTF12","ﾏﾆｰ","https://maiplemedical.com/cdn/shop/products/09030907_5b8c7b3d3fd3d_1024x1024@2x.jpg?v=1605255189",55
41673272-4e27-49e4-a950-7a5d48c490c5,"ﾀﾞｲﾔﾊﾞｰFGﾌﾞﾘｽﾀｰ5入ｽﾀﾝﾀﾞｰﾄﾞTF12","ﾏﾆｰ","https://maiplemedical.com/cdn/shop/products/09200940_59c1b90692501_580x.jpg?v=1605255168",55
2b545d94-3216-4e39-8669-5102f7990714,"ﾀﾞｲﾔﾊﾞｰFGﾌﾞﾘｽﾀｰ5入ｽﾀﾝﾀﾞｰﾄﾞTF13","ﾏﾆｰ","https://www.dentganga.com/storage/images/product/main_image/TF-131654173126.jpg",55
6722cf6e-a9a3-414d-8e56-640e3e4bffbb,"ﾀﾞｲﾔﾊﾞｰFGﾌﾞﾘｽﾀｰ5入ｽﾀﾝﾀﾞｰﾄﾞTF13","ﾏﾆｰ","https://www.dentganga.com/storage/images/product/main_image/TF-131654173126.jpg",55
5f4532c8-857a-4288-90a4-d633a5760587,"ﾀﾞｲﾔﾊﾞｰFGﾌﾞﾘｽﾀｰ5入ｽﾀﾝﾀﾞｰﾄﾞTF22","ﾏﾆｰ","https://maiplemedical.com/cdn/shop/products/09030907_5b8c7b3d3fd3d_1024x1024@2x.jpg?v=1605255189",55
d39e6437-8fc0-442d-9f58-3761a3bb639e,"ﾀﾞｲﾔﾊﾞｰFGﾌﾞﾘｽﾀｰ5入ｽﾀﾝﾀﾞｰﾄﾞTF22","ﾏﾆｰ","https://maiplemedical.com/cdn/shop/products/09030907_5b8c7b3d3fd3d_1024x1024@2x.jpg?v=1605255189",55
cca9ed4d-3ea6-455e-9c8f-2f2420abf5bf,"ﾀﾞｲﾔﾊﾞｰFGﾌﾞﾘｽﾀｰ5入ｽﾀﾝﾀﾞｰﾄﾞTF31","ﾏﾆｰ","https://maiplemedical.com/cdn/shop/products/09201059_59c1cb830c8bf_580x.jpg?v=1605255146",55
e3613e9a-a81f-4106-8e00-2cc7dce8edb5,"ﾀﾞｲﾔﾊﾞｰFGﾌﾞﾘｽﾀｰ5入ｽﾀﾝﾀﾞｰﾄﾞTF31","ﾏﾆｰ","https://maiplemedical.com/cdn/shop/products/09201059_59c1cb830c8bf_580x.jpg?v=1605255146",55
201b239c-664a-4335-b401-a20349f7185e,"ﾀﾞｲﾔﾊﾞｰFGﾌﾞﾘｽﾀｰ5入ｽﾀﾝﾀﾞｰﾄﾞTR11","ﾏﾆｰ","https://d3ukgu32nhw07o.cloudfront.net/article/img1_file5d96f96a0f981.jpg",48
4e5314a2-7f40-489a-aeb1-128e34eae9df,"ﾀﾞｲﾔﾊﾞｰFGﾌﾞﾘｽﾀｰ5入ｽﾀﾝﾀﾞｰﾄﾞTR12","ﾏﾆｰ","https://www.dentalshop.jp/images/201605/thumb_img/10909_thumb_P_1464160044918.jpg",55
4335e623-8102-47f0-9a96-1dc01a414c61,"ﾀﾞｲﾔﾊﾞｰFGﾌﾞﾘｽﾀｰ5入ｽﾀﾝﾀﾞｰﾄﾞTR12","ﾏﾆｰ","https://www.dentalshop.jp/images/201605/thumb_img/10909_thumb_P_1464160044918.jpg",55
c6108b49-a1a9-46eb-a36f-3fedc71b9d48,"ﾀﾞｲﾔﾊﾞｰFGﾌﾞﾘｽﾀｰ5入ｽﾀﾝﾀﾞｰﾄﾞTR13","ﾏﾆｰ","https://maiplemedical.com/cdn/shop/products/09201059_59c1cb830c8bf_580x.jpg?v=1605255146",55
92e80ec9-1bfa-48f2-8d3e-50adbb7f641c,"ﾀﾞｲﾔﾊﾞｰFGﾌﾞﾘｽﾀｰ5入ｽﾀﾝﾀﾞｰﾄﾞTR13","ﾏﾆｰ","https://maiplemedical.com/cdn/shop/products/09201059_59c1cb830c8bf_580x.jpg?v=1605255146",55
aecb4cd2-4c84-49dd-af43-e79401896758,"ﾀﾞｲﾔﾊﾞｰFGﾌﾞﾘｽﾀｰ5入ｽﾀﾝﾀﾞｰﾄﾞTR15","ﾏﾆｰ","https://maiplemedical.com/cdn/shop/products/09201059_59c1cb830c8bf_580x.jpg?v=1605255146",55
9bd45579-3373-4d08-8ce1-a0d2c76a3e37,"ﾀﾞｲﾔﾊﾞｰFGﾌﾞﾘｽﾀｰ5入ｽﾀﾝﾀﾞｰﾄﾞTR15","ﾏﾆｰ","https://maiplemedical.com/cdn/shop/products/09201059_59c1cb830c8bf_580x.jpg?v=1605255146",55
998e4d02-743a-4ad5-bba0-423a5722f535,"ﾀﾞｲﾔﾊﾞｰFGﾌﾞﾘｽﾀｰ5入ｽﾀﾝﾀﾞｰﾄﾞTR24","ﾏﾆｰ","https://maiplemedical.com/cdn/shop/products/09030907_5b8c7b3d3fd3d_1024x1024@2x.jpg?v=1605255189",55
be9e59e3-e22e-46da-b35b-bd03c65adbe0,"ﾀﾞｲﾔﾊﾞｰFGﾌﾞﾘｽﾀｰ5入ｽﾀﾝﾀﾞｰﾄﾞTR24","ﾏﾆｰ","https://maiplemedical.com/cdn/shop/products/09030907_5b8c7b3d3fd3d_1024x1024@2x.jpg?v=1605255189",55
b9712063-c932-4694-9a14-2b6b4c06222c,"ﾀﾞｲﾔﾊﾞｰFGﾌﾞﾘｽﾀ5ｲﾘｼｮｰﾄｼｬﾝｸTFS21","ﾏﾆｰ","https://cdn.shopify.com/s/files/1/0508/9706/0033/products/09201134_59c1d3c198c67_1200x1200.jpg?v=1605255177",55
9130dd4d-c88f-41ba-bc51-ebc30974a9c1,"ﾀﾞｲﾔﾊﾞｰFGﾌﾞﾘｽﾀ5ｲﾘｼｮｰﾄｼｬﾝｸTFS21","ﾏﾆｰ","https://cdn.shopify.com/s/files/1/0508/9706/0033/products/09201134_59c1d3c198c67_1200x1200.jpg?v=1605255177",55
4e4b62f3-d7a8-418b-a6ce-6f530beb5b68,"ﾀﾞｲﾔﾊﾞｰFGﾌﾞﾘｽﾀ5ｲﾘｼｮｰﾄｼｬﾝｸTFS22","ﾏﾆｰ","https://cdn.shopify.com/s/files/1/0508/9706/0033/products/09201134_59c1d3c198c67_1200x1200.jpg?v=1605255177",55
7988b9f4-b93f-4f03-b6ca-c21f1acbc4c8,"ﾀﾞｲﾔﾊﾞｰFGﾌﾞﾘｽﾀ5ｲﾘｼｮｰﾄｼｬﾝｸTFS22","ﾏﾆｰ","https://cdn.shopify.com/s/files/1/0508/9706/0033/products/09201134_59c1d3c198c67_1200x1200.jpg?v=1605255177",55
76e1e5b5-54d3-44fa-9978-b867c9019e90,"ﾀﾞｲﾔﾊﾞｰFGﾌﾞﾘｽﾀ5入ｴｸｽﾄﾗﾌｧｲﾝTF12EF","ﾏﾆｰ","https://maiplemedical.com/cdn/shop/products/09030907_5b8c7b3d3fd3d_1024x1024@2x.jpg?v=1605255189",55
56a3d333-142d-4082-8ab5-6a576fac4c53,"ﾀﾞｲﾔﾊﾞｰFGﾌﾞﾘｽﾀ5入ｴｸｽﾄﾗﾌｧｲﾝTF12EF","ﾏﾆｰ","https://maiplemedical.com/cdn/shop/products/09030907_5b8c7b3d3fd3d_1024x1024@2x.jpg?v=1605255189",55
bf75b7de-d791-47ad-96f6-249de1fcd5d9,"ﾀﾞｲﾔﾊﾞｰFGﾌﾞﾘｽﾀP5ｲﾘｴｸｽﾄﾗﾌｧｲﾝEX21EF","ﾏﾆｰ","https://maiplemedical.com/cdn/shop/products/09030907_5b8c7b3d3fd3d_1024x1024@2x.jpg?v=1605255189",55
7d05e6d9-552f-4f69-847a-1939ea445302,"ﾀﾞｲﾔﾊﾞｰFGﾌﾞﾘｽﾀP5ｲﾘｴｸｽﾄﾗﾌｧｲﾝEX21EF","ﾏﾆｰ","https://maiplemedical.com/cdn/shop/products/09030907_5b8c7b3d3fd3d_1024x1024@2x.jpg?v=1605255189",55
f643659e-f4db-4d67-8556-ba6d17bacdcc,"ﾀﾞｲﾔﾊﾞｰFGﾌﾞﾘｽﾀP5ｲﾘｴｸｽﾄﾗﾌｧｲﾝTR11EF","ﾏﾆｰ","https://maiplemedical.com/cdn/shop/products/09030907_5b8c7b3d3fd3d_1024x1024@2x.jpg?v=1605255189",55
0522549d-f6b8-421e-8fb3-cba381df5c41,"ﾀﾞｲﾔﾊﾞｰFGﾌﾞﾘｽﾀP5ｲﾘｴｸｽﾄﾗﾌｧｲﾝTR11EF","ﾏﾆｰ","",0
02762282-847e-4684-a1b3-338845f1fef4,"ﾀﾞｲﾔﾊﾞｰFGﾌﾞﾘｽﾀP5ｲﾘｴｸｽﾄﾗﾌｧｲﾝTR13EF","ﾏﾆｰ","https://maiplemedical.com/cdn/shop/products/09030907_5b8c7b3d3fd3d_1024x1024@2x.jpg?v=1605255189",55
10c5cb88-d8c4-48c4-a2da-ed3623cd5c0c,"ﾀﾞｲﾔﾊﾞｰFGﾌﾞﾘｽﾀP5ｲﾘｴｸｽﾄﾗﾌｧｲﾝTR13EF","ﾏﾆｰ","https://maiplemedical.com/cdn/shop/products/09030907_5b8c7b3d3fd3d_1024x1024@2x.jpg?v=1605255189",55
d227cdff-4ee1-46a8-ad19-150b7e099074,"ﾀﾞｲﾔﾊﾞｰFGﾌﾞﾘｽﾀP5ｲﾘｴｸｽﾄﾗﾌｧｲﾝTR25EF","ﾏﾆｰ","https://maiplemedical.com/cdn/shop/products/09030907_5b8c7b3d3fd3d_1024x1024@2x.jpg?v=1605255189",55
04092b83-0a1a-4100-a2d9-15552b817c62,"ﾀﾞｲﾔﾊﾞｰFGﾌﾞﾘｽﾀP5入ｴｸｽﾄﾗﾌｧｲﾝTC11EF","ﾏﾆｰ","https://r2dkmedia.dentalkart.com/media/catalog/product/m/a/mani_diamond_bur_-_tc-11ef.jpg",55
2f12473f-17d9-498b-a9d2-6eac6241bd06,"ﾋﾟｰｿﾘｰﾏ(new) 28mm 6本 1","ﾏﾆｰ","https://d15ihgh2blymmz.cloudfront.net/uploads/item_image/4546951512927/4546951512927_1.jpg",55
9548f2b4-8682-45d9-8628-6ac91fe78bff,"ﾋﾟｰｿﾘｰﾏ(new) 28mm 6本 1","ﾏﾆｰ","https://d15ihgh2blymmz.cloudfront.net/uploads/item_image/4546951512927/4546951512927_1.jpg",55
0f1fd5f9-3d35-4cee-9ca0-db2e0a2200a3,"ﾋﾟｰｿﾘｰﾏ(new) 28mm 6本 2","ﾏﾆｰ","https://d15ihgh2blymmz.cloudfront.net/uploads/item_image/4546951512927/4546951512927_1.jpg",55
ac57e9cb-e622-4d9c-bc96-a4941b0fcc02,"ﾋﾟｰｿﾘｰﾏ(new) 28mm 6本 2","ﾏﾆｰ","https://d15ihgh2blymmz.cloudfront.net/uploads/item_image/4546951512927/4546951512927_1.jpg",55
9f4e64c0-62d6-48a3-843c-2f4fa71f9a70,"ﾋﾟｰｿﾘｰﾏ(new) 28mm 6本 3","ﾏﾆｰ","https://d15ihgh2blymmz.cloudfront.net/uploads/item_image/4546951513016/4546951513016_1.jpg",55
69aa1a52-387f-406a-8742-759ee159ab23,"ﾋﾟｰｿﾘｰﾏ(new) 28mm 6本 3","ﾏﾆｰ","https://d15ihgh2blymmz.cloudfront.net/uploads/item_image/4546951513016/4546951513016_1.jpg",55
773c1602-6fca-4d83-bfe6-7b07c72c37ef,"ﾋﾟｰｿﾘｰﾏ(new) 28mm 6本 4","ﾏﾆｰ","https://d15ihgh2blymmz.cloudfront.net/uploads/item_image/4546951512927/4546951512927_1.jpg",55
5a233482-0ce4-4a1d-9d89-1f07287bf858,"ﾋﾟｰｿﾘｰﾏ(new) 28mm 6本 5","ﾏﾆｰ","https://d15ihgh2blymmz.cloudfront.net/uploads/item_image/4546951512927/4546951512927_1.jpg",55
3dbaf778-c15f-4aca-ae7b-e45a0c318e93,"ﾋﾟｰｿﾘｰﾏ(new) 28mm 6本 6","ﾏﾆｰ","https://d15ihgh2blymmz.cloudfront.net/uploads/item_image/4546951512927/4546951512927_1.jpg",55
78673d8b-6b62-42cd-a2f5-faf3c00f0c1e,"ﾋﾟｰｿﾘｰﾏ(new) 28mm 6本 6","ﾏﾆｰ","https://d15ihgh2blymmz.cloudfront.net/uploads/item_image/4546951512927/4546951512927_1.jpg",55
c06d14bb-6904-402f-8c23-f678d50f792b,"ﾋﾟｰｿﾘｰﾏ(new) 32mm 6本 3","ﾏﾆｰ","https://d15ihgh2blymmz.cloudfront.net/uploads/item_image/4546951513023/4546951513023_1.jpg",55
99a7a9c7-9c25-402c-bfc0-7e87d47f4367,"ﾋﾟｰｿﾘｰﾏ(new) 32mm 6本 3","ﾏﾆｰ","https://d15ihgh2blymmz.cloudfront.net/uploads/item_image/4546951513023/4546951513023_1.jpg",55
325a5717-2fb0-4812-822a-c4a367270b03,"滅菌済針付縫合糸 12本入 19","ﾏﾆｰ","https://cdndental.feed.jp/contents/common/img/goods/item/2969040/2969040_L.jpg",55
9b86378a-ad07-4626-bbb3-4375ecfe1eb3,"滅菌済針付縫合糸 12本入 19","ﾏﾆｰ","https://cdndental.feed.jp/contents/common/img/goods/item/2966064/2966064_L.jpg",55
9bbf0182-3305-457d-9d7c-64a70ca74585,"滅菌済針付縫合糸12本入 1","ﾏﾆｰ","https://cdndental.feed.jp/contents/common/img/goods/item/2968309/2968309_L.jpg",55
7e13d42c-9e58-43c6-bf3f-f86a4380fbc5,"滅菌済針付縫合糸12本入 1","ﾏﾆｰ","https://cdndental.feed.jp/contents/common/img/goods/item/2966064/2966064_L.jpg",55
e7fb539d-5f3c-4d46-ab1d-5d85ecf5c457,"滅菌済針付縫合糸12本入 26","ﾏﾆｰ","https://cdndental.feed.jp/contents/common/img/goods/item/2966064/2966064_L.jpg",55
9fc5edce-176f-4d8f-86da-121df252f491,"滅菌済針付縫合糸12本入 26","ﾏﾆｰ","https://cdndental.feed.jp/contents/common/img/goods/item/2966064/2966064_L.jpg",55
66263fb7-020b-461a-bdb5-72780c1e75aa,"滅菌済針付縫合糸12本入 3","ﾏﾆｰ","https://cdndental.feed.jp/contents/common/img/goods/item/2966064/2966064_L.jpg",55
96831099-aa8b-471e-bac2-b62680bdb14a,"滅菌済針付縫合糸12本入 3","ﾏﾆｰ","https://cdndental.feed.jp/contents/common/img/goods/item/2966064/2966064_L.jpg",55
8cfbf6c3-c292-404a-aca1-a9753bf94a80,"白色ﾜｾﾘﾝ 500G","ﾏﾙｲｼｾｲﾔｸ","https://www.e-welcia.com/html/upload/save_image/iyaku4/4987286307794.jpg",55
95f0f41f-18cb-49c1-adf0-664b8e643ad0,"白色ﾜｾﾘﾝ 500G","ﾏﾙｲｼｾｲﾔｸ","https://www.e-welcia.com/html/upload/save_image/iyaku4/4987286307794.jpg",55
3210bf9d-aee0-499b-baa3-d6508bfbe3dc,"PIP ﾍﾟｰｽﾄ 1.25ｵﾝｽ","ﾐｼﾞｨ","https://cdn11.bigcommerce.com/s-cxtzy5268c/images/stencil/1280x1280/products/4064/13993/Keystone_Mizzy_PIP_Paste_Jar_and_Remover__34567.1675813346.jpg?c=1",55
d6f7367b-d722-4bbe-b143-ffada31ad0ea,"PIP ﾍﾟｰｽﾄ 1.25ｵﾝｽ","ﾐｼﾞｨ","https://cdn11.bigcommerce.com/s-cxtzy5268c/images/stencil/1280x1280/products/4064/13993/Keystone_Mizzy_PIP_Paste_Jar_and_Remover__34567.1675813346.jpg?c=1",55
ba04ff01-854f-4d14-ad44-1a1626e40e26,"MK-0024-10 男子ｼﾞｬｹｯﾄ M","ﾐｼｪﾙｸﾗﾝ","https://image.rakuten.co.jp/suzukiseni/cabinet/06868007/chi-mk0024-m.jpg",55
9c0536f1-e8bc-426f-86fe-d088bab2547e,"MK-0024-10 男子ｼﾞｬｹｯﾄ M","ﾐｼｪﾙｸﾗﾝ","https://image.rakuten.co.jp/suzukiseni/cabinet/06868007/chi-mk0024-m.jpg",55
c9161cbc-8f27-40de-abd0-6332a6f10d7d,"MZ-0018A ｽｸﾗﾌﾞ L C-50ﾀﾞｰｸﾈｲﾋﾞｰ","ﾐｽﾞﾉ","https://www.hakui-uni.com/eshopdo/refer/img2/1/ref1515650741_200.jpg",55
df949b98-db31-4f2e-bbcf-a4abaf3fcd4c,"MZ-0018A ｽｸﾗﾌﾞ L C-50ﾀﾞｰｸﾈｲﾋﾞｰ","ﾐｽﾞﾉ","https://www.hakui-uni.com/eshopdo/refer/img2/1/ref1515650741_200.jpg",55
35b1a5ca-7cdd-4f66-96bf-3c9668c200e3,"ﾈｵﾌﾟﾗﾑｽﾄｰﾝ 3KG箱 ｲｴﾛｰ","ﾑﾂﾐ","https://shika-tonya.jp/uploads/items/00147.jpg",50
332406a8-1fe8-4835-ba7e-ebf456c859e2,"ﾈｵﾌﾟﾗﾑｽﾄｰﾝ 3KG箱 ｲｴﾛｰ","ﾑﾂﾐ","https://shika-tonya.jp/uploads/items/00147.jpg",50
49d148b1-a0ba-44f1-a9af-03c81cbc3041,"ｿﾆｯｸｶｯﾀｰ ZO-41Ⅱ","ﾒｲﾅﾝ","http://www.centralline.jp/cdn/shop/products/4571117584234_MAIN_600.jpg?v=1698445476",55
02a0eb2d-8694-450c-9268-fbcaf172b0e2,"ｿﾆｯｸｶｯﾀｰ ZO-41Ⅱ","ﾒｲﾅﾝ","https://m.media-amazon.com/images/I/617E36aQLEL._AC_SX522_.jpg",69
19443cf0-aef7-4ec1-ae2d-fc1a2675d0ff,"ﾏｸﾞﾈｯﾄｼｰﾗｰ","ﾒｲﾅﾝ","https://m.media-amazon.com/images/S/aplus-media-library-service-media/6856a123-3d29-42bd-92ed-38c4d592ccb7.__CR0,0,1464,600_PT0_SX1464_V1___.png",63
9eae2c4f-0a1f-4b10-b14c-e07b7ef3e2a1,"ﾏｸﾞﾈｯﾄｼｰﾗｰ","ﾒｲﾅﾝ","https://m.media-amazon.com/images/S/aplus-media-library-service-media/6856a123-3d29-42bd-92ed-38c4d592ccb7.__CR0,0,1464,600_PT0_SX1464_V1___.png",63
3a518a56-c5df-41c9-ada1-f1d7d4b81b4c,"ﾏｸﾞﾈｯﾄｼｰﾗｰ用熱線ｶﾊﾞｰ大(上)　007654","ﾒｲﾅﾝ","https://m.media-amazon.com/images/I/61z6bb30p6L._AC_SL1000_.jpg",72
1c658dbf-52ff-4feb-a1b9-8170e463294e,"ﾏｸﾞﾈｯﾄｼｰﾗｰ用熱線ｶﾊﾞｰ大(上)　007654","ﾒｲﾅﾝ","https://m.media-amazon.com/images/I/61z6bb30p6L._AC_SL1000_.jpg",72
f2f02156-d775-4b97-a649-7bd5f7ae67ed,"ﾏｸﾞﾈｯﾄｼｰﾗｰ用熱線ｶﾊﾞｰ小(下)　007653","ﾒｲﾅﾝ","https://m.media-amazon.com/images/I/61z6bb30p6L._AC_SL1000_.jpg",72
018289e6-1d00-493b-8c70-2cacde825ab3,"ﾏｸﾞﾈｯﾄｼｰﾗｰ用熱線ｶﾊﾞｰ小(下)　007653","ﾒｲﾅﾝ","https://m.media-amazon.com/images/I/61z6bb30p6L._AC_SL1000_.jpg",72
6bc2813d-1735-4196-a072-78e18c95c3f1,"ﾜｲﾔﾚｽLEDﾗｲﾄｼｽﾃﾑ L2SW","ﾒﾃﾞｨｶﾙﾌﾟﾛｸﾞﾚｽ","https://fordynet.fordy.jp/storage/products/20200708120212.jpg",55
a93dfccc-8121-4024-8a72-5178532b8ae6,"ﾜｲﾔﾚｽLEDﾗｲﾄｼｽﾃﾑ L2SW","ﾒﾃﾞｨｶﾙﾌﾟﾛｸﾞﾚｽ","https://fordynet.fordy.jp/storage/products/20200708120212.jpg",55
86198b4f-7fff-4cd5-bd1d-90a31162f6ee,"歯科用硬化防止ﾌｨﾙﾀｰ（L2SX5用）","ﾒﾃﾞｨｶﾙﾌﾟﾛｸﾞﾚｽ","https://mp-ltd.jp/wp-content/uploads/2024/03/L2S15%E3%80%90LED%E3%83%A9%E3%82%A4%E3%83%88%E3%82%B7%E3%82%B9%E3%83%86%E3%83%A0%E3%80%91.jpg",49
25816f34-54a5-46a2-a9cf-d1e517a5417b,"歯科用硬化防止ﾌｨﾙﾀｰ（L2SX5用）","ﾒﾃﾞｨｶﾙﾌﾟﾛｸﾞﾚｽ","https://mp-ltd.jp/wp-content/uploads/2024/03/L2S15%E3%80%90LED%E3%83%A9%E3%82%A4%E3%83%88%E3%82%B7%E3%82%B9%E3%83%86%E3%83%A0%E3%80%91.jpg",49
22abec50-e37a-45cc-8b74-3bebbf843f59,"ｾｰﾌﾀｯﾁ ﾆﾄﾘﾙｸﾞﾛｰﾌﾞ ｱﾄﾞﾊﾞﾝｽﾄﾞ PF M","ﾒﾃﾞｨｺﾑ","https://medicom-japan.com/wp-content/uploads/2024/07/JN133535C_IB_FRONT.png",80
5c645205-862c-4735-bce5-ae73831c39e0,"ｾｰﾌﾀｯﾁ ﾆﾄﾘﾙｸﾞﾛｰﾌﾞ ｱﾄﾞﾊﾞﾝｽﾄﾞ PF M","ﾒﾃﾞｨｺﾑ","https://medicom-japan.com/wp-content/uploads/2024/07/JN133535C_IB_FRONT.png",80
05abe637-2738-42b5-bceb-024201bf1d07,"ｾｰﾌﾀｯﾁ ﾆﾄﾘﾙｸﾞﾛｰﾌﾞ ｱﾄﾞﾊﾞﾝｽﾄﾞ ﾌﾞﾗｯｸ PF M","ﾒﾃﾞｨｺﾑ","https://medicom-japan.com/wp-content/uploads/2024/07/JN133535C_IB_FRONT.png",80
ce587ebb-cad0-434c-a402-495d4b737ef2,"ｾｰﾌﾀｯﾁ ﾆﾄﾘﾙｸﾞﾛｰﾌﾞ ｱﾄﾞﾊﾞﾝｽﾄﾞ ﾌﾞﾗｯｸ PF M","ﾒﾃﾞｨｺﾑ","https://medicom-japan.com/wp-content/uploads/2024/07/JN133535C_IB_FRONT.png",80
5b5e1800-bdaa-4f3f-bce7-9971178b66a2,"ｾｰﾌﾀｯﾁﾆﾄﾘﾙｸﾞﾛｰﾌﾞｱﾄﾞﾊﾞﾝｽﾄﾞS PF S","ﾒﾃﾞｨｺﾑ","https://medicom-japan.com/wp-content/uploads/2024/05/1174A_Y300_IB_FRONT-1024x1024.png",80
be8b62f0-6a01-4fa6-9645-d891f43f6b84,"ｾｰﾌﾀｯﾁﾆﾄﾘﾙｸﾞﾛｰﾌﾞｱﾄﾞﾊﾞﾝｽﾄﾞS PF S","ﾒﾃﾞｨｺﾑ","https://medicom-japan.com/wp-content/uploads/2024/05/1174A_Y300_IB_FRONT-1024x1024.png",80
209a3bd3-ded8-4242-a803-4e1229b146b1,"ｾｰﾌﾀｯﾁﾗﾃｯｸｽｸﾞﾛｰﾌﾞ Pﾌﾘｰ S100枚","ﾒﾃﾞｨｺﾑ","https://m.media-amazon.com/images/I/518uw5FfGFL._AC_SX425_.jpg",60
63ba80da-ab7f-4d91-a0fc-d889cb196c59,"ｾｰﾌﾀｯﾁﾗﾃｯｸｽｸﾞﾛｰﾌﾞ Pﾌﾘｰ S100枚","ﾒﾃﾞｨｺﾑ","https://m.media-amazon.com/images/I/518uw5FfGFL._AC_SX425_.jpg",60
8aa3c1ec-7501-4332-b4ff-8f022883953c,"ﾌﾟﾛｰﾚﾝﾏｽｸ ﾚﾍﾞﾙ2 50枚入 ﾎﾜｲﾄ","ﾒﾃﾞｨｺﾑ","https://www.arde.co.jp/images/item/original/6402015x10-sb_1.jpg?mnujifoq2z45ck",55
019a5090-994b-4568-8c8f-9692d4dfa736,"ﾌﾟﾛｰﾚﾝﾏｽｸ ﾚﾍﾞﾙ2 50枚入 ﾎﾜｲﾄ","ﾒﾃﾞｨｺﾑ","https://m.media-amazon.com/images/I/71btMsS4HnL._AC_UF894,1000_QL80_.jpg?sr4gdtwlni9p5of&8guocrte3bny109qwm",69
d44dcca4-4fe4-437c-b25c-f39e75c2c570,"ﾌﾟﾛｹｱ ﾆﾄﾘﾙｸﾞﾛｰﾌﾞS","ﾒﾃﾞｨｺﾑ","https://tshop.r10s.jp/rakuten24/cabinet/649/4894476027649.jpg?downsize=500:*",75
d278c350-9928-4f0a-8508-14a85575239e,"ﾌﾟﾛｹｱ ﾆﾄﾘﾙｸﾞﾛｰﾌﾞS","ﾒﾃﾞｨｺﾑ","https://tshop.r10s.jp/rakuten24/cabinet/649/4894476027649.jpg?downsize=500:*",75
dadfa508-15a7-4040-8a85-2c23e3a20944,"ﾌﾟﾛﾚｰﾝﾏｽｸ ﾚﾍﾞﾙ2 50枚入 ﾎﾜｲﾄ 2883","ﾒﾃﾞｨｺﾑ","https://oroshi-uri.com/uploads/products/74/4897008632458.jpg",55
5d5cbd98-5028-421e-b980-9c3f133a4537,"ﾌﾟﾛﾚｰﾝﾏｽｸ ﾚﾍﾞﾙ2 50枚入 ﾎﾜｲﾄ 2883","ﾒﾃﾞｨｺﾑ","https://oroshi-uri.com/uploads/products/74/4897008632458.jpg",55
721e4748-d40e-4175-8b69-4c2a18310c01,"ﾒﾃﾞｨｺﾑ 滅菌ﾛｰﾙ幅50mm長200m　8862-9510","ﾒﾃﾞｨｺﾑ","https://medicom-japan.com/wp-content/uploads/2024/05/8862_95XX_image_all.png",80
078eeff2-23cd-42b1-b895-f24254ead72c,"ﾒﾃﾞｨｺﾑ 滅菌ﾛｰﾙ幅50mm長200m　8862-9510","ﾒﾃﾞｨｺﾑ","https://medicom-japan.com/wp-content/uploads/2024/05/8862_95XX_image_all.png",80
eac7a250-3c0c-4210-90ec-33024b814cbd,"ｽﾁｰﾙﾊﾞｰHPﾌｨｯｼｬｰ 012 6入 701","ﾒﾙﾌｧｰ","https://d15ihgh2blymmz.cloudfront.net/uploads/item_image/4560222479719/4560222479719_1.jpg",55
bc953d3b-10e6-4ed3-a9fa-828e159d05cd,"ｽﾁｰﾙﾊﾞｰHPﾌｨｯｼｬｰ 012 6入 701","ﾒﾙﾌｧｰ","https://d15ihgh2blymmz.cloudfront.net/uploads/item_image/4560222479719/4560222479719_1.jpg",55
9064813f-29c3-44d4-a91e-49df3eb46c2f,"ﾚﾝﾂﾛ ｱｿｰﾄ 17mm･21mm #2 #3 4本入","ﾒﾙﾌｧｰ","https://d15ihgh2blymmz.cloudfront.net/uploads/item_image/4987741162524/4987741162524_1.jpg",55
00fbc6ba-2942-4afb-9b7e-587b9a921ae5,"ﾚﾝﾂﾛ ｱｿｰﾄ 17mm･21mm #2 #3 4本入","ﾒﾙﾌｧｰ","https://d15ihgh2blymmz.cloudfront.net/uploads/item_image/4987741162524/4987741162524_1.jpg",55
9f03308d-f19e-4c09-bded-0e61d6844ba8,"ｶﾞｯﾀｰｶｯﾄ ﾁｯﾌﾟ #1(前歯用)","ﾓｸﾀ","https://mokuda.biz/uploads/DENTouch/54302.png",55
b6118d17-42e3-4de8-9d64-7bdca6262845,"ｶﾞｯﾀｰｶｯﾄ ﾁｯﾌﾟ #1(前歯用)","ﾓｸﾀ","https://mokuda.biz/uploads/DENTouch/54302.png",55
4f68ee8f-052f-440a-8d9c-10f0e28ea26b,"ｶﾞｯﾀｰｶｯﾄﾁｯﾌﾟ#4ﾎﾟｽﾄﾎｰﾙ予備形成","ﾓｸﾀ","https://mokuda.biz/uploads/DENTouch/54305.png",55
922cd7d1-5e70-47e2-8c9d-df8b496c8e09,"ｶﾞｯﾀｰｶｯﾄﾁｯﾌﾟ#4ﾎﾟｽﾄﾎｰﾙ予備形成","ﾓｸﾀ","https://mokuda.biz/uploads/DENTouch/54305.png",55
93ada8dc-3d99-4513-bfc4-9a4cab85572e,"ｱｽﾃｯｸﾄﾗﾝｽﾌｫｰﾑﾄﾚｰ12入#10青無歯上M　37685","ﾓﾓｾ","https://shop.r10s.jp/genki-sokai/cabinet/m_y105000-y109999/s_5000/y105083-000-000.jpg",55
6836c5cd-9c04-495b-a69b-2e01b40805db,"ｱｽﾃｯｸﾄﾗﾝｽﾌｫｰﾑﾄﾚｰ12入＃3有歯顎用下M","ﾓﾓｾ","https://shop.r10s.jp/yuzawakikaku/cabinet/m_y105000-y109999/s_5000/y105080-000-000.jpg",55
4d31050c-8ac6-4b66-aa43-370a97697fa9,"ｱｽﾃｯｸﾄﾗﾝｽﾌｫｰﾑﾄﾚｰ12入#4青有歯上M","ﾓﾓｾ","https://shop.r10s.jp/genki-sokai/cabinet/m_y105000-y109999/s_5000/y105081-000-000.jpg",55
71397493-d393-4f93-9583-1341071c3cfd,"ｱｽﾃｯｸﾄﾗﾝｽﾌｫｰﾑﾄﾚｰ12入#9青無歯下M","ﾓﾓｾ","https://shop.r10s.jp/genki-sokai/cabinet/m_y105000-y109999/s_5000/y105083-000-000.jpg",55
6c624c9d-e6ce-4e25-89e6-1aa86b248912,"35%過酸化水素水 500ml","ﾓﾘﾀ","https://direct.hpc-j.co.jp/img/goods/L/51002235.webp",55
079c6dd3-e36b-42aa-b45b-4d1450edca8c,"35%過酸化水素水 500ml","ﾓﾘﾀ","https://direct.hpc-j.co.jp/img/goods/L/51002235.webp",55
cdbc1925-881e-4eed-a0a8-00f8938af92c,"BioMTAｾﾒﾝﾄ 2入","ﾓﾘﾀ","https://cdndental.feed.jp/contents/common/img/goods/item/2148826/2148826_L.jpg",55
47d8f66d-2b8a-4f2e-aee1-a60d0df715c3,"BioMTAｾﾒﾝﾄ 2入","ﾓﾘﾀ","https://d15ihgh2blymmz.cloudfront.net/uploads/item_image/4560266542431/801105112.jpg",55
cb0745ef-ddeb-4da3-8d81-b95541578e78,"NTｶｯﾀｰ 替刃 30° 40入","ﾓﾘﾀ","https://shopping.c.yimg.jp/lib/osaihou/ntcut-26105-1.jpg",55
d26a8bed-85ab-42d4-8d00-154ec894d6ff,"NTｶｯﾀｰ 替刃 30° 40入","ﾓﾘﾀ","https://makeshop-multi-images.akamaized.net/osaihou/itemimages/000000004236_3_0okGLOe.jpg",55
aa673d4b-d396-464b-aab8-2d18ebeb8430,"ｶﾞﾀﾊﾟｰﾁｬﾎﾟｲﾝﾄL","ﾓﾘﾀ","https://www.gc.dental/japan/sites/japan.gc.dental/files/styles/image_608x342/public/japan-migration/MTtDBMQA6Vrb.jpg.webp?itok=GJ4UOh_M",100
0bf7f88b-358f-4314-ba64-34789509a502,"ｶﾞﾀﾊﾟｰﾁｬﾎﾟｲﾝﾄL","ﾓﾘﾀ","https://www.gc.dental/japan/sites/japan.gc.dental/files/styles/image_608x342/public/japan-migration/MTtDBMQA6Vrb.jpg.webp?itok=GJ4UOh_M",100
29016578-76fc-4a98-8f88-6ba542659ab8,"ｶﾞﾀﾊﾟｰﾁｬﾎﾟｲﾝﾄS","ﾓﾘﾀ","https://www.gc.dental/japan/sites/japan.gc.dental/files/styles/image_608x342/public/japan-migration/MTtDBMQA6Vrb.jpg.webp?itok=GJ4UOh_M",100
6f3ebbac-97a9-4cdd-b521-48fec82af62d,"ｶﾞﾀﾊﾟｰﾁｬﾎﾟｲﾝﾄS","ﾓﾘﾀ","https://www.gc.dental/japan/sites/japan.gc.dental/files/styles/image_608x342/public/japan-migration/MTtDBMQA6Vrb.jpg.webp?itok=GJ4UOh_M",100
c79ada83-7774-42d7-9f05-416fa2b5b0b6,"ｽﾍﾟｱ ﾂｲﾝﾊﾟﾜｰ4H PAR-4HUEX-O-WH","ﾓﾘﾀ","https://www.ardental.com.my/media/catalog/product/cache/656636b33bd6480013ff628e75c3d8b4/p/a/par-4hx-o_1.jpg",55
a3b69de0-d8d3-4fa1-a368-09a44feb219b,"ｽﾍﾟｱ ﾂｲﾝﾊﾟﾜｰ4H PAR-4HUEX-O-WH","ﾓﾘﾀ","https://www.ardental.com.my/media/catalog/product/cache/656636b33bd6480013ff628e75c3d8b4/p/a/par-4hx-o_1.jpg",55
1f63908b-cc0b-4d3e-80e8-ab61986cdcf0,"ｽﾘｰｳｪｲｼﾘﾝｼﾞ　WS-201　1組","ﾓﾘﾀ","https://auctions.c.yimg.jp/images.auctions.yahoo.co.jp/image/dr000/auc0403/users/3f158e2ef4c69ce01ed6d36793c88af20f9d8814/i-img1128x1128-1679698567aurmm7128255.jpg",55
1472180b-92ec-4c5d-92f3-2db63f0fa622,"ｽﾘｰｳｪｲｼﾘﾝｼﾞ　WS-201　1組","ﾓﾘﾀ","https://auctions.c.yimg.jp/images.auctions.yahoo.co.jp/image/dr000/auc0310/users/3f158e2ef4c69ce01ed6d36793c88af20f9d8814/i-img1200x1200-1666793506xjv6vd232409.jpg",55
3e36339a-90ac-4121-bd41-0374d2652428,"ﾂｲﾝﾊﾟﾜｰﾀｰﾋﾞﾝ4H PAR-4HEX-O-⑧YOSHIDA","ﾓﾘﾀ","https://www.ardental.com.my/media/catalog/product/cache/656636b33bd6480013ff628e75c3d8b4/p/a/par-4hx-o_1.jpg",55
304ad6e2-b015-4ee2-8fb5-bce6a1641b18,"ﾄﾙｸﾃｯｸ 等速ｺﾝﾄﾗ ﾗｲﾄ付 CA-DC-O","ﾓﾘﾀ","",0
16a9c5c1-c879-4b8e-b713-29de948b4c6d,"ﾊﾞｷｭｰﾑﾁｯﾌﾟ Aｰ1新型　2つ入","ﾓﾘﾀ","https://auctions.c.yimg.jp/images.auctions.yahoo.co.jp/image/dr000/auc0511/user/35118239ba45f682e94a77cf051ff776533c8aaf6ac3c0d6a7b6ea7911ddde33/i-img900x1200-17307742645245swrq3n118111.jpg",50
7fd8cd12-7cbc-473d-b4c9-bdca95f53a92,"ﾊﾞｷｭｰﾑﾁｯﾌﾟ Aｰ1新型　2つ入","ﾓﾘﾀ","https://auctions.c.yimg.jp/images.auctions.yahoo.co.jp/image/dr000/auc0511/user/35118239ba45f682e94a77cf051ff776533c8aaf6ac3c0d6a7b6ea7911ddde33/i-img900x1200-17307742645245swrq3n118111.jpg",50
507fc680-021c-403e-8390-ec8a4f94553f,"ﾌﾟﾛｰﾌﾞｺｰﾄﾞ ﾙｰﾄZXﾐﾆ･ﾙｰﾄZX3･ｿﾙﾌｨｰF　8449422","ﾓﾘﾀ","https://www.morita.com/cms/files/JMMC_ROOTZXmini_feature_08.jpg?w=800",100
f94522d7-1376-4d65-9b10-756c0ae53593,"ﾌﾟﾛｰﾌﾞｺｰﾄﾞ ﾙｰﾄZXﾐﾆ･ﾙｰﾄZX3･ｿﾙﾌｨｰF　8449422","ﾓﾘﾀ","https://www.morita.com/cms/files/JMMC_ROOTZXmini_feature_08.jpg?w=800",100
99f4cc7a-59d9-4708-9a45-40fc292fcf77,"ﾓﾃﾞﾙﾄﾘｰﾏｰ MT-10","ﾓﾘﾀ","https://auctions.c.yimg.jp/images.auctions.yahoo.co.jp/image/dr000/auc0510/user/e8b22b3ae7324b5baa1faf9c89ed6bda810dd79490d6de2a89dc3ae57bd95c55/i-img1200x1200-172943122734898ln39g293593.jpg",55
528b6c10-1446-43bb-81a1-a0ca1626e429,"ﾓﾃﾞﾙﾄﾘｰﾏｰ MT-10","ﾓﾘﾀ","https://auctions.c.yimg.jp/images.auctions.yahoo.co.jp/image/dr000/auc0510/user/e8b22b3ae7324b5baa1faf9c89ed6bda810dd79490d6de2a89dc3ae57bd95c55/i-img1200x1200-172943122734898ln39g293593.jpg",55
bff5fa53-84a0-45c5-9433-5da12436f16a,"出張料(補修)","ﾓﾘﾀ","https://totalrepair-glanz.com/common/upload_data/totalrepair-glanzcom/image/20241105150907.jpg",55
acdc092f-e924-44ef-b633-32f794859c44,"出張料(補修)","ﾓﾘﾀ","https://totalrepair-glanz.com/common/upload_data/totalrepair-glanzcom/image/20241105150907.jpg",55
941735a2-dd67-484a-a29d-295780f36800,"補修作業料","ﾓﾘﾀ","https://auctions.c.yimg.jp/images.auctions.yahoo.co.jp/image/dr000/auc0312/users/e1d562af409e1f004345a9262196ef1f411862bb/i-img1200x1200-1671332103hjr0nv771454.jpg",55
7477e9c9-8c6d-4c6e-9b04-aa62f5444a3b,"補修作業料","ﾓﾘﾀ","https://auctions.c.yimg.jp/images.auctions.yahoo.co.jp/image/dr000/auc0312/users/e1d562af409e1f004345a9262196ef1f411862bb/i-img1200x1200-1671332103hjr0nv771454.jpg",55
9c5db192-9ddf-4ffe-a9dc-3a8a48f49440,"ｺﾝﾄﾛｰﾙﾌﾞﾛｯｸ ﾀﾞｲﾔﾌﾗﾑ ｼｸﾞﾉGR","ﾓﾘﾀ(ｿﾉﾀ)","https://www.morita.com/cms/files/product_T500_PWE_2.jpg?max_box=1500",104
0109c64f-e14c-451b-a811-8a411fbbd93d,"ｺﾝﾄﾛｰﾙﾌﾞﾛｯｸ ﾀﾞｲﾔﾌﾗﾑ-S ｱｸﾀｽEC","ﾓﾘﾀ(ｿﾉﾀ)","https://item-shopping.c.yimg.jp/i/n/babafuku_80312",50
5d7accbe-f621-4673-8962-895d543ac1c6,"ﾄﾗｲｵｰﾄZX2+","ﾓﾘﾀｾｲｻｸｼｮ","https://img.aucfree.com/g378320713.1.jpg",55
e25a61b8-2f54-4f68-8d98-542415690c9b,"ﾄﾗｲｵｰﾄZX2+","ﾓﾘﾀｾｲｻｸｼｮ","https://www.oralstudio.net/storage/maker/item/contents/552/14905/14905_01.jpg",55
4f01ff4c-1018-4794-a5cf-3dfbd714e2e3,"ﾊﾞｷｭｰﾑﾐｷｻｰ VM115","ﾓﾘﾀﾄｳｷｮｳ","https://img.fril.jp/img/523405713/l/1572522391.jpg?1653198486",55
f2cac0ae-a1ae-472a-9d47-986a601d3ea7,"ﾊﾞｷｭｰﾑﾐｷｻｰ VM115","ﾓﾘﾀﾄｳｷｮｳ","https://img.fril.jp/img/523405713/l/1572522391.jpg?1653198486",55
373b208f-49a9-406d-9c80-406934785035,"ﾌﾟﾛｸﾞ/ｵﾍﾟﾚｰﾙ共用 ﾁｯﾌﾟG-2","ﾓﾘﾀﾄｳｷｮｳ","https://auctions.c.yimg.jp/images.auctions.yahoo.co.jp/image/dr000/auc0410/users/e0ac5979539541adaccefa027a2546706af84fa9/i-img900x1200-1698181786xvz8fr1504830.jpg",50
401bdc39-4771-4872-8b84-fac710808a8a,"ﾌﾟﾛｸﾞ/ｵﾍﾟﾚｰﾙ共用 ﾁｯﾌﾟG-2","ﾓﾘﾀﾄｳｷｮｳ","https://auctions.c.yimg.jp/images.auctions.yahoo.co.jp/image/dr000/auc0410/users/e0ac5979539541adaccefa027a2546706af84fa9/i-img900x1200-1698181786xvz8fr1504830.jpg",50
ef92663e-e11d-4dbb-9134-85985e61e72b,"PAC-DAM ﾃﾝﾌﾟﾚｰﾄ ﾒﾀﾙｼﾙﾊﾞｰ 1個","ﾓﾘﾑﾗ","https://www.gcdental.gr/image/cache/data/products/1562239911_365-thickbox_default_site-800x600h.webp",100
d00b47e1-4d67-46fc-b6a2-09657683e581,"ﾅｲｽﾐｷｼﾝｸﾞｶﾞﾝ","ﾓﾘﾑﾗ","https://fordynet.fordy.jp/storage/products/product3621-20241101105054sub_image2.jpg",55
ceccd89b-7840-4358-bf6f-0f04e5e4a4ba,"ﾅｲｽﾐｷｼﾝｸﾞｶﾞﾝ","ﾓﾘﾑﾗ","https://fordynet.fordy.jp/storage/products/product3621-20241101105054sub_image2.jpg",55
4bb44239-5aab-4a31-9591-ad96ba28456c,"ﾘﾎﾞﾝﾄﾞTHM1.0mmX22cmX0.18mm","ﾓﾘﾑﾗ","https://www.morimura-jpn.co.jp/wp-content/uploads/2015/04/e675e9f52fee33a8268256912e10cc63.jpg",50
520a2bd2-357c-45a7-a63a-098bd67fdce0,"ﾘﾎﾞﾝﾄﾞTHM1.0mmX22cmX0.18mm","ﾓﾘﾑﾗ","https://www.morimura-jpn.co.jp/wp-content/uploads/2015/04/e675e9f52fee33a8268256912e10cc63.jpg",50
26ab3cee-3981-43f4-be48-69ab1b28f89c,"ﾘﾎﾞﾝﾄﾞTHM2.0mmX22cmX0.18mm","ﾓﾘﾑﾗ","https://www.morimura-jpn.co.jp/wp-content/uploads/2015/04/e675e9f52fee33a8268256912e10cc63.jpg",50
2b64c35c-ccae-429c-8b88-95b9304615b4,"ﾘﾎﾞﾝﾄﾞTHM2.0mmX22cmX0.18mm","ﾓﾘﾑﾗ","https://www.morimura-jpn.co.jp/wp-content/uploads/2015/04/e675e9f52fee33a8268256912e10cc63.jpg",50
782a66c8-ebcd-4478-8d72-973c39b8d820,"ﾘﾎﾞﾝﾄﾞ専用ﾊｻﾐ","ﾓﾘﾑﾗ","https://www.morimura-jpn.co.jp/wp-content/uploads/2015/04/e675e9f52fee33a8268256912e10cc63.jpg",50
f1e5a5da-e106-4d2d-b319-5e8f975a9d58,"ﾘﾎﾞﾝﾄﾞ専用ﾊｻﾐ","ﾓﾘﾑﾗ","https://www.morimura-jpn.co.jp/wp-content/uploads/2015/04/e675e9f52fee33a8268256912e10cc63.jpg",50
8a6d7238-db65-459a-bd6e-ffe3dbec4790,"石塚式ｲｰｼﾞｰﾏﾄﾘｯｸｽ  100個","ﾓﾘﾑﾗ","https://endodontics.up.seesaa.net/image/Image20-202015-12-252014.07.28.jpg",43
6c074408-2564-46cf-bafb-3f6fbd2f97ba,"石塚式ｲｰｼﾞｰﾏﾄﾘｯｸｽ  100個","ﾓﾘﾑﾗ","https://endodontics.up.seesaa.net/image/Image20-202015-12-252014.07.28.jpg",43
2b2bc52e-b495-4be4-8692-02dc3bef47ab,"ｸﾞﾚｲｼｱｾﾞﾛﾆﾄﾘﾙ検査用ｸﾞﾛｰﾌﾞXS125枚","ﾓﾚｰﾝｺｰﾎﾟﾚｰｼｮﾝ","https://item-shopping.c.yimg.jp/i/n/minayasuhonpo_2022052802_4",50
37842aa3-763a-46f9-bf3e-3a30603c27f3,"ｸﾞﾚｲｼｱｾﾞﾛﾆﾄﾘﾙ検査用ｸﾞﾛｰﾌﾞXS125枚","ﾓﾚｰﾝｺｰﾎﾟﾚｰｼｮﾝ","https://item-shopping.c.yimg.jp/i/n/minayasuhonpo_2022052802_4",50
20acbb44-ac10-4681-adcb-7b72025668a7,"56-032 NCD ｶｰﾃﾞｨｶﾞﾝ ﾍﾞﾋﾞｰﾌﾞﾙｰ L","ﾓﾝﾌﾞﾗﾝ","https://www.eyelashgarage.jp/medias/sys_master/images/h8d/hba/8855034953758.jpg",55
3ad8f869-3208-40b8-befa-81837b91265c,"Nu:leｺｰﾄ ﾘｷｯﾄﾞ ｸﾘｱｰ 6mL","ﾔﾏｷﾝ","https://shop.dcc.dental/html/upload/save_image/0714152434_64b0ea22a746b.jpg",54
619a48ff-d57d-434b-bc1a-35c450b936b6,"Nu:leｺｰﾄ ﾘｷｯﾄﾞ ｸﾘｱｰ 6mL","ﾔﾏｷﾝ","https://shop.dcc.dental/html/upload/save_image/0714152434_64b0ea22a746b.jpg",54
80d134ee-981c-454d-adf3-66a9223ca28b,"Nu:leｺｰﾄ ﾘｷｯﾄﾞ ﾀﾞｰｸﾌﾞﾗｳﾝHV 4mL","ﾔﾏｷﾝ","https://www.yamakin-gold.co.jp/yn/wordpress/wp-content/uploads/2026/04/ym265_nule-coat.png",48
21905f53-d84d-4c30-8641-4442d879b194,"Nu:leｺｰﾄ ﾘｷｯﾄﾞ ﾌﾞﾗｳﾝ 4mL","ﾔﾏｷﾝ","https://www.yamakin-gold.co.jp/prdct_dental/product/img/nulecoat/main.jpg",42
5c7469d3-b347-40d7-9436-bcd440d7213f,"Nu:leｺｰﾄ ﾘｷｯﾄﾞ ﾌﾞﾗｳﾝ 4mL","ﾔﾏｷﾝ","https://service.yoshida-dental.co.jp/s3images/ca/series/11233/images/Nu-le%E3%82%B3%E3%83%BC%E3%83%88.jpg",72
26b4f6ea-4146-4ab0-b30b-2c333df454f6,"ｱ・ｳｰﾉ ﾛｰﾌﾛｰ St ﾎﾜｲﾄ　2.8g","ﾔﾏｷﾝ","https://cdndental.feed.jp/contents/common/img/goods/item/8138888/8138888_L.jpg",55
4f3a0e0b-f04d-4e5a-b5a7-85e26414c2ab,"ｱ・ｳｰﾉ ﾛｰﾌﾛｰ St ﾎﾜｲﾄ　2.8g","ﾔﾏｷﾝ","https://cdndental.feed.jp/contents/common/img/goods/item/8138888/8138888_L.jpg",55
5c59fb83-28c5-4827-9df1-c19d691c3c5b,"ﾏﾙﾁｴｯﾁｬﾝﾄ","ﾔﾏｷﾝ","https://service.yoshida-dental.co.jp/s3images/ca/series/11229/images/%E3%83%9E%E3%83%AB%E3%83%81%E3%82%A8%E3%83%83%E3%83%81%E3%83%A3%E3%83%B3%E3%83%88.jpg?w=500&h=500&t=r&q=90",72
ec8d8fe9-5ea8-473d-88e8-215d93b2722d,"ﾏﾙﾁｴｯﾁｬﾝﾄ","ﾔﾏｷﾝ","https://service.yoshida-dental.co.jp/s3images/ca/series/11229/images/%E3%83%9E%E3%83%AB%E3%83%81%E3%82%A8%E3%83%83%E3%83%81%E3%83%A3%E3%83%B3%E3%83%88.jpg?w=500&h=500&t=r&q=90",72
a1cf36ac-7729-4c69-924f-6fefce481907,"ｶｰﾊﾞｲﾄﾞﾊﾞｰ ﾐﾃﾞｨｱﾑ M-8 1本","ﾔﾏﾊﾁｼｻﾞｲ","https://d15ihgh2blymmz.cloudfront.net/uploads/item_image/4589898183461/4589898183461_1.jpg",55
eb8b892c-55f6-4660-8b40-2fec5e8d79a5,"ｶｰﾊﾞｲﾄﾞﾊﾞｰ ﾐﾃﾞｨｱﾑ M-8 1本","ﾔﾏﾊﾁｼｻﾞｲ","https://shop.pdr.co.jp/g_images/series-10594/series-10594_02.jpg",80
6d0c2f9f-4986-448c-a25e-203f2e4799a3,"ｽﾌﾟﾘﾝﾄ 丸型 0.8mm 10枚","ﾔﾏﾊﾁｼｻﾞｲ","https://images-fe.ssl-images-amazon.com/images/I/418pK1U0WpL._SL500_AC_SS350_.jpg",65
c9fd2c3e-bdf8-4821-8220-0441daeb04e5,"ｽﾌﾟﾘﾝﾄ 丸型 0.8mm 10枚","ﾔﾏﾊﾁｼｻﾞｲ","https://images-fe.ssl-images-amazon.com/images/I/418pK1U0WpL._SL500_AC_SS350_.jpg",65
8b9a5552-71db-4caf-acba-7397e1d38304,"ﾆｭｰｴｰｽ前歯 6歯 A3 O4","ﾔﾏﾊﾁｼｻﾞｲ","https://d15ihgh2blymmz.cloudfront.net/uploads/item_image/4582275757112/4582275757112_1.jpg",55
c2301652-df3b-42b2-830c-4f1933853b4d,"ﾆｭｰｴｰｽ前歯 6歯 A3 O4","ﾔﾏﾊﾁｼｻﾞｲ","https://d15ihgh2blymmz.cloudfront.net/uploads/item_image/4582275757112/4582275757112_1.jpg",55
730e9768-0b32-4857-8285-3790c6bf516a,"ﾆｭｰｴｰｽ前歯 6歯 A3 S6","ﾔﾏﾊﾁｼｻﾞｲ","https://shop.dcc.dental/html/upload/save_image/0726142110_64c0ad462478d.jpg",55
08d786df-5458-4bd5-9900-aa06d4630482,"ﾆｭｰｴｰｽ前歯 6歯 A3 S6","ﾔﾏﾊﾁｼｻﾞｲ","https://shop.dcc.dental/html/upload/save_image/0726142110_64c0ad462478d.jpg",55
044dd985-3b1f-47e4-9235-026aa24546a6,"ﾆｭｰｴｰｽ前歯 6歯 A3 SS3","ﾔﾏﾊﾁｼｻﾞｲ","https://shop.dcc.dental/html/upload/save_image/0726142110_64c0ad462478d.jpg",55
b1e93bfb-ebc0-4f46-a5ff-7afae633964c,"ﾆｭｰｴｰｽ前歯 6歯 A3 SS3","ﾔﾏﾊﾁｼｻﾞｲ","https://shop.dcc.dental/html/upload/save_image/0726142110_64c0ad462478d.jpg",55
ad307a55-9634-49e6-82b9-78a32d4a6f07,"ﾌﾟﾛﾕｰﾃｨﾘﾃｨｰﾜｯｸｽ ﾛﾝｸﾞﾀｲﾌﾟS 125G","ﾔﾏﾊﾁｼｻﾞｲ","https://d15ihgh2blymmz.cloudfront.net/uploads/item_image/4582275770322/4582275770322_1.jpg",55
e46cb762-167a-481a-8e39-086d9561167c,"ﾌﾟﾛﾕｰﾃｨﾘﾃｨｰﾜｯｸｽ ﾛﾝｸﾞﾀｲﾌﾟS 125G","ﾔﾏﾊﾁｼｻﾞｲ","https://d15ihgh2blymmz.cloudfront.net/uploads/item_image/4582275770322/4582275770322_1.jpg",55
f9ff2554-ef03-41f5-821e-560a0351448c,"ﾘﾌｧｲﾝEX 液 100ml","ﾔﾏﾊﾁｼｻﾞｲ","https://d1wdpa3etmuwz6.cloudfront.net/media/catalog/product/cache/1/image/9df78eab33525d08d6e5fb8d27136e95/2/2/220674042001_01.png",55
12426363-e8b9-46e2-8b6d-0a9ebb8f3476,"ﾘﾌｧｲﾝEX 液 100ml","ﾔﾏﾊﾁｼｻﾞｲ","https://d1wdpa3etmuwz6.cloudfront.net/media/catalog/product/cache/1/image/9df78eab33525d08d6e5fb8d27136e95/2/2/220674042001_01.png",55
73e09dde-2bf4-47b2-9cb2-c854f77714a8,"ﾘﾌｧｲﾝEX 粉 100g LFﾋﾟﾝｸ","ﾔﾏﾊﾁｼｻﾞｲ","https://d1wdpa3etmuwz6.cloudfront.net/media/catalog/product/cache/1/image/9df78eab33525d08d6e5fb8d27136e95/2/2/220674034000_01.png",55
f1eb7603-b337-4099-b0c1-d7f7b17431b2,"保護ﾒｶﾞﾈ L-fit LF-101 ﾋﾟﾝｸ","ﾔﾏﾓﾄｺｳｶﾞｸ","http://www.kabu-daito.co.jp/shop_1/yamamoto/LF-101-PR.jpg",52
2b401978-59ed-400a-a09a-b74be29e0f65,"保護ﾒｶﾞﾈ L-fit LF-101 ﾋﾟﾝｸ","ﾔﾏﾓﾄｺｳｶﾞｸ","http://www.kabu-daito.co.jp/shop_1/yamamoto/LF-101-PR.jpg",52
986e3fb4-2570-44e9-a48a-877a53864a65,"保護ﾒｶﾞﾈ L-fit LF-101 ﾌﾞﾙｰ","ﾔﾏﾓﾄｺｳｶﾞｸ","https://makeshop-multi-images.akamaized.net/ANZENMALL/itemimages/000000013748_EmMPGW9.jpg",55
d955fa34-dfda-464f-9c99-877859e7a06f,"保護ﾒｶﾞﾈ L-fit LF-101 ﾌﾞﾙｰ","ﾔﾏﾓﾄｺｳｶﾞｸ","https://image.rakuten.co.jp/kabu-daito/cabinet/03165963/03166142/imgrc0117108486.jpg",55
d35faca0-d6f0-4ae8-a778-88e1d7852330,"ｱｶﾞｰｼﾘﾝｼﾞ 針20G×6本+掃除棒1本","ﾕｰﾃﾞﾝﾄ","https://d15ihgh2blymmz.cloudfront.net/uploads/item_image/2000000059020/2000000059020_1.jpg",55
13c61a5d-4c6f-42b2-a0bb-18d001708025,"ｱｶﾞｰｼﾘﾝｼﾞ 針20G×6本+掃除棒1本","ﾕｰﾃﾞﾝﾄ","https://d15ihgh2blymmz.cloudfront.net/uploads/item_image/2000000059020/2000000059020_1.jpg",55
e25a7d6b-a1dd-4c3b-94fb-4383ce60270d,"ｻﾘﾊﾞｴｼﾞｪｸﾀｰ ﾌﾞﾙ- ﾕｰﾛﾝﾀﾞ ﾓﾉｱｰﾄ","ﾕｰﾛﾝﾀﾞ","https://fordynet.fordy.jp/storage/products/product3648-20241205130754sub_image1.jpg",55
33c4439a-4726-4b52-9867-ef50767e839a,"ｻﾘﾊﾞｴｼﾞｪｸﾀｰ ﾌﾞﾙ- ﾕｰﾛﾝﾀﾞ ﾓﾉｱｰﾄ","ﾕｰﾛﾝﾀﾞ","https://fordynet.fordy.jp/storage/products/product3648-20241205130754sub_image1.jpg",55
821c2a2a-f241-48b0-a73b-82878c5a8500,"4.3ｲﾝﾁ液晶ﾀｯﾁﾊﾟﾈﾙ仕様","ﾖｼﾀﾞ","https://m.media-amazon.com/images/I/71a3jn4wQeL._AC_.jpg",71
027bad8b-9fea-436f-b37c-238992c54577,"4.3ｲﾝﾁ液晶ﾀｯﾁﾊﾟﾈﾙ仕様","ﾖｼﾀﾞ","https://service.yoshida-dental.co.jp/s3images/ca/series/11212/images/B_%E3%83%AF%E3%83%B3%E3%83%A9%E3%83%B3%E3%82%AF%E4%B8%8A%E3%81%AE%E6%93%8D%E4%BD%9C%E6%80%A7_2.jpg?w=956&h=587&t=r&q=90",97
4aeb8487-8ea0-4677-91f4-9f7a9ad8d9ab,"40IS制御基板","ﾖｼﾀﾞ","https://suns-seigyo.com/wp-content/uploads/2023/09/370fbee8889d3925ffa039d2ed9ffa67.jpg",50
0c2e3c07-341f-46de-ac6a-2b5ee7081b86,"40IS制御基板","ﾖｼﾀﾞ","https://suns-seigyo.com/wp-content/uploads/2023/09/370fbee8889d3925ffa039d2ed9ffa67.jpg",50
9608b123-d19c-4df0-ac44-0b85774226fd,"40IS用ｼﾘｺﾝﾎｰｽ 1350mm","ﾖｼﾀﾞ","https://m.media-amazon.com/images/I/61byKt21uIL._AC_SL1000_.jpg",74
73b9122f-cb7b-47ef-ac29-ff144ab19388,"40IS用ｼﾘｺﾝﾎｰｽ 1350mm","ﾖｼﾀﾞ","https://baseec-img-mng.akamaized.net/images/item/origin/3c4316b75b35c7d84f1b76a926e28538.jpg?imformat=generic&q=90&im=Resize,width=1200,type=normal",52
45d0f405-6f7b-46e6-8f3b-60ef8b6968f2,"905 ｼﾘﾝｼﾞ 一式 1500mm","ﾖｼﾀﾞ","https://auctions.c.yimg.jp/images.auctions.yahoo.co.jp/image/dr000/auc0106/user/f191c48b6ecb7946025aa0add4f1307aadd5b63fba22596dbb838a3d4c619835/i-img1200x1200-17491721684595tk23lx76325.jpg",55
6a18f182-7e48-478e-80e5-62a6d9c77778,"905 ｼﾘﾝｼﾞ 一式 1500mm","ﾖｼﾀﾞ","https://auctions.c.yimg.jp/images.auctions.yahoo.co.jp/image/dr000/auc0110/user/36bded14213dd9b1ec7640b8111adb9358875c15e6d69525b03add1f4323aa0e/i-img1200x900-17615861188441obsgm490308.jpg",50
93e9e763-1259-4fd4-a600-0743f3a140b4,"905 ｼﾘﾝｼﾞﾉｽﾞﾙ","ﾖｼﾀﾞ","https://auctions.c.yimg.jp/images.auctions.yahoo.co.jp/image/dr000/auc0106/user/f191c48b6ecb7946025aa0add4f1307aadd5b63fba22596dbb838a3d4c619835/i-img1200x1200-17491721684595tk23lx76325.jpg",55
aa1fdf03-d323-421b-8624-50c17135eac3,"905 ｼﾘﾝｼﾞﾉｽﾞﾙ","ﾖｼﾀﾞ","https://auctions.c.yimg.jp/images.auctions.yahoo.co.jp/image/dr000/auc0106/user/f191c48b6ecb7946025aa0add4f1307aadd5b63fba22596dbb838a3d4c619835/i-img1200x1200-17491721684595tk23lx76325.jpg",55
a32e8681-47e8-47ee-a7cc-71ddbd0ed63e,"905ｼﾘﾝｼﾞﾉｽﾞﾙ用Oﾘﾝｸﾞｾｯﾄ","ﾖｼﾀﾞ","https://auctions.c.yimg.jp/images.auctions.yahoo.co.jp/image/dr000/auc0106/user/f191c48b6ecb7946025aa0add4f1307aadd5b63fba22596dbb838a3d4c619835/i-img1200x1200-17491721684595tk23lx76325.jpg",55
d40cff4f-f8ba-4464-9bf3-9fec37615ec7,"AEHﾃｰﾌﾞﾙﾄﾚｰ","ﾖｼﾀﾞ","https://shop.r10s.jp/lavett-shop/cabinet/4600/4qn-wchair-tbl_1.jpg",55
c4a43cb2-30e5-4dcd-b9b4-bb5b0c1a4eb1,"AEHﾃｰﾌﾞﾙﾄﾚｰ","ﾖｼﾀﾞ","https://tshop.r10s.jp/air-rhizome/cabinet/121/dtu-kago1.jpg",75
d7b14fa3-9260-47b1-b588-1c5201cdb3db,"AEHﾃｰﾌﾞﾙﾄﾚｰ ｸﾘｱ","ﾖｼﾀﾞ","https://image.rakuten.co.jp/livingut/cabinet/maker_sonic2/472969set.jpg",55
6a4955e6-7cf5-462a-83fc-c712e60884e4,"AEHﾃｰﾌﾞﾙﾄﾚｰ ｸﾘｱ","ﾖｼﾀﾞ","https://image.rakuten.co.jp/livingut/cabinet/maker_sonic2/472969set.jpg",55
788b04e1-879b-4782-8fc4-1df26299b76a,"AEHﾃｰﾌﾞﾙﾄﾚｰ(ｸﾘｱ)","ﾖｼﾀﾞ","https://image.rakuten.co.jp/livingut/cabinet/maker_sonic2/472969set.jpg",55
4de08618-9867-4be1-8c29-ec07b760e91d,"AEHﾃｰﾌﾞﾙﾄﾚｰ(ｸﾘｱ)","ﾖｼﾀﾞ","https://image.rakuten.co.jp/livingut/cabinet/maker_sonic2/472969set.jpg",55
aeab5810-b706-425c-9497-3183e455303f,"CCDｲﾝｼﾞｹｰﾀｰT-Ⅱ型単品(右上左下）","ﾖｼﾀﾞ","https://auctions.c.yimg.jp/images.auctions.yahoo.co.jp/image/dr000/auc0512/user/15722a1caffb3add76448f05571c97a09367230fa15049ffca5960a7c851d891/i-img900x1200-17345033844059vik025133362.jpg",50
47a3b7ea-1a5e-45ed-b694-4e0b47843bb2,"CCDｲﾝｼﾞｹｰﾀｰT-Ⅱ型単品(右上左下）","ﾖｼﾀﾞ","https://auctions.c.yimg.jp/images.auctions.yahoo.co.jp/image/dr000/auc0512/user/15722a1caffb3add76448f05571c97a09367230fa15049ffca5960a7c851d891/i-img900x1200-173450338920223audwv161471.jpg",50
f83bb614-c741-4d7c-be9f-0c00a636a3c2,"DC TKﾛﾝｸﾞﾊﾞｰ #3 3入","ﾖｼﾀﾞ","https://marydia.jp/images/no3.jpg",42
54ea1cb8-604f-4113-b813-91b0665c316a,"DC TKﾛﾝｸﾞﾊﾞｰ #3 3入","ﾖｼﾀﾞ","https://marydia.jp/images/no3.jpg",42
12b264cd-639b-49f5-bb7b-8c836c45a7cb,"DC ﾃﾞﾝﾄｸﾚｰﾌﾞ 500M","ﾖｼﾀﾞ","https://service.yoshida-dental.co.jp/s3images/ca/series/10513/images/%E3%83%87%E3%83%B3%E3%83%88%E3%82%AF%E3%83%AC%E3%83%BC%E3%83%96500M_.jpg",101
64cb5430-3f1f-4e3a-9469-2ba9d2139a80,"DC ﾃﾞﾝﾄｸﾚｰﾌﾞ 500M","ﾖｼﾀﾞ","https://service.yoshida-dental.co.jp/s3images/ca/series/10513/images/%E3%83%87%E3%83%B3%E3%83%88%E3%82%AF%E3%83%AC%E3%83%BC%E3%83%96500M_.jpg",101
4253e953-c16a-43c2-bfd9-cf3708c1df9c,"DCてきおん君ｶｰﾄﾘｯｼﾞ ﾎﾜｲﾄ","ﾖｼﾀﾞ","https://service.yoshida-dental.co.jp/s3images/ca/series/10964/images/tekion-kun-cartridge-white_.jpg",90
641c01f8-a84b-46fc-8666-25adf8dcc77e,"DCてきおん君ｶｰﾄﾘｯｼﾞ ﾎﾜｲﾄ","ﾖｼﾀﾞ","https://service.yoshida-dental.co.jp/s3images/ca/series/10964/images/tekion-kun-cartridge-white_.jpg",90
198d69a9-b15c-463a-9a5a-ed1d0fc6c720,"DCﾌﾟﾛﾌｨｰﾍﾟｰｽﾄ ｸﾞﾗｯｼ","ﾖｼﾀﾞ","https://service.yoshida-dental.co.jp/s3images/ca/series/10523/images/%E3%82%B0%E3%83%A9%E3%83%83%E3%82%B7_k_.jpg",102
c0f0d58d-bfa0-422c-8cf5-fab7b5e4c63a,"DCﾌﾟﾛﾌｨｰﾍﾟｰｽﾄ ｸﾞﾗｯｼ","ﾖｼﾀﾞ","https://service.yoshida-dental.co.jp/s3images/ca/series/10523/images/%E3%82%B0%E3%83%A9%E3%83%83%E3%82%B7_k_.jpg",102
b3cb24db-6b32-4cae-896f-6f28fd960b27,"Drﾃｰﾌﾞﾙﾄﾚｰ(ｸﾘｱ）","ﾖｼﾀﾞ","https://image.rakuten.co.jp/livingut/cabinet/maker_sonic2/472969set.jpg",55
da982074-6b27-4711-96fe-0de88ea70606,"Drﾃｰﾌﾞﾙﾄﾚｰ(ｸﾘｱ）","ﾖｼﾀﾞ","https://image.rakuten.co.jp/livingut/cabinet/maker_sonic2/472969set.jpg",55
37cfd2e5-a1ec-464d-9166-cef8965a8208,"ESETENDPOINTｱﾝﾁｳｨﾙｽ5年M’25","ﾖｼﾀﾞ","https://cdn.askul.co.jp/img/product/3L1/XJ55653_3L1.jpg",55
501369d5-5aa9-4dea-8c9c-47fd5e5867b7,"FD-366(ｾﾝｼﾃｨﾌﾞ表面ｸﾘｰﾅｰ)800mL","ﾖｼﾀﾞ","https://service.yoshida-dental.co.jp/s3images/ca/products/6960/images/FD366_250_.jpg",99
84d7bb05-7968-4f35-9276-ef7e28d19dde,"FD-366(ｾﾝｼﾃｨﾌﾞ表面ｸﾘｰﾅｰ)800mL","ﾖｼﾀﾞ","https://service.yoshida-dental.co.jp/s3images/ca/products/6960/images/FD366_250_.jpg",99
73a25f92-c2ee-4239-9f78-126edc1c36ea,"Fukka-Fuka　L8146　ｸﾞﾚｲｯｼｭﾋﾟﾝｸ色系(ｵｯﾌﾟｼｮﾝ色)","ﾖｼﾀﾞ","https://refine-m.jp/blog/wp-content/uploads/2023/12/sub01.jpg",55
82cfc39f-51ad-4f1e-8f41-e12e4fa179e8,"Fukka-Fuka　L8146　ｸﾞﾚｲｯｼｭﾋﾟﾝｸ色系(ｵｯﾌﾟｼｮﾝ色)","ﾖｼﾀﾞ","https://refine-m.jp/blog/wp-content/uploads/2023/12/sub01.jpg",55
0a0b6326-2068-4b9a-aefb-413f4d927cc6,"Fukka-Fukkaｼｰﾄ L8146 ｸﾞﾚｲｼｭﾋﾟﾝｸ色系","ﾖｼﾀﾞ","https://service.yoshida-dental.co.jp/s3images/ca/series/11331/images/Fukka-Fuka%E3%82%B7%E3%83%BC%E3%83%88.jpg?w=1200&h=1013&t=r&q=90",102
81930560-1937-4436-b79e-93f3739cf0be,"Fukka-Fukkaｼｰﾄ L8146 ｸﾞﾚｲｼｭﾋﾟﾝｸ色系","ﾖｼﾀﾞ","https://service.yoshida-dental.co.jp/s3images/ca/series/11331/images/Fukka-Fuka%E3%82%B7%E3%83%BC%E3%83%88.jpg?w=1200&h=1013&t=r&q=90",102
5753001f-fcd0-4d04-842f-26fb945bbf46,"i-Draw","ﾖｼﾀﾞ","https://i.pinimg.com/originals/4a/8c/c2/4a8cc2c0f4b7e4056267f0cca67aa105.jpg",55
9f233028-b836-4b47-b496-02b7e2512558,"i-Draw","ﾖｼﾀﾞ","https://i.pinimg.com/originals/4a/8c/c2/4a8cc2c0f4b7e4056267f0cca67aa105.jpg",55
5b6b0760-70fb-496b-a939-410759a5d725,"KAVO製 等速ｺﾝﾄﾗ E20L","ﾖｼﾀﾞ","https://mcdental.co.uk/wp-content/uploads/e20l2-704x704.png",55
a095b77d-6197-4af5-b7c3-7bc438b9dbfc,"KAVO製 等速ｺﾝﾄﾗ E20L","ﾖｼﾀﾞ","https://mcdental.co.uk/wp-content/uploads/e20l2-704x704.png",55
c7be2520-c77a-4e4e-a078-55684b7da9ab,"KAVO製 等速ｺﾝﾄﾗ　E20L","ﾖｼﾀﾞ","https://mcdental.co.uk/wp-content/uploads/e20l2-704x704.png",55
9aac4a46-81f0-4a29-a87a-b038faf4c6c5,"KAVO製 等速ｺﾝﾄﾗ　E20L","ﾖｼﾀﾞ","https://mcdental.co.uk/wp-content/uploads/e20l2-704x704.png",55
1486f1d4-2c47-46b6-aeaa-e9b976e09a58,"KAVO製 等速ｽﾄﾚｰﾄ E10C","ﾖｼﾀﾞ","https://www.mcdental.co.uk/wp-content/uploads/e10c.png",55
76d6fd5b-a6e9-42d5-bc7e-34e5cb55346f,"KAVO製 等速ｽﾄﾚｰﾄ E10C","ﾖｼﾀﾞ","https://www.mcdental.co.uk/wp-content/uploads/e10c.png",55
3d2a6182-4b8f-47d4-9bcf-02a585751ba7,"KAVO製 等速ｽﾄﾚｰﾄ　E110C","ﾖｼﾀﾞ","https://www.shikasale.com/images/upload/Image/3333kpikpreter4e.jpg",55
512874cb-186e-49ca-8a75-201719d4b8fb,"KAVO製 等速ｽﾄﾚｰﾄ　E110C","ﾖｼﾀﾞ","https://www.shikasale.com/images/upload/Image/3333kpikpreter4e.jpg",55
0389d232-2020-4f66-a3ba-26212f3fa656,"KAVO製ｴｷｽﾊﾟｰﾄﾏﾃｨｯｸE10C","ﾖｼﾀﾞ","https://service.yoshida-dental.co.jp/s3images/ca/series/10875/images/E10C%20.jpg?w=927&h=591&t=r&q=90",98
cff4eacf-7436-4b7f-943a-3f48049569a5,"KAVO製ｴｷｽﾊﾟｰﾄﾏﾃｨｯｸE10C","ﾖｼﾀﾞ","https://service.yoshida-dental.co.jp/s3images/ca/series/10875/images/E10C%20.jpg?w=927&h=591&t=r&q=90",98
b05f3ba4-f222-4d65-b4df-f55ce5c8ae09,"LEDﾗｲﾄN 白色(ﾀｰﾋﾞﾝ用)","ﾖｼﾀﾞ","https://shop.pdr.co.jp/g_images/series-290/series-290_01.jpg",80
b4183890-a30c-4213-8751-da880bd40810,"LEDﾗｲﾄN 白色(ﾀｰﾋﾞﾝ用)","ﾖｼﾀﾞ","https://shop.pdr.co.jp/g_images/series-290/series-290_01.jpg",80
47be227d-356a-4280-8b5d-4025c8584242,"LEDﾗｲﾄY ﾀｰﾋﾞﾝ用","ﾖｼﾀﾞ","https://shop.pdr.co.jp/g_images/series-290/series-290_01.jpg",80
8ff954c8-9dfb-4eb5-b8a8-a875e45dc9e9,"LEDﾗｲﾄY ﾀｰﾋﾞﾝ用","ﾖｼﾀﾞ","https://shop.pdr.co.jp/g_images/series-290/series-290_01.jpg",80
b54e55c1-680c-488f-a36e-41d473a5128d,"LEDﾗｲﾄY(ﾏｲｸﾛﾓｰﾀｰ用)DS･HS対応","ﾖｼﾀﾞ","https://shop.pdr.co.jp/g_images/series-290/series-290_01.jpg",80
c4352832-2f2c-4af7-915a-7277b300d7c2,"LEDﾗｲﾄY(ﾏｲｸﾛﾓｰﾀｰ用)DS･HS対応","ﾖｼﾀﾞ","https://shop.pdr.co.jp/g_images/series-290/series-290_01.jpg",80
2adc362d-7db7-47b5-bf49-1b51f0d4ca6a,"LUNASUS 1","ﾖｼﾀﾞ","https://service.yoshida-dental.co.jp/s3images/ca/campaigns/126/images/%E3%83%AB%E3%83%8A%E3%82%B5%E3%82%B9CP.jpg",99
d6111df0-6e3f-4287-a24d-a03dbad73f68,"LUNASUS 1","ﾖｼﾀﾞ","https://service.yoshida-dental.co.jp/s3images/ca/campaigns/126/images/%E3%83%AB%E3%83%8A%E3%82%B5%E3%82%B9CP.jpg",99
e3714418-7e21-400b-a7ff-0c2d8cc7d579,"LUNASUS 1 (ｽﾍﾟｱ)","ﾖｼﾀﾞ","https://service.yoshida-dental.co.jp/s3images/ca/series/10877/images/HP%E5%85%A8%E5%BD%A2.jpg?w=927&h=591&t=r&q=90",98
861d889d-436c-46d2-9d96-d01b22a1a967,"LUNASUS 1 (ｽﾍﾟｱ)","ﾖｼﾀﾞ","https://service.yoshida-dental.co.jp/s3images/ca/series/10877/images/HP%E5%85%A8%E5%BD%A2.jpg?w=927&h=591&t=r&q=90",98
82676c18-b15f-4b25-bb4e-8d809aa6f53e,"LUNASUS 1s","ﾖｼﾀﾞ","https://service.yoshida-dental.co.jp/s3images/ca/campaigns/126/images/%E3%83%AB%E3%83%8A%E3%82%B5%E3%82%B9CP.jpg",99
3c6a5efb-5b86-4a88-a4f8-190a40ed9787,"LUNASUS 1s","ﾖｼﾀﾞ","https://service.yoshida-dental.co.jp/s3images/ca/campaigns/126/images/%E3%83%AB%E3%83%8A%E3%82%B5%E3%82%B9CP.jpg",99
47f45a1d-9f27-4025-a162-605fa63f2953,"LUNASUS 1s (ｽﾍﾟｱ)","ﾖｼﾀﾞ","https://service.yoshida-dental.co.jp/s3images/ca/campaigns/126/images/%E3%83%AB%E3%83%8A%E3%82%B5%E3%82%B9CP.jpg",99
2637d9eb-5600-4839-a63b-cb23139a0dcc,"LUNASUS 1s (ｽﾍﾟｱ)","ﾖｼﾀﾞ","https://service.yoshida-dental.co.jp/s3images/ca/campaigns/126/images/%E3%83%AB%E3%83%8A%E3%82%B5%E3%82%B9CP.jpg",99
27bc2f58-7ce2-4b60-aab1-50ff0e536a2d,"MTA ﾌｨﾗﾍﾟｯｸｽ ﾁｭｰﾌﾞ 30g入","ﾖｼﾀﾞ","https://service.yoshida-dental.co.jp/s3images/ca/products/2350/images/MTA%20FILLAPEX_30g_.jpg",94
601d8667-48f6-4aac-9e15-fa4c91f0850e,"MTA ﾌｨﾗﾍﾟｯｸｽ ﾁｭｰﾌﾞ 30g入","ﾖｼﾀﾞ","https://service.yoshida-dental.co.jp/s3images/ca/products/2350/images/MTA%20FILLAPEX_30g_.jpg",94
9c249564-7396-4570-bc01-778159386c33,"MTAﾌｨﾗﾍﾟｯｸｽｼﾘﾝｼﾞ 4g","ﾖｼﾀﾞ","https://service.yoshida-dental.co.jp/s3images/ca/products/2350/images/MTA%20FILLAPEX_30g_.jpg",94
c97e19a7-79ff-49cb-b7e5-35fc3a63ea95,"MTAﾌｨﾗﾍﾟｯｸｽｼﾘﾝｼﾞ 4g","ﾖｼﾀﾞ","https://service.yoshida-dental.co.jp/s3images/ca/products/2350/images/MTA%20FILLAPEX_30g_.jpg",94
e4843dca-02b2-404f-9209-54cf1b6e5866,"PCｾｯﾄｱｯﾌﾟ料","ﾖｼﾀﾞ","https://static.mercdn.net/item/detail/orig/photos/m98149897089_1.jpg?1736643117",55
8bd8e186-195e-444d-a39a-55aad1a62958,"PCｾｯﾄｱｯﾌﾟ料","ﾖｼﾀﾞ","https://static.mercdn.net/item/detail/orig/photos/m98149897089_1.jpg?1736643117",55
18245858-eca7-4513-a010-d40787039393,"PD100ﾁｭｰﾌﾞS φ6×4 青 1m","ﾖｼﾀﾞ","https://aimg.as-1.co.jp/c/4/5127/04/04512701.jpg?v=551095eeae814c2246db4c9a9f69a6470efc36d2",55
e60c6eb0-de26-443b-aca8-8a472454a180,"PD100ﾁｭｰﾌﾞS φ6×4 青 1m","ﾖｼﾀﾞ","https://aimg.as-1.co.jp/c/4/5127/04/04512701.jpg?v=551095eeae814c2246db4c9a9f69a6470efc36d2",55
6a2d6ef8-bd36-427c-9c8d-f01e267e7809,"PH-M1 丸ﾎﾞﾀﾝ(黒)","ﾖｼﾀﾞ","https://tshop.r10s.jp/nakalace/cabinet/05595610/06272104/imgrc0070332468.jpg?eyvtnahqk50",60
d8f98e1f-9c4f-4567-8411-4a4b95cb6c31,"PH-M1 丸ﾎﾞﾀﾝ(黒)","ﾖｼﾀﾞ","https://tshop.r10s.jp/nakalace/cabinet/05595610/06272104/imgrc0070332468.jpg?eyvtnahqk50",60
2e2835a3-93ab-45da-904f-dc8091cbd8b5,"Profit-Ripi eKarte　X1(D）","ﾖｼﾀﾞ","https://service.yoshida-dental.co.jp/s3images/ca/series/10841/images/Ripi_%E3%83%A1%E3%82%A4%E3%83%B3%E5%B7%AE%E6%9B%BF.png",102
8bc500f8-2db6-42fa-8007-e40b59b210ff,"Profit-Ripi eKarte　X1(D）","ﾖｼﾀﾞ","https://service.yoshida-dental.co.jp/s3images/ca/series/10841/images/Ripi_%E3%83%A1%E3%82%A4%E3%83%B3%E5%B7%AE%E6%9B%BF.png",102
66aaf39f-4d25-409c-900b-8f23a67193a7,"Profit各種用 保険証ﾘｰﾀﾞｰ","ﾖｼﾀﾞ","https://www.yds-profit.com/assets/img/top/cti_img02.png",50
401a82fa-6e6c-42d5-9c51-9b486bc771bf,"Profit各種用 保険証ﾘｰﾀﾞｰ","ﾖｼﾀﾞ","https://www.yds-profit.com/assets/img/top/cti_img02.png",50
efdd19f4-0292-4a5c-b83b-9c25bf30daca,"REﾊﾞｲｵｶﾞｯﾀﾊﾟｰﾁｬﾎﾟｲﾝﾄ 04 #20-45 60本","ﾖｼﾀﾞ","https://service.yoshida-dental.co.jp/s3images/ca/series/10255/images/%E3%82%AC%E3%83%83%E3%82%BF%E3%83%91%E3%83%BC%E3%83%81%E3%83%A3_P71_.jpg",101
c486c861-ea62-4f24-84d6-3b3ce7beb05f,"REﾊﾞｲｵｶﾞｯﾀﾊﾟｰﾁｬﾎﾟｲﾝﾄ 04 #20-45 60本","ﾖｼﾀﾞ","https://service.yoshida-dental.co.jp/s3images/ca/series/10255/images/%E3%82%AC%E3%83%83%E3%82%BF%E3%83%91%E3%83%BC%E3%83%81%E3%83%A3_P71_.jpg",101
57f776cb-48b5-4e8d-b5d2-16ab2a62c696,"REﾊﾞｲｵｶﾞｯﾀﾊﾟｰﾁｬﾎﾟｲﾝﾄ04 #035 60本","ﾖｼﾀﾞ","https://service.yoshida-dental.co.jp/s3images/ca/series/10255/images/%E3%82%AC%E3%83%83%E3%82%BF%E3%83%91%E3%83%BC%E3%83%81%E3%83%A3_P71_.jpg",101
191c26a2-6137-4cc1-84d1-127fe25c2e07,"REﾊﾞｲｵｶﾞｯﾀﾊﾟｰﾁｬﾎﾟｲﾝﾄ04 #035 60本","ﾖｼﾀﾞ","https://service.yoshida-dental.co.jp/s3images/ca/series/10255/images/%E3%82%AC%E3%83%83%E3%82%BF%E3%83%91%E3%83%BC%E3%83%81%E3%83%A3_P71_.jpg",101
7a380ee4-4142-4b70-bba8-b4f5945be479,"VDF後付部品(ﾎﾞﾘｭｰﾑ、ｱｰｽ線)","ﾖｼﾀﾞ","https://yourmystar.g.kuroco-img.app/files/user/7b6dab7b-d8b5-4560-b693-6ac5f6af8970/IMG_6868_8_11zon.webp",50
42a87e3f-1595-4950-a11b-949579ffe30d,"VDF後付部品(ﾎﾞﾘｭｰﾑ、ｱｰｽ線)","ﾖｼﾀﾞ","https://yourmystar.g.kuroco-img.app/files/user/7b6dab7b-d8b5-4560-b693-6ac5f6af8970/IMG_6868_8_11zon.webp",50
79175e51-e4fc-432f-89e9-75a8d704a844,"V型ｼﾘﾝｼﾞ水ﾊﾞﾙﾌﾞSET","ﾖｼﾀﾞ","https://img.aucfree.com/j1021199281.1.jpg",50
3c857c2e-fd12-4ce6-82ba-87f209c40196,"V型ｼﾘﾝｼﾞ水ﾊﾞﾙﾌﾞSET","ﾖｼﾀﾞ","https://img.aucfree.com/j1021199281.1.jpg",50
3951d2f8-691e-4bcf-a939-14dd97cbde8e,"W&H製 等速ｽﾄﾚｰﾄ(SV-40SI)","ﾖｼﾀﾞ","https://auctions.c.yimg.jp/images.auctions.yahoo.co.jp/image/dr000/auc0411/users/e7e57fd2613ef08c7672fca0b59a9b325ce39a77/i-img1200x1198-1699949381iqtqzw2252954.jpg",55
bee74c95-3bf2-4002-ab7f-1f420614cc4c,"W&H製 等速ｽﾄﾚｰﾄ(SV-40SI)","ﾖｼﾀﾞ","https://auctions.c.yimg.jp/images.auctions.yahoo.co.jp/image/dr000/auc0411/users/e7e57fd2613ef08c7672fca0b59a9b325ce39a77/i-img1200x1198-1699949381iqtqzw2252954.jpg",55
db90045b-2687-433c-93b9-854145b3b985,"ｱｲｵﾉｼﾞｯﾄ ﾍﾞｰｽﾗｲﾅｰ 0.3g×6","ﾖｼﾀﾞ","https://service.yoshida-dental.co.jp/s3images/ca/campaigns/117/images/%E3%82%A2%E3%82%A4%E3%82%AA%E3%83%8E%E3%82%B8%E3%83%83%E3%83%88.jpg",99
2672ba61-3793-4777-9707-04b3c344d516,"ｱｲｵﾉｼﾞｯﾄ ﾍﾞｰｽﾗｲﾅｰ 0.3g×6","ﾖｼﾀﾞ","https://service.yoshida-dental.co.jp/s3images/ca/series/10423/images/ionosit_.jpg",93
703dd1b2-8f1d-437c-acd2-d6cd4bc84645,"ｱｲｵﾉｼﾞｯﾄ ﾍﾞｰｽﾗｲﾅｰ ｽﾀﾝﾀﾞｰﾄﾞｼﾘﾝｼﾞ 1.5g×2入","ﾖｼﾀﾞ","https://service.yoshida-dental.co.jp/s3images/ca/series/10423/images/ionosit_.jpg",93
ac4cbb2b-75b0-482d-b451-f1aecbb9969e,"ｱｲｵﾉｼﾞｯﾄ ﾍﾞｰｽﾗｲﾅｰ ｽﾀﾝﾀﾞｰﾄﾞｼﾘﾝｼﾞ 1.5g×2入","ﾖｼﾀﾞ","https://service.yoshida-dental.co.jp/s3images/ca/series/10423/images/ionosit_.jpg",93
2f808557-ae29-45b5-becb-d34fe59a3f5f,"ｱｲｺﾝ 歯面用 ﾐﾆｷｯﾄ(2ｾｯﾄ入)","ﾖｼﾀﾞ","https://service.yoshida-dental.co.jp/s3images/ca/campaigns/92/images/%E3%82%A2%E3%83%B3%E3%82%B8%E3%82%A7%E3%83%A9%E3%82%B9_%E3%82%A2%E3%82%A4%E3%82%B3%E3%83%B3CP.jpg",99
95b4e68c-df4f-4193-a631-6891f5438d4c,"ｱｲｺﾝ 歯面用 ﾐﾆｷｯﾄ(2ｾｯﾄ入)","ﾖｼﾀﾞ","https://service.yoshida-dental.co.jp/s3images/ca/campaigns/92/images/%E3%82%A2%E3%83%B3%E3%82%B8%E3%82%A7%E3%83%A9%E3%82%B9_%E3%82%A2%E3%82%A4%E3%82%B3%E3%83%B3CP.jpg",99
91b56117-2b28-4464-aebe-3313daf28b17,"ｴｱｰｶﾞﾝｷｯﾄⅠ","ﾖｼﾀﾞ","https://service.yoshida-dental.co.jp/s3images/ca/products/4293/images/558293_1a_.jpg",91
75938ad6-5faa-47c8-8df7-eaad6544386f,"ｴｱｰｶﾞﾝｷｯﾄⅠ","ﾖｼﾀﾞ","https://service.yoshida-dental.co.jp/s3images/ca/products/4293/images/558293_1a_.jpg",91
43b3f63f-5ee7-4017-86f2-c7b613f1f3d1,"ｴｱｰﾜﾝﾀｯﾁｼﾞｮｲﾝﾄ","ﾖｼﾀﾞ","https://sankyo-tools.co.jp/search/img/133501_3.jpg",55
7e967472-7dec-483b-86a6-49f7f80f294b,"ｴｱｰﾜﾝﾀｯﾁｼﾞｮｲﾝﾄ","ﾖｼﾀﾞ","https://m.media-amazon.com/images/I/61YPChXBlBL.jpg",75
9968869e-2682-492b-b5c3-09df74afc8e2,"ｴｷｽﾊﾟｰﾄﾏﾃｨｯｸ E10C","ﾖｼﾀﾞ","https://service.yoshida-dental.co.jp/s3images/ca/series/10875/images/E10C%20.jpg?w=927&h=591&t=r&q=90",98
ce9c3846-d895-4e3d-8341-f4b1875ecd21,"ｴｷｽﾊﾟｰﾄﾏﾃｨｯｸ E10C","ﾖｼﾀﾞ","https://service.yoshida-dental.co.jp/s3images/ca/series/10875/images/E10C%20.jpg?w=927&h=591&t=r&q=90",98
e85f0a71-9cb8-44ea-8853-6695974e9f4b,"ｴｷｽﾊﾟｰﾄﾏﾃｨｯｸE10C","ﾖｼﾀﾞ","https://service.yoshida-dental.co.jp/s3images/ca/series/10875/images/E10C%20.jpg?w=927&h=591&t=r&q=90",98
440a3f6f-c743-4eae-9d12-d5cc8e77fb9c,"ｴｷｽﾊﾟｰﾄﾏﾃｨｯｸE10C","ﾖｼﾀﾞ","https://service.yoshida-dental.co.jp/s3images/ca/series/10875/images/E10C%20.jpg?w=927&h=591&t=r&q=90",98
85804491-80db-4052-99f4-0c50d216d08a,"ｴｸｼｰﾄﾞef用 ﾌﾟﾁﾋﾟｴｿﾞﾎｰｽ","ﾖｼﾀﾞ","https://auctions.c.yimg.jp/images.auctions.yahoo.co.jp/image/dr000/auc0111/user/7706a0707174b0063740737bea3da817895e47b5d46072c580711fe4c225063c/i-img1200x900-17631166433651fcazvc86496.jpg",50
18449f4b-d3d2-42d0-b109-dcef77cae045,"ｴｸｼｰﾄﾞef用 ﾌﾟﾁﾋﾟｴｿﾞﾎｰｽ","ﾖｼﾀﾞ","https://auctions.c.yimg.jp/images.auctions.yahoo.co.jp/image/dr000/auc0111/user/7706a0707174b0063740737bea3da817895e47b5d46072c580711fe4c225063c/i-img1200x900-17631166433651fcazvc86496.jpg",50
f4c30cee-988c-44c9-8383-b3d892df65c7,"ｴﾑﾄﾞｹﾞｲﾝ ｹﾞﾙ (内容量0.15mL 5本入","ﾖｼﾀﾞ","https://service.yoshida-dental.co.jp/s3images/ca/products/3153/images/EMD_1%E5%80%8B%E5%85%A5.jpg",102
8724b233-0948-47d2-88f8-3eb599d743ce,"ｴﾑﾄﾞｹﾞｲﾝ ｹﾞﾙ (内容量0.3mL)","ﾖｼﾀﾞ","https://service.yoshida-dental.co.jp/s3images/ca/products/3153/images/EMD_1%E5%80%8B%E5%85%A5.jpg",102
998cd72b-84cd-46cc-9f13-b2123ab3052b,"ｴﾑﾄﾞｹﾞｲﾝ ｹﾞﾙ (内容量0.3mL)","ﾖｼﾀﾞ","https://service.yoshida-dental.co.jp/s3images/ca/products/3153/images/EMD_1%E5%80%8B%E5%85%A5.jpg",102
94aca47a-314f-49ae-9b3f-3828b9f7c2b1,"ｵﾝﾗｲﾝ請求ｾｯﾄｱｯﾌﾟ作業費","ﾖｼﾀﾞ","https://lp.yoshida-dental.co.jp/hubfs/original%20(1).png",100
50b71f2f-92f5-467c-85f4-f48a0e0b12d7,"ｵﾝﾗｲﾝ請求ｾｯﾄｱｯﾌﾟ作業費","ﾖｼﾀﾞ","https://lp.yoshida-dental.co.jp/hubfs/original%20(1).png",100
93b95f7f-7494-472d-892d-24e8f8dd2b2d,"ｵﾝﾗｲﾝ資格確認ｵﾝｻｲﾄ保守ﾘｰﾀﾞｰ含む(1年)","ﾖｼﾀﾞ","https://www.yoshida-dental.co.jp/wp-content/uploads/2022/09/e6f13d31f06a6579449fe23a8d31fdb2.png",87
12c81932-b482-4818-aa48-916a6cb34f95,"ｵﾝﾗｲﾝ資格確認ｵﾝｻｲﾄ保守ﾘｰﾀﾞｰ含む(1年)","ﾖｼﾀﾞ","https://www.yoshida-dental.co.jp/wp-content/uploads/2022/09/e6f13d31f06a6579449fe23a8d31fdb2.png",87
44bacb96-67ae-4f4f-8a38-aac37eb83605,"ｵﾝﾗｲﾝ資格確認ｽﾀｰﾄﾊﾟｯｸ 3 (Profit)","ﾖｼﾀﾞ","https://www.yoshida-dental.co.jp/wp-content/uploads/2022/09/7ff4b1db6ee3a101546a87d1163286f6.png",84
13f964a2-646a-4168-b854-a86a7f609834,"ｵﾝﾗｲﾝ資格確認ｽﾀｰﾄﾊﾟｯｸ 3 (Profit)","ﾖｼﾀﾞ","https://www.yoshida-dental.co.jp/wp-content/uploads/2022/09/7ff4b1db6ee3a101546a87d1163286f6.png",84
7863aa5d-41bd-4ecc-b17b-7804fe355cb8,"ｵﾝﾗｲﾝ資格確認ｽﾀｰﾄﾊﾟｯｸ(Profit)","ﾖｼﾀﾞ","https://www.yoshida-dental.co.jp/wp-content/uploads/2022/09/e6f13d31f06a6579449fe23a8d31fdb2.png",87
bb6cb851-ebc4-4eaa-a908-1b31790c9b9d,"ｵﾝﾗｲﾝ資格確認ｽﾀｰﾄﾊﾟｯｸ(Profit)","ﾖｼﾀﾞ","https://www.yoshida-dental.co.jp/wp-content/uploads/2022/09/e6f13d31f06a6579449fe23a8d31fdb2.png",87
dc8069f7-fdc7-4f1d-8a03-9cf8111a4779,"ｵﾝﾗｲﾝ資格確認公費対応(PMH)ｿﾌﾄProfit","ﾖｼﾀﾞ","https://www.yoshida-dental.co.jp/wp-content/uploads/2022/09/e6f13d31f06a6579449fe23a8d31fdb2.png",87
9b5ef692-adc8-4f70-a7d5-efc82b09f843,"ｵﾝﾗｲﾝ資格確認公費対応(PMH)ｿﾌﾄProfit","ﾖｼﾀﾞ","https://www.pref.miyagi.jp/images/53301/pmh_gaiyou.png",47
30a3e24e-f37a-404e-ad23-08e377075dc8,"ｵﾝﾗｲﾝ資格確認端末医療機関ｺｰﾄﾞ変更作業","ﾖｼﾀﾞ","https://www.yoshida-dental.co.jp/wp-content/uploads/2022/09/e6f13d31f06a6579449fe23a8d31fdb2.png",87
6779dff2-5aee-46a8-b53e-cb520b0b8ab3,"ｵﾝﾗｲﾝ資格確認端末医療機関ｺｰﾄﾞ変更作業","ﾖｼﾀﾞ","https://www.yoshida-dental.co.jp/wp-content/uploads/2022/09/e6f13d31f06a6579449fe23a8d31fdb2.png",87
64d9a15f-867e-4727-8cf2-7dcca2620477,"ｵﾝﾗｲﾝ資格確認連携ｿﾌﾄ(Profit)　訪問診療(居宅同意型)","ﾖｼﾀﾞ","https://www.yoshida-dental.co.jp/wp-content/uploads/2022/09/e6f13d31f06a6579449fe23a8d31fdb2.png",87
78427c5f-0a76-45b0-8efb-cf6af2e21d0e,"ｵﾝﾗｲﾝ資格確認電子証明書更新対応費","ﾖｼﾀﾞ","https://lp.yoshida-dental.co.jp/hubfs/%E3%82%AA%E3%83%B3%E8%B3%87%E7%94%BB%E5%83%8F1.png",87
637e4ace-eac1-4e49-86fe-5c3fb1f2a1a8,"ｵﾝﾗｲﾝ資格確認電子証明書更新対応費","ﾖｼﾀﾞ","https://www.phchd.com/jp/~/media/medicom/onlineinfo/reason_use/img_sec3_flow.png",72
d4f676ba-0dde-476e-bbfc-a282fe8c293e,"ｸﾗﾌﾟﾛ ﾄﾗﾍﾞﾙｾｯﾄ用歯ﾌﾞﾗｼﾘﾌｨﾙ 2本×6色ｱｿｰﾄ　413675","ﾖｼﾀﾞ","https://tshop.r10s.jp/iiha/cabinet/interdentalbrush/curaprox/refil-min.jpg?q152u9sbdzrhik0gyxc",75
695a0002-261c-4f50-899e-464d96dcf6a4,"ｸﾗﾌﾟﾛ ﾄﾗﾍﾞﾙｾｯﾄ用歯ﾌﾞﾗｼﾘﾌｨﾙ 2本×6色ｱｿｰﾄ　413675","ﾖｼﾀﾞ","http://pro.okuchi-shop.jp/cdn/shop/files/3_6_-_2025-03-07T173825.952.png?v=1741336756",55
ab3f1e2f-4db6-45ed-b32a-25d415c35afa,"ｸﾗﾌﾟﾛｯｸｽ BE YOU 歯みがき（10ml）各2×6色 445662","ﾖｼﾀﾞ","https://service.yoshida-dental.co.jp/s3images/ca/series/11263/images/_A_3.jpg?w=1500&h=780&t=r&q=90",95
b04900a1-45ce-491a-8eae-7499cb6e1b04,"ｸﾗﾌﾟﾛｯｸｽ BE YOU 歯みがき（10ml）各2×6色 445662","ﾖｼﾀﾞ","",0
cb4da69b-87f4-4a33-a9ae-8ae42e31613e,"ｸﾗﾌﾟﾛｯｸｽ ｼﾝｸﾞﾙ歯ﾌﾞﾗｼ CS1006 12本","ﾖｼﾀﾞ","https://shop.r10s.jp/doorsteponline/cabinet/10483429/10483434/10762055/8.jpg",55
e29207f8-bc12-431f-afd5-e9958a2ae285,"ｸﾗﾌﾟﾛｯｸｽ ｼﾝｸﾞﾙ歯ﾌﾞﾗｼ CS1006 12本","ﾖｼﾀﾞ","https://shop.r10s.jp/doorsteponline/cabinet/10483429/10483434/10762055/108.jpg",55
66812462-a661-4bbb-a7ef-0a4b7fa4cba3,"ｸﾗﾌﾟﾛｯｸｽ ﾄﾗﾍﾞﾙｾｯﾄ 6色ｱｿｰﾄ","ﾖｼﾀﾞ","https://thumbnail.image.rakuten.co.jp/@0_mall/curaprox/cabinet/main_images02/by1-pb_00.jpg",75
c1d171d0-8d91-4acd-ac27-5a611e511426,"ｸﾗﾌﾟﾛｯｸｽ ﾄﾗﾍﾞﾙｾｯﾄ 6色ｱｿｰﾄ","ﾖｼﾀﾞ","https://thumbnail.image.rakuten.co.jp/@0_mall/curaprox/cabinet/main_images02/by1-pb_00.jpg",75
b292ff68-0136-4ac7-bef8-b165249eafa4,"ｸﾗﾌﾟﾛｯｸｽ ﾄﾗﾍﾞﾙｾｯﾄ 6色ｱｿｰﾄ　445687","ﾖｼﾀﾞ","https://thumbnail.image.rakuten.co.jp/@0_mall/curaprox/cabinet/main_images02/by1-pb_00.jpg",75
95344b6c-82d4-4d58-a947-998cff15a706,"ｸﾗﾌﾟﾛｯｸｽ ﾄﾗﾍﾞﾙｾｯﾄ 6色ｱｿｰﾄ　445687","ﾖｼﾀﾞ","https://thumbnail.image.rakuten.co.jp/@0_mall/curaprox/cabinet/main_images02/by1-pb_00.jpg",75
ee7c6f59-1868-4399-93e1-319f9751a267,"ｸﾗﾌﾟﾛｯｸｽ ﾄﾗﾍﾞﾙｾｯﾄ　ﾌﾞﾗｯｸ","ﾖｼﾀﾞ","https://service.yoshida-dental.co.jp/s3images/ca/series/11311/images/BIW%E3%83%88%E3%83%A9%E3%83%99%E3%83%AB%E3%82%BB%E3%83%83%E3%83%88.jpg",89
83a07cbf-071a-4c2e-9e72-29399b09ea31,"ｸﾗﾌﾟﾛｯｸｽ ﾄﾗﾍﾞﾙｾｯﾄ　ﾌﾞﾗｯｸ","ﾖｼﾀﾞ","https://service.yoshida-dental.co.jp/s3images/ca/series/11311/images/BIW%E3%83%88%E3%83%A9%E3%83%99%E3%83%AB%E3%82%BB%E3%83%83%E3%83%88.jpg",89
e05adbd9-0319-45dd-9781-6e8882265c39,"ｸﾗﾌﾟﾛｯｸｽ 歯ﾌﾞﾗｼ Baby 12本入","ﾖｼﾀﾞ","https://service.yoshida-dental.co.jp/s3images/ca/series/10420/images/CS_smart_Gruppe_01_.jpg",101
c62f203c-546e-4686-a487-9e84814bc630,"ｸﾗﾌﾟﾛｯｸｽ 歯ﾌﾞﾗｼ Baby 12本入","ﾖｼﾀﾞ","https://service.yoshida-dental.co.jp/s3images/ca/series/10420/images/CS_smart_Gruppe_01_.jpg",101
e0522b55-0871-4c25-9cec-89d819d5dab5,"ｸﾗﾌﾟﾛｯｸｽ 歯ﾌﾞﾗｼ CS5460ｳﾙﾄﾗｿﾌﾄ 36本入","ﾖｼﾀﾞ","https://shop.r10s.jp/kkpli/cabinet/09657604/compass1720589124.jpg",55
da109991-6761-4fab-be21-a9e7031a717e,"ｸﾗﾌﾟﾛｯｸｽ 歯ﾌﾞﾗｼ CS5460ｳﾙﾄﾗｿﾌﾄ 36本入","ﾖｼﾀﾞ","https://shop.r10s.jp/kkpli/cabinet/09657604/compass1720589124.jpg",55
8d4a2720-8b29-41e1-8713-745590e5fc83,"ｸﾗﾌﾟﾛｯｸｽ 歯ﾌﾞﾗｼ CSｵﾙｿｳﾙﾄﾗｿﾌﾄ 12本入　ﾌﾞﾘｽﾀｰ","ﾖｼﾀﾞ","https://auctions.c.yimg.jp/images.auctions.yahoo.co.jp/image/dr000/auc0111/user/9d6f2e81aadeafea965bd33a4596695b512d8b1d2f813d03024e4c35669d231f/i-img1200x1200-17632975127444kvbm2q577.jpg",55
fb39567e-0658-4d3c-a71c-3ef7e7c2d964,"ｸﾗﾌﾟﾛｯｸｽ 歯ﾌﾞﾗｼ CSｵﾙｿｳﾙﾄﾗｿﾌﾄ 12本入　ﾌﾞﾘｽﾀｰ","ﾖｼﾀﾞ","https://auctions.c.yimg.jp/images.auctions.yahoo.co.jp/image/dr000/auc0111/user/9d6f2e81aadeafea965bd33a4596695b512d8b1d2f813d03024e4c35669d231f/i-img1200x1200-17632975127444kvbm2q577.jpg",55
b2e8145c-71fb-4965-9b1b-73a80e39954c,"ｸﾗﾌﾟﾛｯｸｽ 歯ﾌﾞﾗｼ CSｵﾙｿｳﾙﾄﾗｿﾌﾄ ﾌﾞﾘｽﾀｰ 12本入","ﾖｼﾀﾞ","https://image.rakuten.co.jp/kkpli/cabinet/09657604/compass1720588047.jpg",55
20851610-cec0-4b86-81d9-5cb95a3a80ff,"ｸﾗﾌﾟﾛｯｸｽ 歯ﾌﾞﾗｼ CSｵﾙｿｳﾙﾄﾗｿﾌﾄ ﾌﾞﾘｽﾀｰ 12本入","ﾖｼﾀﾞ","https://shop.r10s.jp/kkpli/cabinet/09657604/compass1720589124.jpg",55
6c27cce0-9ddc-41f7-ab7f-f87553fa9e22,"ｸﾗﾌﾟﾛｯｸｽ 歯ﾌﾞﾗｼ CSｻｰｼﾞｶﾙﾒｶﾞｿﾌﾄ ﾌﾞﾘｽﾀｰ 12本入","ﾖｼﾀﾞ","https://service.yoshida-dental.co.jp/s3images/ca/series/10420/images/CS_smart_Gruppe_01_.jpg",101
f544f8b7-dab3-4465-beeb-fc99f5098547,"ｸﾗﾌﾟﾛｯｸｽ 歯ﾌﾞﾗｼ CSｽﾏｰﾄ36本入","ﾖｼﾀﾞ","https://item-shopping.c.yimg.jp/i/n/puredent_22402092",50
a2ff3f33-06e8-478c-b683-56cbf69d3828,"ｸﾗﾌﾟﾛｯｸｽ 歯ﾌﾞﾗｼ CSｽﾏｰﾄ36本入","ﾖｼﾀﾞ","https://item-shopping.c.yimg.jp/i/n/puredent_22402092",50
61df642a-a810-4a9c-91db-3dfefee9ef49,"ｸﾗﾌﾟﾛｯｸｽ 歯ﾌﾞﾗｼ kids 5500 12本入","ﾖｼﾀﾞ","https://service.yoshida-dental.co.jp/s3images/ca/series/10420/images/CS_smart_Gruppe_01_.jpg",101
420e2fa9-b7b6-4bf4-b1fc-e953585cf939,"ｸﾗﾌﾟﾛｯｸｽ 歯ﾌﾞﾗｼ kids 5500 12本入","ﾖｼﾀﾞ","https://service.yoshida-dental.co.jp/s3images/ca/series/10420/images/CS_smart_Gruppe_01_.jpg",101
fe91d177-37ff-4a72-84d0-2fc7afb2e38c,"ｸﾗﾌﾟﾛｯｸｽ 歯ﾌﾞﾗｼ kidsｽｰﾊﾟｰﾋｰﾛｰｴﾃﾞｨｼｮﾝ 2本入","ﾖｼﾀﾞ","https://service.yoshida-dental.co.jp/s3images/ca/series/10420/images/CS_smart_Gruppe_01_.jpg",101
a5952c98-20a0-4fa7-97a5-46c478e1108b,"ｸﾗﾌﾟﾛｯｸｽ 歯ﾌﾞﾗｼ kidsｽｰﾊﾟｰﾋｰﾛｰｴﾃﾞｨｼｮﾝ 2本入","ﾖｼﾀﾞ","https://m.media-amazon.com/images/S/aplus-media-library-service-media/d7a41d95-d68f-4610-b3a5-dc10e4f88541.__CR0,0,970,600_PT0_SX970_V1___.png",67
c0f9b431-62ac-4e97-9e19-8c4f3bf7a0b2,"ｸﾗﾌﾟﾛｯｸｽ 歯ﾌﾞﾗｼ ﾐｸﾛｴﾃﾞｨｼｮﾝ 2本X2","ﾖｼﾀﾞ","https://curaproxpro.jp/sys/wp-content/uploads/%E3%83%9F%E3%82%AF%E3%83%AD%E3%82%A8%E3%83%87%E3%82%A3%E3%82%B7%E3%83%A7%E3%83%B3.jpg",55
50f43728-3b6f-4cc4-a8a4-a725efcaefee,"ｸﾗﾌﾟﾛｯｸｽ 歯ﾌﾞﾗｼ ﾐｸﾛｴﾃﾞｨｼｮﾝ 2本X2","ﾖｼﾀﾞ","https://curaproxpro.jp/sys/wp-content/uploads/%E3%83%9F%E3%82%AF%E3%83%AD%E3%82%A8%E3%83%87%E3%82%A3%E3%82%B7%E3%83%A7%E3%83%B3.jpg",55
7bd3d634-0a53-4a72-8e92-5db0fe987b3f,"ｸﾗﾌﾟﾛｯｸｽ 歯間ﾌﾞﾗｼ ﾁｪｱｻｲﾄﾞﾘﾌｨﾙ 011 25本  ｸﾞﾘｰﾝ","ﾖｼﾀﾞ","https://service.yoshida-dental.co.jp/s3images/ca/products/9652/images/Chairside_prime_Box.jpg",91
fc7b5f9f-d995-45e2-8cd9-326cc0f45cfc,"ｸﾗﾌﾟﾛｯｸｽ 歯間ﾌﾞﾗｼ ﾁｪｱｻｲﾄﾞﾘﾌｨﾙ 011 25本  ｸﾞﾘｰﾝ","ﾖｼﾀﾞ","https://service.yoshida-dental.co.jp/s3images/ca/products/9652/images/Chairside_prime_Box.jpg",91
eea76763-31ab-45a3-8c99-000eeed9074c,"ｸﾗﾌﾟﾛｯｸｽ 歯間ﾌﾞﾗｼ ﾁｪｱｻｲﾄﾞﾘﾌｨﾙ 06 25本  ﾌﾞﾙｰ","ﾖｼﾀﾞ","https://service.yoshida-dental.co.jp/s3images/ca/products/9652/images/Chairside_prime_Box.jpg",91
3799d8eb-b23d-4949-8670-39a67b977b77,"ｸﾗﾌﾟﾛｯｸｽ 歯間ﾌﾞﾗｼ ﾁｪｱｻｲﾄﾞﾘﾌｨﾙ 06 25本  ﾌﾞﾙｰ","ﾖｼﾀﾞ","https://service.yoshida-dental.co.jp/s3images/ca/products/9652/images/Chairside_prime_Box.jpg",91
aa393d82-4bbb-4582-acb3-e5adb3003e49,"ｸﾗﾌﾟﾛｯｸｽ 歯間ﾌﾞﾗｼ ﾁｪｱｻｲﾄﾞﾘﾌｨﾙ 07 25本  ﾚｯﾄﾞ","ﾖｼﾀﾞ","https://service.yoshida-dental.co.jp/s3images/ca/products/9652/images/Chairside_prime_Box.jpg",91
19d0372e-9dc1-4824-b5a1-537e34661a86,"ｸﾗﾌﾟﾛｯｸｽ 歯間ﾌﾞﾗｼ ﾁｪｱｻｲﾄﾞﾘﾌｨﾙ 07 25本  ﾚｯﾄﾞ","ﾖｼﾀﾞ","https://service.yoshida-dental.co.jp/s3images/ca/products/9652/images/Chairside_prime_Box.jpg",91
1680946e-9f29-44a6-b61e-a93530032407,"ｸﾗﾌﾟﾛｯｸｽ 歯間ﾌﾞﾗｼ ﾁｪｱｻｲﾄﾞﾘﾌｨﾙ 08 25本  ﾋﾟﾝｸ","ﾖｼﾀﾞ","https://service.yoshida-dental.co.jp/s3images/ca/products/9652/images/Chairside_prime_Box.jpg",91
1a6d5015-ad10-4d19-ab1c-8c46a1866d4a,"ｸﾗﾌﾟﾛｯｸｽ 歯間ﾌﾞﾗｼ ﾁｪｱｻｲﾄﾞﾘﾌｨﾙ 08 25本  ﾋﾟﾝｸ","ﾖｼﾀﾞ","https://service.yoshida-dental.co.jp/s3images/ca/products/9652/images/Chairside_prime_Box.jpg",91
1836a1db-500e-41d1-a1fc-426a0c409f25,"ｸﾗﾌﾟﾛｯｸｽ 歯間ﾌﾞﾗｼ ﾁｪｱｻｲﾄﾞﾘﾌｨﾙ 09 25本 ｲｴﾛｰ","ﾖｼﾀﾞ","https://service.yoshida-dental.co.jp/s3images/ca/products/9652/images/Chairside_prime_Box.jpg",91
55bbab8f-ce96-4bc3-abaa-0c3a75ede974,"ｸﾗﾌﾟﾛｯｸｽ 歯間ﾌﾞﾗｼ ﾁｪｱｻｲﾄﾞﾘﾌｨﾙ 09 25本 ｲｴﾛｰ","ﾖｼﾀﾞ","https://service.yoshida-dental.co.jp/s3images/ca/products/9652/images/Chairside_prime_Box.jpg",91
0361d987-3404-46f6-bfc2-134f4e28c306,"ｸﾗﾌﾟﾛｯｸｽ 歯間ﾌﾞﾗｼ ﾌﾟﾗｲﾑ ﾁｪｱｻｲﾄﾞﾎﾞｯｸｽⅡ 415830","ﾖｼﾀﾞ","https://service.yoshida-dental.co.jp/s3images/ca/products/9674/images/Chairside_perio_Box.jpg",91
f4547e85-6ea1-4fd0-b6e1-8b346772c8be,"ｸﾗﾌﾟﾛｯｸｽ 歯間ﾌﾞﾗｼ ﾌﾟﾗｲﾑ ﾁｪｱｻｲﾄﾞﾎﾞｯｸｽⅡ 415830","ﾖｼﾀﾞ","https://service.yoshida-dental.co.jp/s3images/ca/products/9652/images/Chairside_prime_Box.jpg",91
d194c561-1ba7-40ae-af90-b2f94cf9c964,"ｸﾗﾌﾟﾛｯｸｽ 歯間ﾌﾞﾗｼ ﾌﾟﾗｲﾑﾘﾌｨﾙ 011 8本×5 ｸﾞﾘｰﾝ","ﾖｼﾀﾞ","https://image.rakuten.co.jp/iiha/cabinet/interdentalbrush/cpsstartsize.jpg",55
83c02a0d-3ded-4c7f-a0b2-51251585df57,"ｸﾗﾌﾟﾛｯｸｽ 歯間ﾌﾞﾗｼ ﾌﾟﾗｲﾑﾘﾌｨﾙ 011 8本×5 ｸﾞﾘｰﾝ","ﾖｼﾀﾞ","https://image.rakuten.co.jp/iiha/cabinet/interdentalbrush/cpsstartsize.jpg",55
1958762d-b833-42cf-ae16-c7870dbc123a,"ｸﾗﾌﾟﾛｯｸｽ 歯間ﾌﾞﾗｼ ﾌﾟﾗｲﾑﾘﾌｨﾙ 06 8本×5 ﾌﾞﾙｰ","ﾖｼﾀﾞ","https://m.media-amazon.com/images/I/71IguZLBURL._AC_SL1280_.jpg",68
431e3fec-e70c-4c4a-a333-852a224d1a08,"ｸﾗﾌﾟﾛｯｸｽ 歯間ﾌﾞﾗｼ ﾌﾟﾗｲﾑﾘﾌｨﾙ 09 8本×5 ｲｴﾛｰ","ﾖｼﾀﾞ","https://m.media-amazon.com/images/I/81qBY9B6fKL._AC_SL1500_.jpg",68
358e635a-f4b3-420c-a0ae-c6451422d256,"ｸﾗﾌﾟﾛｯｸｽ 歯間ﾌﾞﾗｼ ﾍﾟﾘｵ ﾘﾌｨﾙ CPS405 25本入 384825","ﾖｼﾀﾞ","https://image.rakuten.co.jp/curaprox/cabinet/addpic/cps405.jpg",51
302e3d20-73e0-4809-96ce-3a18e340f7a4,"ｸﾗﾌﾟﾛｯｸｽ 歯間ﾌﾞﾗｼ ﾍﾟﾘｵ ﾘﾌｨﾙ CPS405 25本入 384825","ﾖｼﾀﾞ","https://image.rakuten.co.jp/curaprox/cabinet/addpic/cps405.jpg",51
e8bda77a-3b1e-4d40-bdef-c5a46c76450b,"ｸﾗﾌﾟﾛｯｸｽ 歯間ﾌﾞﾗｼ ﾍﾟﾘｵ405ﾚｯﾄﾞ（L型） 398426","ﾖｼﾀﾞ","https://image.rakuten.co.jp/curaprox/cabinet/addpic/cps405.jpg",51
c804eae3-9917-458a-8795-d1a30c889a58,"ｸﾗﾌﾟﾛｯｸｽ 歯間ﾌﾞﾗｼ ﾍﾟﾘｵ405ﾚｯﾄﾞ（L型） 398426","ﾖｼﾀﾞ","https://image.rakuten.co.jp/curaprox/cabinet/addpic/cps405.jpg",51
60f7ec22-4aa7-468e-9364-c9894a543d0a,"ｸﾗﾌﾟﾛｯｸｽ 歯間ﾌﾞﾗｼﾌﾟﾗｲﾑｽﾀｰﾄ 011緑　428912","ﾖｼﾀﾞ","https://shop.r10s.jp/iiha/cabinet/interdentalbrush/cpsde001.jpg",55
4893a80b-e8e6-45ae-8b94-80a606439c5a,"ｸﾗﾌﾟﾛｯｸｽ 歯間ﾌﾞﾗｼﾌﾟﾗｲﾑｽﾀｰﾄ 011緑　428912","ﾖｼﾀﾞ","https://shop.r10s.jp/iiha/cabinet/interdentalbrush/cpsde001.jpg",55
cc1b0ebb-7672-41ee-8c6a-cb2e7495544b,"ｸﾗﾌﾟﾛｯｸｽ 歯間ﾌﾞﾗｼﾌﾟﾗｲﾑｽﾀｰﾄ 06青　428831","ﾖｼﾀﾞ","https://shop.r10s.jp/iiha/cabinet/interdentalbrush/cpsstart06001.jpg",55
86e005be-9a74-4f0b-a3c3-dc453d3800e1,"ｸﾗﾌﾟﾛｯｸｽ 歯間ﾌﾞﾗｼﾌﾟﾗｲﾑｽﾀｰﾄ 06青　428831","ﾖｼﾀﾞ","https://shop.r10s.jp/iiha/cabinet/interdentalbrush/cpsstart06001.jpg",55
f2ef4f0c-fc51-4955-ad84-d2b5c297be1c,"ｸﾗﾌﾟﾛｯｸｽ 歯間ﾌﾞﾗｼﾌﾟﾗｲﾑｽﾀｰﾄ 07赤　428855","ﾖｼﾀﾞ","https://m.media-amazon.com/images/I/71SFDMyG7BL._AC_SL1500_.jpg",63
fe2e4f6c-1409-4a9c-9f67-aa5a663dd2d6,"ｸﾗﾌﾟﾛｯｸｽ 歯間ﾌﾞﾗｼﾌﾟﾗｲﾑｽﾀｰﾄ 07赤　428855","ﾖｼﾀﾞ","https://m.media-amazon.com/images/I/61fsctNiZaL._AC_SL1000_.jpg",73
cb6c8833-5563-4603-bbaa-e6ed3e6793de,"ｸﾗﾌﾟﾛｯｸｽ 歯間ﾌﾞﾗｼﾌﾟﾗｲﾑｽﾀｰﾄ 08桃　428870","ﾖｼﾀﾞ","https://curaproxpro.jp/sys/wp-content/uploads/cps%E3%83%97%E3%83%A9%E3%82%A4%E3%83%A0%E3%82%B9%E3%82%BF%E3%83%BC%E3%83%88_4.jpg",55
cac46a93-5bc9-4676-8e9c-32988fe6f554,"ｸﾗﾌﾟﾛｯｸｽ 歯間ﾌﾞﾗｼﾌﾟﾗｲﾑｽﾀｰﾄ 08桃　428870","ﾖｼﾀﾞ","https://curaproxpro.jp/sys/wp-content/uploads/cps%E3%83%97%E3%83%A9%E3%82%A4%E3%83%A0%E3%82%B9%E3%82%BF%E3%83%BC%E3%83%88_4.jpg",55
b8bd97c4-4e3b-4bc8-9687-ef320f9df386,"ｸﾗﾌﾟﾛｯｸｽ 歯間ﾌﾞﾗｼﾌﾟﾗｲﾑｽﾀｰﾄ 09黄　428894","ﾖｼﾀﾞ","https://static.mercdn.net/item/detail/orig/photos/m50472580460_1.jpg?1756985727",55
dc568f0a-5b86-437f-8ce1-25ebe338eba1,"ｸﾗﾌﾟﾛｯｸｽ 歯間ﾌﾞﾗｼﾌﾟﾗｲﾑｽﾀｰﾄ 09黄　428894","ﾖｼﾀﾞ","https://static.mercdn.net/item/detail/orig/photos/m50472580460_1.jpg?1756985727",55
c2cbd0a6-a5cb-4b05-9f3a-5ecff13cbbb0,"ｸﾗﾝﾌﾟ鉗子 ｽﾄｰｸ型","ﾖｼﾀﾞ","https://service.yoshida-dental.co.jp/s3images/ca/products/10145/images/10145_5801883319.jpg",95
fb8eadc0-4a0e-4d5f-9ca7-f34165b9f5be,"ｸﾗﾝﾌﾟ鉗子 ｽﾄｰｸ型","ﾖｼﾀﾞ","https://service.yoshida-dental.co.jp/s3images/ca/products/10145/images/10145_5801883319.jpg",95
344f20ee-785a-49c1-8c1e-0eb45cb68ace,"ｼｭｱｰｺｰﾄﾞ ﾌﾟﾗｽ #0","ﾖｼﾀﾞ","https://service.yoshida-dental.co.jp/s3images/ca/products/3144/images/%E3%82%B7%E3%83%A5%E3%82%A2%E3%83%BC%E3%82%B3%E3%83%BC%E3%83%89_%E3%83%97%E3%83%A9%E3%82%B9_.jpg",95
322f862e-f3ee-4ced-9a3a-a2e7b05315c9,"ｼｭｱｰｺｰﾄﾞ ﾌﾟﾗｽ #0","ﾖｼﾀﾞ","https://service.yoshida-dental.co.jp/s3images/ca/products/3144/images/%E3%82%B7%E3%83%A5%E3%82%A2%E3%83%BC%E3%82%B3%E3%83%BC%E3%83%89_%E3%83%97%E3%83%A9%E3%82%B9_.jpg",95
a44c7910-78e4-497d-854f-27bd3c245cf5,"ｼｭｱｰｺｰﾄﾞ ﾌﾟﾗｽ #000","ﾖｼﾀﾞ","https://service.yoshida-dental.co.jp/s3images/ca/products/3144/images/%E3%82%B7%E3%83%A5%E3%82%A2%E3%83%BC%E3%82%B3%E3%83%BC%E3%83%89_%E3%83%97%E3%83%A9%E3%82%B9_.jpg",95
624b3855-997f-4d2f-b632-22a3781e8ac5,"ｼｭｱｰｺｰﾄﾞ ﾌﾟﾗｽ #000","ﾖｼﾀﾞ","https://service.yoshida-dental.co.jp/s3images/ca/products/3144/images/%E3%82%B7%E3%83%A5%E3%82%A2%E3%83%BC%E3%82%B3%E3%83%BC%E3%83%89_%E3%83%97%E3%83%A9%E3%82%B9_.jpg",95
07dfd3d9-b3b0-481f-a408-4183b7a0152d,"ｼｭｱｰｺｰﾄﾞ ﾌﾟﾗｽ #000.0","ﾖｼﾀﾞ","https://service.yoshida-dental.co.jp/s3images/ca/products/3144/images/%E3%82%B7%E3%83%A5%E3%82%A2%E3%83%BC%E3%82%B3%E3%83%BC%E3%83%89_%E3%83%97%E3%83%A9%E3%82%B9_.jpg",95
183f22c3-ac93-433c-9b64-0f12c7728fa4,"ｼｭｱｰｺｰﾄﾞ ﾌﾟﾗｽ #000.0","ﾖｼﾀﾞ","https://service.yoshida-dental.co.jp/s3images/ca/products/3144/images/%E3%82%B7%E3%83%A5%E3%82%A2%E3%83%BC%E3%82%B3%E3%83%BC%E3%83%89_%E3%83%97%E3%83%A9%E3%82%B9_.jpg",95
82625207-80b7-444b-a9d9-160895b01528,"ｼｭｱｰｺｰﾄﾞ ﾌﾟﾗｽ #1","ﾖｼﾀﾞ","https://service.yoshida-dental.co.jp/s3images/ca/products/5931/images/%E3%82%B7%E3%83%A5%E3%82%A2%E3%83%BC%E3%82%B3%E3%83%BC%E3%83%89_g.jpg",95
11c354b1-8bb9-4f28-9cf2-963f3604df8b,"ｽｲｯﾁSS-5GL-2","ﾖｼﾀﾞ","https://mm.digikey.com/Volume0/opasdata/d220001/medias/images/4360/MFG_SS-5GL-2.jpg",55
60aadedb-be75-4aad-9551-1e85a0696ee7,"ｽｲｯﾁSS-5GL-2","ﾖｼﾀﾞ","https://mm.digikey.com/Volume0/opasdata/d220001/medias/images/4360/MFG_SS-5GL-2.jpg",55
f1e8d65b-288c-42db-9389-b5b2e0457bde,"ｽｶｲﾛｰﾄﾞ SDC1","ﾖｼﾀﾞ","https://service.yoshida-dental.co.jp/s3images/ca/series/10868/images/6_.jpg?w=1540&h=1153&t=r&q=90",100
e99dec4a-0219-43a0-859a-30d514a31d00,"ｽｶｲﾛｰﾄﾞ SDC1","ﾖｼﾀﾞ","https://service.yoshida-dental.co.jp/s3images/ca/series/10868/images/6_.jpg?w=1540&h=1153&t=r&q=90",100
8275df8f-dbc8-4926-8221-929914e274a9,"ｽｶｲﾛｰﾄﾞ SDC1mini","ﾖｼﾀﾞ","https://service.yoshida-dental.co.jp/s3images/ca/series/10868/images/6_.jpg?w=1540&h=1153&t=r&q=90",100
e9832960-0e6d-46ef-8467-caa64e413a02,"ｽｶｲﾛｰﾄﾞ SDC1miniﾊﾞｰ(ｱｿｰﾄ5本ｾｯﾄ)","ﾖｼﾀﾞ","https://service.yoshida-dental.co.jp/s3images/ca/series/10868/images/6_.jpg?w=1540&h=1153&t=r&q=90",100
4df3aead-1932-4761-a00b-67b2bee6675d,"ｾﾘｵMu 前折れ1型(ﾍﾞｰｽﾏｳﾝﾄ)","ﾖｼﾀﾞ","https://service.yoshida-dental.co.jp/s3images/ca/series/11173/images/Mu_NV.png?w=957&h=900&t=r&q=90",104
f531289e-46aa-44b8-bc45-ff9eaf72bf90,"ｾﾘｵMu 前折れ1型(ﾍﾞｰｽﾏｳﾝﾄ)","ﾖｼﾀﾞ","https://service.yoshida-dental.co.jp/s3images/ca/series/11173/images/Mu_NV.png?w=957&h=900&t=r&q=90",104
4be5cc1e-2ef8-47bf-9b04-a1514aff4e7d,"ｾﾘｵｽMu Fukka-Fukkaｼｰﾄ L8147","ﾖｼﾀﾞ","https://service.yoshida-dental.co.jp/s3images/ca/series/11331/images/Fukka-Fuka%E3%82%B7%E3%83%BC%E3%83%88.jpg?w=1200&h=1013&t=r&q=90",102
56136022-07f6-4ede-8906-f56ab0262313,"ｾﾘｵｽMu Fukka-Fukkaｼｰﾄ L8147","ﾖｼﾀﾞ","https://service.yoshida-dental.co.jp/s3images/ca/series/11331/images/Fukka-Fuka%E3%82%B7%E3%83%BC%E3%83%88.jpg?w=1200&h=1013&t=r&q=90",102
97912c5a-99bb-47b4-a098-962df20d70e9,"ｾﾘｵﾌﾟﾗｽ ﾃｰﾌﾞﾙSWﾊﾟﾈﾙｼｰﾙ(VFD有)","ﾖｼﾀﾞ","https://service.yoshida-dental.co.jp/s3images/ca/series/11215/images/B_%E8%83%B8%E4%B8%8A%E3%83%88%E3%83%AC%E3%83%BC_2.jpg?w=956&h=587&t=r&q=90",97
70944e55-f191-4a1f-b8e4-64f493d83948,"ｾﾘｵﾌﾟﾗｽ ﾃｰﾌﾞﾙSWﾊﾟﾈﾙｼｰﾙ(VFD有)","ﾖｼﾀﾞ","https://service.yoshida-dental.co.jp/s3images/ca/series/11215/images/B_%E8%83%B8%E4%B8%8A%E3%83%88%E3%83%AC%E3%83%BC_2.jpg?w=956&h=587&t=r&q=90",97
051e54e1-4684-404b-bef8-05dbdf6fc5d7,"ｾﾘｵﾌﾟﾗｽ ﾒｲﾝ基板(ﾊﾝｶﾞｰ4ﾀｲﾌﾟ)","ﾖｼﾀﾞ","https://service.yoshida-dental.co.jp/s3images/ca/series/11212/images/B_%E3%83%AF%E3%83%B3%E3%83%A9%E3%83%B3%E3%82%AF%E4%B8%8A%E3%81%AE%E6%93%8D%E4%BD%9C%E6%80%A7_1.jpg?w=956&h=587&t=r&q=90",97
0e7e9ca3-5fd8-40e8-b868-81b547a42f12,"ｾﾘｵﾌﾟﾗｽ ﾒｲﾝ基板(ﾊﾝｶﾞｰ4ﾀｲﾌﾟ)","ﾖｼﾀﾞ","https://service.yoshida-dental.co.jp/s3images/ca/series/11212/images/B_%E3%83%AF%E3%83%B3%E3%83%A9%E3%83%B3%E3%82%AF%E4%B8%8A%E3%81%AE%E6%93%8D%E4%BD%9C%E6%80%A7_1.jpg?w=956&h=587&t=r&q=90",97
72dcfa68-0e5a-424c-97a1-5e4306b33741,"ｾﾘｵﾌﾟﾗｽ ﾙﾊﾟﾈﾙｽｲｯﾁ基板(VDF仕様)","ﾖｼﾀﾞ","https://booth.pximg.net/d315be0a-9c18-4384-8f82-625274a6d5c7/i/6939910/02fde5ea-5b52-4a34-a819-51bf93fb1004_base_resized.jpg",55
9f1ce173-aaa2-49ea-b444-187bb7975eac,"ｾﾘｵﾌﾟﾗｽ ﾙﾊﾟﾈﾙｽｲｯﾁ基板(VDF仕様)","ﾖｼﾀﾞ","https://booth.pximg.net/d315be0a-9c18-4384-8f82-625274a6d5c7/i/6939910/02fde5ea-5b52-4a34-a819-51bf93fb1004_base_resized.jpg",55
c11f8112-f53b-42d8-9e44-67e861bb7a9c,"ｾﾘｵﾌﾟﾗｽ/ｾﾘｵ2 ｽｲｯﾁﾊﾟﾈﾙ保護ｼｰﾙ　195739","ﾖｼﾀﾞ","https://service.yoshida-dental.co.jp/s3images/ca/series/11212/images/B_%E5%8A%B9%E7%8E%87%E3%82%92%E9%87%8D%E8%A6%96%E3%81%AE%E6%B8%85%E6%8E%83%E6%80%A7_2.jpg?w=956&h=587&t=r&q=90",97
3601528c-1d16-4c8a-af2c-852eb76ea1a4,"ｾﾘｵﾌﾟﾗｽ/ｾﾘｵ2 ｽｲｯﾁﾊﾟﾈﾙ保護ｼｰﾙ　195739","ﾖｼﾀﾞ","https://service.yoshida-dental.co.jp/s3images/ca/series/11212/images/B_%E5%8A%B9%E7%8E%87%E3%82%92%E9%87%8D%E8%A6%96%E3%81%AE%E6%B8%85%E6%8E%83%E6%80%A7_2.jpg?w=956&h=587&t=r&q=90",97
0689cdb3-27b1-4d13-975a-ff6a01cf72b9,"ﾀｰﾋﾞﾝﾎｰｽ 光付 L=1350","ﾖｼﾀﾞ","https://auctions.c.yimg.jp/images.auctions.yahoo.co.jp/image/dr000/auc0401/users/c491e7aefb9f769666a5b9bada9762a3c64d08fc/i-img900x1200-1674881747gvq2vs65353.jpg",50
7fbef3ce-f5fd-4c18-b150-f19f39e6e103,"ﾀｰﾋﾞﾝﾎｰｽ 光付 L=1350","ﾖｼﾀﾞ","https://auctions.c.yimg.jp/images.auctions.yahoo.co.jp/image/dr000/auc0104/user/19bf494b0595683bc18c205135ea2acb6f9cf3e5ef848b6f34d2b6b25886ce2d/i-img1200x1200-17458039793818jj7zgz89713.jpg",55
dd138906-fb6a-4366-9ef7-30c84a7ef1de,"ﾀｰﾋﾞﾝﾎｰｽBO-MC 光付 L=1500","ﾖｼﾀﾞ","https://auctions.c.yimg.jp/images.auctions.yahoo.co.jp/image/dr000/auc0104/user/19bf494b0595683bc18c205135ea2acb6f9cf3e5ef848b6f34d2b6b25886ce2d/i-img1200x1200-17458039793818jj7zgz89713.jpg",55
5bcf55cb-7d3c-4059-be18-6106909f8901,"ﾀｰﾋﾞﾝﾎｰｽBO-MC 光付 L=1500","ﾖｼﾀﾞ","https://auctions.c.yimg.jp/images.auctions.yahoo.co.jp/image/dr000/auc0104/user/19bf494b0595683bc18c205135ea2acb6f9cf3e5ef848b6f34d2b6b25886ce2d/i-img1200x1200-17458039793818jj7zgz89713.jpg",55
21deb94d-39a6-4fe7-ba09-4f6d7eb5d4f5,"ﾃｰﾌﾞﾙﾄﾚｰ(ｸﾘｱ）Dr","ﾖｼﾀﾞ","https://image.rakuten.co.jp/livingut/cabinet/maker_sonic2/472969set.jpg",55
61e88934-f64f-443b-94ba-14dd1ee2f163,"ﾃｰﾌﾞﾙﾄﾚｰ(ｸﾘｱ）Dr","ﾖｼﾀﾞ","https://image.rakuten.co.jp/livingut/cabinet/maker_sonic2/472969set.jpg",55
cec8a27f-05ec-4fad-9e4d-1a367c311618,"てきおん君 ｶｰﾄﾘｯｼﾞ","ﾖｼﾀﾞ","https://auctions.c.yimg.jp/images.auctions.yahoo.co.jp/image/dr000/auc0502/users/d485521b6fff1e4470a8ac5c5925edea31b89bbf/i-img1200x1091-1707714520kf9nvf358270.jpg",53
a10d5a18-16b4-4e94-b8fc-2d61d7f18012,"ﾃﾞｭﾗﾗｲﾄCR充填器 26T","ﾖｼﾀﾞ","https://service.yoshida-dental.co.jp/s3images/ca/products/10654/images/10654_5801888711.jpg",61
199e7f3d-5981-47af-a882-8938de500b47,"ﾃﾞｭﾗﾗｲﾄCR充填器 26T","ﾖｼﾀﾞ","https://service.yoshida-dental.co.jp/s3images/ca/products/10654/images/10654_5801888704.jpg",61
cb016956-49c7-480e-b405-404705ce09d1,"ﾃﾞｭﾗﾗｲﾄCR充填器 L-RT","ﾖｼﾀﾞ","https://service.yoshida-dental.co.jp/s3images/ca/products/10654/images/10654_5801888711.jpg",61
ebaec45a-5d45-4c1d-b9b2-8f7a6bfd2f46,"ﾃﾞｭﾗﾗｲﾄCR充填器 L-RT","ﾖｼﾀﾞ","https://service.yoshida-dental.co.jp/s3images/ca/products/10654/images/10654_5801888711.jpg",61
1fc60951-123d-4b0a-b3e7-5c3b75519c21,"ﾃﾞﾝﾀﾙﾌﾗｯｼｭ4(6~10ｸﾗｲｱﾝﾄ)","ﾖｼﾀﾞ","https://service.yoshida-dental.co.jp/s3images/ca/series/10862/images/A_%E5%8F%8E%E9%8C%B2%E3%82%A2%E3%83%8B%E3%83%A1%E3%83%BC%E3%82%B7%E3%83%A7%E3%83%B3.jpg?w=1500&h=778&t=r&q=90",95
f2e31aca-d0e0-4787-8830-4915bba39bb8,"ﾃﾞﾝﾀﾙ用IPﾌﾟﾗｽ 2標準31X41 4ﾏｲ","ﾖｼﾀﾞ","https://service.yoshida-dental.co.jp/s3images/ca/series/11258/images/%E5%AF%B8%E6%B3%95%E5%9B%B3.jpg?w=1500&h=958&t=r&q=90",98
fa4e10e1-33d1-4c40-8718-ee41b27bac90,"ﾃﾞﾝﾀﾙ用IPﾌﾟﾗｽ 2標準31X41 4ﾏｲ","ﾖｼﾀﾞ","https://www.tokuyama-dental.co.jp/products/items/1d68f75def1cc7641b9763d598b0fe76.jpg",104
2316fa64-70c7-4b7d-a150-35b7df9b34f2,"ﾃﾞﾝﾄｸﾗﾌﾄREﾌｧｲﾙ ONE25mm02ﾃｰﾊﾟｰ#15","ﾖｼﾀﾞ","https://service.yoshida-dental.co.jp/s3images/ca/series/11022/images/RE.jpg?w=927&h=591&t=r&q=90",98
b271150d-2d86-4187-b44b-6447feba8b18,"ﾃﾞﾝﾄｸﾗﾌﾄREﾌｧｲﾙ ONE25mm02ﾃｰﾊﾟｰ#15","ﾖｼﾀﾞ","https://service.yoshida-dental.co.jp/s3images/ca/series/10976/images/%E3%83%87%E3%83%B3%E3%83%88%E3%82%AF%E3%83%A9%E3%83%95%E3%83%88GPX_%E3%82%A2%E3%82%BD%E3%83%BC%E3%83%88_.jpg",101
0e2141ad-6d66-4c6f-aa87-0710e9ce932d,"ﾃﾞﾝﾄｸﾗﾌﾄREﾌｧｲﾙ ONE25mm06ﾃｰﾊﾟｰ#35","ﾖｼﾀﾞ","https://service.yoshida-dental.co.jp/s3images/ca/series/10976/images/%E3%83%87%E3%83%B3%E3%83%88%E3%82%AF%E3%83%A9%E3%83%95%E3%83%88GPX_%E3%82%A2%E3%82%BD%E3%83%BC%E3%83%88_.jpg",101
758a404a-d119-4bd0-a5a9-eef24e016cf6,"ﾃﾞﾝﾄｸﾗﾌﾄREﾌｧｲﾙ ONE25mm06ﾃｰﾊﾟｰ#35","ﾖｼﾀﾞ","https://service.yoshida-dental.co.jp/s3images/ca/series/10976/images/%E3%83%87%E3%83%B3%E3%83%88%E3%82%AF%E3%83%A9%E3%83%95%E3%83%88GPX_%E3%82%A2%E3%82%BD%E3%83%BC%E3%83%88_.jpg",101
170cf42a-9aa6-4281-ab2c-73f68ec85cb0,"ﾃﾞﾝﾄｸﾗﾌﾄREﾌｧｲﾙ ONE25mm07ﾃｰﾊﾟｰ#25","ﾖｼﾀﾞ","https://service.yoshida-dental.co.jp/s3images/ca/series/10976/images/%E3%83%87%E3%83%B3%E3%83%88%E3%82%AF%E3%83%A9%E3%83%95%E3%83%88GPX_%E3%82%A2%E3%82%BD%E3%83%BC%E3%83%88_.jpg",101
4cf90cf8-0be5-4974-b13c-a4bd84ba198e,"ﾃﾞﾝﾄｸﾗﾌﾄREﾌｧｲﾙ ONE25mm07ﾃｰﾊﾟｰ#25","ﾖｼﾀﾞ","https://service.yoshida-dental.co.jp/s3images/ca/series/10976/images/%E3%83%87%E3%83%B3%E3%83%88%E3%82%AF%E3%83%A9%E3%83%95%E3%83%88GPX_%E3%82%A2%E3%82%BD%E3%83%BC%E3%83%88_.jpg",101
330450b2-bef4-4e3b-a6ea-eedcb16ea11c,"ﾃﾞﾝﾄｸﾗﾌﾄREﾌｧｲﾙ ONE25mmｱｿｰﾄ","ﾖｼﾀﾞ","https://service.yoshida-dental.co.jp/s3images/ca/series/10976/images/%E3%83%87%E3%83%B3%E3%83%88%E3%82%AF%E3%83%A9%E3%83%95%E3%83%88GPX_%E3%82%A2%E3%82%BD%E3%83%BC%E3%83%88_.jpg",101
73eea7b6-9740-4ac8-b5b9-c02a0763d1fb,"ﾃﾞﾝﾄｸﾗﾌﾄREﾌｧｲﾙ ONE25mmｱｿｰﾄ","ﾖｼﾀﾞ","https://service.yoshida-dental.co.jp/s3images/ca/series/10976/images/%E3%83%87%E3%83%B3%E3%83%88%E3%82%AF%E3%83%A9%E3%83%95%E3%83%88GPX_%E3%82%A2%E3%82%BD%E3%83%BC%E3%83%88_.jpg",101
2f7a2599-a53d-473c-af05-c106aabff69b,"ﾃﾞﾝﾄｸﾚｰﾌﾞ500M用 ｶｽﾄ","ﾖｼﾀﾞ","https://img.aucfree.com/g302297554.1.jpg",50
4f130034-a260-4168-8851-2ca1d7152f32,"ﾃﾞﾝﾄｸﾚｰﾌﾞ500M用 ｶｽﾄ","ﾖｼﾀﾞ","https://img.aucfree.com/g302297554.1.jpg",50
22df3644-03e9-4010-b778-e89386b01732,"ﾃﾞﾝﾄｸﾚｰﾌﾞ500M用 ｶｽﾄ取り出し棒","ﾖｼﾀﾞ","https://auctions.c.yimg.jp/images.auctions.yahoo.co.jp/image/dr000/auc0105/user/d8746a1ab95674fc76a5c20d3f532637f08f3e2b16c427bfe524be02edee8337/i-img900x1200-1747205823874358muwp87760.jpg",50
9e0893ac-80b5-44e1-8980-2eef4e894aaa,"ﾃﾞﾝﾄｸﾚｰﾌﾞ500M用 ｶｽﾄ取り出し棒","ﾖｼﾀﾞ","https://img.aucfree.com/g302297554.1.jpg",50
c1e836cf-be95-41bb-9bfc-f98098753dab,"ﾃﾞﾝﾄｸﾚｰﾌﾞ500M用 ﾎﾟﾘﾀﾝｸ5L ﾎｰｽ口付","ﾖｼﾀﾞ","https://static.mercdn.net/item/detail/orig/photos/m64881913546_1.jpg?1597730023",55
9f901809-782b-42e0-a044-c39d7c08cb97,"ﾃﾞﾝﾄｸﾚｰﾌﾞ500M用 ﾎﾟﾘﾀﾝｸ5L ﾎｰｽ口付","ﾖｼﾀﾞ","https://static.mercdn.net/item/detail/orig/photos/m64881913546_1.jpg?1597730023",55
a1adbb2b-d86a-44e8-b432-e1949b1c5dd8,"ﾃﾞﾝﾄｸﾚｰﾌﾞ500M用 排水ｷｬｯﾌﾟ #12W栓","ﾖｼﾀﾞ","https://stat.ameba.jp/user_images/20231009/15/bright-dc/84/94/j/o1000063515348666465.jpg",48
cbeee71f-66db-4397-b402-13988a3f700d,"ﾃﾞﾝﾄｸﾚｰﾌﾞ500M用 排水ｷｬｯﾌﾟ #12W栓","ﾖｼﾀﾞ","https://service.yoshida-dental.co.jp/s3images/ca/series/10513/images/%E3%83%87%E3%83%B3%E3%83%88%E3%82%AF%E3%83%AC%E3%83%BC%E3%83%96500M_.jpg",101
76909da6-bac0-467f-a995-fb796ea82661,"ﾃﾞﾝﾄﾅﾋﾞﾘﾓｰﾄﾎﾞｯｸｽ組(水色)","ﾖｼﾀﾞ","https://fordynet.fordy.jp/storage/products/20230307120639_3.jpg",55
9a66633d-8f65-45cd-9b1f-b3048705101e,"ﾃﾞﾝﾄﾅﾋﾞﾘﾓｰﾄﾎﾞｯｸｽ組(水色)","ﾖｼﾀﾞ","https://fordynet.fordy.jp/storage/products/20230307120639_3.jpg",55
5185c44d-5db2-4630-be3d-807e2ca9e3d9,"ﾄﾞｸﾀｰｽﾂｰﾙ ﾓｱNr L-8146","ﾖｼﾀﾞ","https://service.yoshida-dental.co.jp/s3images/ca/series/10816/images/MOA%20Nr%20.jpg",93
e3f37146-122d-418c-9464-7ff654b227b9,"ﾄﾞｸﾀｰｽﾂｰﾙ ﾓｱNr L-8146","ﾖｼﾀﾞ","https://service.yoshida-dental.co.jp/s3images/ca/series/10816/images/MOA%20Nr%20.jpg",93
71bf4073-84b6-4ea5-a374-3c42b34c0127,"ﾄﾞｸﾀｰ側ﾃｰﾌﾞﾙﾄﾚｰ","ﾖｼﾀﾞ","https://service.yoshida-dental.co.jp/s3images/ca/series/10932/images/Cs_P3_A4.jpg?w=1500&h=956&t=r&q=90",98
e908acb7-29b2-4aa1-bf7e-b94700c6d352,"ﾄﾞｸﾀｰ側ﾃｰﾌﾞﾙﾄﾚｰ","ﾖｼﾀﾞ","https://service.yoshida-dental.co.jp/s3images/ca/series/10932/images/Cs_P3_A4.jpg?w=1500&h=956&t=r&q=90",98
96bc54ec-c698-444b-b731-d325d9d7c31b,"ﾄﾛﾊﾟﾝﾌﾟﾗｽ3D用ﾊﾞｲﾄﾌﾞﾛｯｸｶﾊﾞｰ100ﾏｲ","ﾖｼﾀﾞ","https://d1wdpa3etmuwz6.cloudfront.net/media/catalog/product/cache/1/image/9df78eab33525d08d6e5fb8d27136e95/2/0/209122080001_001.png",55
b0cd39c0-9c58-441c-9ede-eae114665d02,"ﾄﾛﾊﾟﾝﾌﾟﾗｽ3D用ﾊﾞｲﾄﾌﾞﾛｯｸｶﾊﾞｰ100ﾏｲ","ﾖｼﾀﾞ","https://d1wdpa3etmuwz6.cloudfront.net/media/catalog/product/cache/1/image/9df78eab33525d08d6e5fb8d27136e95/2/0/209122080001_001.png",55
1dd35310-4b98-49da-9a70-fe24a4302f9b,"ﾄﾛﾌｨｰ ﾊﾟﾉﾗﾏ用ﾊﾞｲﾄﾌﾞﾛｯｸｶﾊﾞｰ150×3","ﾖｼﾀﾞ","https://d15ihgh2blymmz.cloudfront.net/uploads/item_image/4580532545508/4580532545508_1.jpg",55
c7205630-6b62-40ce-a5b8-dbd1165c1d72,"ﾄﾛﾌｨｰ ﾊﾟﾉﾗﾏ用ﾊﾞｲﾄﾌﾞﾛｯｸｶﾊﾞｰ150×3","ﾖｼﾀﾞ","https://d15ihgh2blymmz.cloudfront.net/uploads/item_image/4580532545508/4580532545508_1.jpg",55
7efa8685-beca-42b1-8e0e-e9fa24ed49c9,"ﾆｭｰｷﾞｬﾗｸｼｰ球","ﾖｼﾀﾞ","https://img.aucfree.com/w1100487099.1.jpg",55
babe3d05-c21f-49e3-a343-34194d7f362f,"ﾆｭｰｷﾞｬﾗｸｼｰ球","ﾖｼﾀﾞ","https://img.aucfree.com/w1100487099.1.jpg",55
45d01771-9e3e-4fd6-803c-515906a9258c,"ﾆｭｰﾄﾛﾝ ﾋﾞﾙﾄｲﾝ一式(光無)","ﾖｼﾀﾞ","https://service.yoshida-dental.co.jp/s3images/ca/series/10977/images/4B_%E3%83%8B%E3%83%A5%E3%83%BC%E3%83%88%E3%83%AD%E3%83%B3.jpg?w=1200&h=765&t=r&q=90",98
72554139-f1b2-44d0-a4e4-4eabf013e054,"ﾆｭｰﾄﾛﾝ ﾋﾞﾙﾄｲﾝ一式(光無)","ﾖｼﾀﾞ","https://service.yoshida-dental.co.jp/s3images/ca/series/10977/images/4B_%E3%83%8B%E3%83%A5%E3%83%BC%E3%83%88%E3%83%AD%E3%83%B3.jpg?w=1200&h=765&t=r&q=90",98
67680842-5c47-451c-9b42-294a0e5c88bc,"ﾆｭｰﾄﾛﾝ(光無し) 取付け部品","ﾖｼﾀﾞ","https://service.yoshida-dental.co.jp/s3images/ca/series/10977/images/%E3%83%8B%E3%83%A5%E3%83%BC%E3%83%88%E3%83%AD%E3%83%B3_.jpg?w=500&h=500&t=r&q=90",90
5711d0d9-5d19-4c4d-8634-4b988a8093e0,"ﾆｭｰﾄﾛﾝ(光無し) 取付け部品","ﾖｼﾀﾞ","https://service.yoshida-dental.co.jp/s3images/ca/series/10977/images/%E3%83%8B%E3%83%A5%E3%83%BC%E3%83%88%E3%83%AD%E3%83%B3_.jpg?w=500&h=500&t=r&q=90",90
2e5cc4dd-52a0-49b7-910e-808e546447d9,"ﾉﾊﾞS-Ⅲﾊﾞﾙﾌﾞﾀﾞｲﾔﾌﾗﾑ","ﾖｼﾀﾞ","https://image.www.ipros.com/public/product/image/26a/2000311746/IPROS60048400580520821833.png?w=280&h=280&x=2",55
7c0fda49-052a-4cce-8657-e9ee71ef16d9,"ﾉﾊﾞS-Ⅲﾊﾞﾙﾌﾞﾀﾞｲﾔﾌﾗﾑ","ﾖｼﾀﾞ","https://image.www.ipros.com/public/product/image/26a/2000311746/IPROS60048400580520821833.png?w=280&h=280&x=2",55
48b3ceb0-d6fc-406c-9dd1-cf5f4d60b75d,"ﾉﾊﾞｾﾘｵ ﾁｪｱｰﾛｯｸｽｲｯﾁ　655511","ﾖｼﾀﾞ","https://service.yoshida-dental.co.jp/s3images/ca/series/11212/images/A_%E3%83%81%E3%82%A7%E3%82%A2%E3%82%B7%E3%83%BC%E3%83%88%E3%82%AB%E3%83%A9%E3%83%BC.jpg?w=1500&h=960&t=r&q=90",98
24f8d806-9a97-4fc0-ae6b-1cb62ee4096a,"ﾉﾊﾞｾﾘｵ ﾁｪｱｰﾛｯｸｽｲｯﾁ　655511","ﾖｼﾀﾞ","https://service.yoshida-dental.co.jp/s3images/ca/series/11212/images/A_%E3%83%81%E3%82%A7%E3%82%A2%E3%82%B7%E3%83%BC%E3%83%88%E3%82%AB%E3%83%A9%E3%83%BC.jpg?w=1500&h=960&t=r&q=90",98
0ef0e382-a54f-4e9a-8f04-b5930a44f510,"ﾉﾊﾞｾﾘｵ ﾒﾓﾘｰｽｲｯﾁ　655529","ﾖｼﾀﾞ","https://service.yoshida-dental.co.jp/s3images/ca/series/11215/images/C_%E3%81%8D%E3%82%8C%E3%81%84_1.jpg?w=956&h=587&t=r&q=90",97
4eadc507-ff5f-45f5-8bd4-ec5894a3c9f0,"ﾉﾊﾞｾﾘｵ ﾒﾓﾘｰｽｲｯﾁ　655529","ﾖｼﾀﾞ","https://service.yoshida-dental.co.jp/s3images/ca/series/11212/images/B_%E5%8A%B9%E7%8E%87%E3%82%92%E9%87%8D%E8%A6%96%E3%81%AE%E6%B8%85%E6%8E%83%E6%80%A7_2.jpg?w=956&h=587&t=r&q=90",97
04199377-871e-4cf9-a8c0-0983c5f9af30,"ﾉﾊﾞｾﾘｵ 給水ﾌｨﾙﾀ　655632","ﾖｼﾀﾞ","https://service.yoshida-dental.co.jp/s3images/ca/series/11331/images/%E6%B6%88%E8%80%97%E5%93%81%E4%BA%A4%E6%8F%9B%E3%82%92%E3%81%8A%E7%9F%A5%E3%82%89%E3%81%9B.jpg?w=1200&h=1013&t=r&q=90",102
d8a8c8b4-f7e9-4890-a91a-ce07eab1f75f,"ﾉﾊﾞｾﾘｵ 給水ﾌｨﾙﾀ　655632","ﾖｼﾀﾞ","https://service.yoshida-dental.co.jp/s3images/ca/series/11331/images/%E6%B6%88%E8%80%97%E5%93%81%E4%BA%A4%E6%8F%9B%E3%82%92%E3%81%8A%E7%9F%A5%E3%82%89%E3%81%9B.jpg?w=1200&h=1013&t=r&q=90",102
f4175a38-8d64-4503-903a-6b77f55eee08,"ﾉﾊﾞｾﾘｵ 給水ﾌｨﾙﾀｰ　655632","ﾖｼﾀﾞ","https://service.yoshida-dental.co.jp/s3images/ca/series/11331/images/%E6%B6%88%E8%80%97%E5%93%81%E4%BA%A4%E6%8F%9B%E3%82%92%E3%81%8A%E7%9F%A5%E3%82%89%E3%81%9B.jpg?w=1200&h=1013&t=r&q=90",102
07893a0a-f885-4fec-8fb9-73479b361603,"ﾉﾊﾞｾﾘｵ 給水ﾌｨﾙﾀｰ　655632","ﾖｼﾀﾞ","https://service.yoshida-dental.co.jp/s3images/ca/series/11331/images/%E6%B6%88%E8%80%97%E5%93%81%E4%BA%A4%E6%8F%9B%E3%82%92%E3%81%8A%E7%9F%A5%E3%82%89%E3%81%9B.jpg?w=1200&h=1013&t=r&q=90",102
b8642107-dd40-48ef-a94b-7ffbae807b19,"ﾉﾊﾞｾﾘｵ2連信号電磁弁単体V114A5GX303","ﾖｼﾀﾞ","https://service.yoshida-dental.co.jp/s3images/ca/series/11215/images/B_%E3%83%8B%E3%83%A5%E3%83%BC%E3%83%88%E3%83%AD%E3%83%B3.jpg?w=956&h=587&t=r&q=90",97
0881f2e8-89b3-418f-9370-79d6223dc28d,"ﾉﾊﾞｾﾘｵ2連信号電磁弁単体V114A5GX303","ﾖｼﾀﾞ","https://service.yoshida-dental.co.jp/s3images/ca/series/11212/images/B_%E5%8A%B9%E7%8E%87%E3%82%92%E9%87%8D%E8%A6%96%E3%81%AE%E6%B8%85%E6%8E%83%E6%80%A7_2.jpg?w=956&h=587&t=r&q=90",97
d2eafd06-5ec3-40a7-85e2-0ab27f59832e,"ﾉﾊﾞｾﾘｵαｶﾝﾀｰ1型(ﾍﾞｰｽﾏｳﾝﾄ)","ﾖｼﾀﾞ","https://service.yoshida-dental.co.jp/s3images/ca/series/11212/images/B_%E5%8A%B9%E7%8E%87%E3%82%92%E9%87%8D%E8%A6%96%E3%81%AE%E6%B8%85%E6%8E%83%E6%80%A7_1.jpg?w=956&h=587&t=r&q=90",97
a67d1e7a-a42f-4a71-8716-85bb36ce1ce1,"ﾉﾊﾞｾﾘｵαｶﾝﾀｰ1型(ﾍﾞｰｽﾏｳﾝﾄ)","ﾖｼﾀﾞ","https://service.yoshida-dental.co.jp/s3images/ca/series/11212/images/B_%E5%8A%B9%E7%8E%87%E3%82%92%E9%87%8D%E8%A6%96%E3%81%AE%E6%B8%85%E6%8E%83%E6%80%A7_1.jpg?w=956&h=587&t=r&q=90",97
d6538f8d-430e-4bfd-8c01-1414a98778ea,"ﾉﾊﾞｾﾘｵαｶﾝﾀｰ2型(ｵｰﾊﾞｰｱｰﾑ)","ﾖｼﾀﾞ","https://service.yoshida-dental.co.jp/s3images/ca/series/11212/images/_%E3%82%B1%E3%82%A2%E3%83%99%E3%83%AB%E3%83%88.jpg?w=1200&h=656&t=r&q=90",96
2d6e510b-5eee-43c6-9c47-de211c3cbed0,"ﾉﾊﾞｾﾘｵαｶﾝﾀｰ2型(ｵｰﾊﾞｰｱｰﾑ)","ﾖｼﾀﾞ","https://service.yoshida-dental.co.jp/s3images/ca/series/11212/images/_%E3%82%B1%E3%82%A2%E3%83%99%E3%83%AB%E3%83%88.jpg?w=1200&h=656&t=r&q=90",96
99049d1e-f7ce-4580-aa30-08945eaa832f,"ﾉﾊﾞｾﾘｵｶﾝﾀｰ ﾌｯｶﾌｶ用ｽﾃｯﾌﾟｶﾊﾞｰ","ﾖｼﾀﾞ","https://service.yoshida-dental.co.jp/s3images/ca/series/11212/images/B_%E5%8A%B9%E7%8E%87%E3%82%92%E9%87%8D%E8%A6%96%E3%81%AE%E6%B8%85%E6%8E%83%E6%80%A7_1.jpg?w=956&h=587&t=r&q=90",97
920e243d-f97c-43cd-b4e0-62a24aefafa7,"ﾉﾊﾞｾﾘｵｶﾝﾀｰ ﾌｯｶﾌｶ用ｽﾃｯﾌﾟｶﾊﾞｰ","ﾖｼﾀﾞ","https://service.yoshida-dental.co.jp/s3images/ca/series/11212/images/B_%E5%8A%B9%E7%8E%87%E3%82%92%E9%87%8D%E8%A6%96%E3%81%AE%E6%B8%85%E6%8E%83%E6%80%A7_1.jpg?w=956&h=587&t=r&q=90",97
5f0d51c0-2db9-418d-b892-b9b885d8916f,"ﾉﾊﾞｾﾘｵﾌﾟﾗｽﾃｰﾌﾞﾙ上ｶﾊﾞｰ(VFD有))","ﾖｼﾀﾞ","https://service.yoshida-dental.co.jp/s3images/ca/series/11331/images/%E3%83%86%E3%83%BC%E3%83%96%E3%83%AB%E4%BF%9D%E8%AD%B7%E3%82%AB%E3%83%90%E3%83%BC.jpg?w=1200&h=1013&t=r&q=90",102
03ffed99-bbc2-4bf7-9df9-72d29aa8534c,"ﾉﾊﾞｾﾘｵﾌﾟﾗｽﾃｰﾌﾞﾙ上ｶﾊﾞｰ(VFD有))","ﾖｼﾀﾞ","https://service.yoshida-dental.co.jp/s3images/ca/series/11331/images/%E3%83%86%E3%83%BC%E3%83%96%E3%83%AB%E4%BF%9D%E8%AD%B7%E3%82%AB%E3%83%90%E3%83%BC.jpg?w=1200&h=1013&t=r&q=90",102
33bfb358-fbe3-4f55-8335-4aa8a19a7e99,"ﾊﾞｲｵ ｼｰ ｼｰﾗｰ 0.5gX4本","ﾖｼﾀﾞ","https://service.yoshida-dental.co.jp/s3images/ca/campaigns/65/images/%E3%83%90%E3%82%A4%E3%82%AA%E3%82%B7%E3%83%BC%E3%83%88%E3%83%A9%E3%82%A4%E3%82%A2%E3%83%AB.png",99
ad69c28a-0578-4839-98e1-abb5409a43e9,"ﾊﾞｲｵ ｼｰ ｼｰﾗｰ 0.5gX4本","ﾖｼﾀﾞ","https://service.yoshida-dental.co.jp/s3images/ca/campaigns/65/images/%E3%83%90%E3%82%A4%E3%82%AA%E3%82%B7%E3%83%BC%E3%83%88%E3%83%A9%E3%82%A4%E3%82%A2%E3%83%AB.png",99
185177c2-3395-4da7-85bd-97ed986ad505,"ﾊﾞｲｵ ｼｰ ﾘﾍﾟｱ 0.15gX5本","ﾖｼﾀﾞ","https://service.yoshida-dental.co.jp/s3images/ca/campaigns/88/images/BIOC_CP.jpg",99
9c4f62dd-2cf6-4a49-80a8-3b1d2095a910,"ﾊﾞｲｵ ｼｰ ﾘﾍﾟｱ 0.15gX5本","ﾖｼﾀﾞ","https://service.yoshida-dental.co.jp/s3images/ca/campaigns/88/images/BIOC_CP.jpg",99
27aa373a-54a5-4eb0-ad06-9459f6aeed04,"ﾊﾞｲｵｸﾘｰﾝ 1000mL","ﾖｼﾀﾞ","https://maiplemedical.com/cdn/shop/files/20240328_091002_0004_580x.png?v=1711585561",55
4e03de29-2c42-4f85-9fb4-585b9ff0e9df,"ﾊﾞｲｵｸﾘｰﾝ 1000mL","ﾖｼﾀﾞ","https://maiplemedical.com/cdn/shop/files/20240328_091002_0004_580x.png?v=1711585561",55
143817b8-0fde-4e6f-8b0c-29f93f034ed3,"ﾊﾞｷｭｰﾑｱﾀﾞﾌﾟﾀｰ(φ11-φ9変換)","ﾖｼﾀﾞ","https://d15ihgh2blymmz.cloudfront.net/uploads/item_image/4589898172069/4589898172069_1.jpg",55
f2ee1a49-f9ed-40b1-b273-ae187ac9413c,"ﾊﾞｷｭｰﾑｱﾀﾞﾌﾟﾀｰ(φ11-φ9変換)","ﾖｼﾀﾞ","https://d15ihgh2blymmz.cloudfront.net/uploads/item_image/4589898172069/4589898172069_1.jpg",55
f87e4c91-e85e-4173-8caa-71097c4d4dcf,"ﾊﾞｷｭｰﾑﾁｯﾌﾟ 金属 曲 90°","ﾖｼﾀﾞ","https://service.yoshida-dental.co.jp/s3images/ca/products/1331/images/551345_.jpg",89
45ade629-d38d-4ae5-86c7-5156e055a6c1,"ﾊﾞｷｭｰﾑﾁｯﾌﾟ 金属 曲 90°","ﾖｼﾀﾞ","https://service.yoshida-dental.co.jp/s3images/ca/products/1331/images/551345_.jpg",89
6a880c26-82e8-4ee1-a079-2f9a165d3926,"ﾊﾞｷｭｰﾑﾁｯﾌﾟ 金属 曲60ﾟ 5本入","ﾖｼﾀﾞ","https://service.yoshida-dental.co.jp/s3images/ca/products/1330/images/551007_.jpg",89
688ab0ee-d9b9-4825-a378-eb2e28a9298e,"ﾊﾞｷｭｰﾑﾁｯﾌﾟ 金属 曲60ﾟ 5本入","ﾖｼﾀﾞ","https://service.yoshida-dental.co.jp/s3images/ca/products/1330/images/551007_.jpg",89
c12ed526-0435-4094-81c1-b28132b026b3,"ﾊﾞｷｭｰﾑﾁｯﾌﾟ 金属 直　φ11","ﾖｼﾀﾞ","https://service.yoshida-dental.co.jp/s3images/ca/products/1332/images/551039_.jpg",89
ceccebc0-f1dc-4f80-88e9-288e6769a104,"ﾊﾞｷｭｰﾑﾁｯﾌﾟ 金属 直　φ11","ﾖｼﾀﾞ","https://service.yoshida-dental.co.jp/s3images/ca/products/1332/images/551039_.jpg",89
51bfd283-8a85-4f27-b137-c6f60c5bc59c,"ﾊﾞｷｭｰﾑﾁｯﾌﾟ3本入 金属外科用","ﾖｼﾀﾞ","https://service.yoshida-dental.co.jp/s3images/ca/series/10328/images/551053_.jpg",89
8e4483fe-59c2-4ec8-89db-81339045165f,"ﾊﾞｷｭｰﾑﾁｯﾌﾟ3本入 金属外科用","ﾖｼﾀﾞ","https://service.yoshida-dental.co.jp/s3images/ca/series/10328/images/551053_.jpg",89
c937b713-2369-4fc5-a780-a6e6f2a2ab95,"ﾊﾞﾘｵｽ ﾋﾞﾙﾄｲﾝ一式LED","ﾖｼﾀﾞ","https://img.archiexpo.com/ja/images_ae/photo-g/84860-18412062.jpg",55
7d4c943c-2b13-47f5-9ef7-80469ab91ebc,"ﾋﾟｴｿﾞSⅡ用 ﾁｯﾌﾟ PE1　単品","ﾖｼﾀﾞ","https://service.yoshida-dental.co.jp/s3images/ca/series/10801/images/%E3%83%94%E3%82%A8%E3%82%BESII_.jpg",67
88407423-25f9-486b-b0cd-bf772a40e37b,"ﾋﾟｴｿﾞSⅡ用 ﾁｯﾌﾟ PE1　単品","ﾖｼﾀﾞ","https://service.yoshida-dental.co.jp/s3images/ca/series/10801/images/%E3%83%94%E3%82%A8%E3%82%BESII_.jpg",67
9476256f-516a-4a60-b3a7-61f5a3fef805,"ﾋﾟｴｿﾞSⅡ用 ﾁｯﾌﾟ PE2　単品","ﾖｼﾀﾞ","https://service.yoshida-dental.co.jp/s3images/ca/series/10801/images/%E3%83%94%E3%82%A8%E3%82%BESII_.jpg",67
006baa80-2fe4-49f2-b9c1-bdf5778d3f9d,"ﾋﾟｴｿﾞSⅡ用 ﾁｯﾌﾟ PE2　単品","ﾖｼﾀﾞ","https://service.yoshida-dental.co.jp/s3images/ca/series/10801/images/%E3%83%94%E3%82%A8%E3%82%BESII_.jpg",67
30ad5971-12ad-4183-9b9a-792b677299c5,"ﾋﾟｴｿﾞSⅡ用ﾁｯﾌﾟﾄﾙｸﾚﾝﾁ単品","ﾖｼﾀﾞ","https://service.yoshida-dental.co.jp/s3images/ca/series/10801/images/%E3%83%94%E3%82%A8%E3%82%BESII_.jpg",67
24b3475a-abd4-48a0-919e-8310c46e3814,"ﾋﾟｴｿﾞSⅡ用ﾁｯﾌﾟﾄﾙｸﾚﾝﾁ単品","ﾖｼﾀﾞ","https://service.yoshida-dental.co.jp/s3images/ca/series/10801/images/%E3%83%94%E3%82%A8%E3%82%BESII_.jpg",67
94bd44d5-5dbf-4962-9300-8ced8f02bbfa,"ﾋﾞｽﾀIP保護ｶﾊﾞｰﾌﾟﾗｽ ｻｲｽﾞ0 小児100","ﾖｼﾀﾞ","https://service.yoshida-dental.co.jp/s3images/ca/series/11212/images/B_%E5%8A%B9%E7%8E%87%E3%82%92%E9%87%8D%E8%A6%96%E3%81%AE%E6%B8%85%E6%8E%83%E6%80%A7_2.jpg?w=956&h=587&t=r&q=90",97
81573ac9-a669-49af-9fc4-0b64f4a9e740,"ﾋﾞｽﾀIP保護ｶﾊﾞｰﾌﾟﾗｽ ｻｲｽﾞ0 小児100","ﾖｼﾀﾞ","https://service.yoshida-dental.co.jp/s3images/ca/series/11212/images/B_%E5%8A%B9%E7%8E%87%E3%82%92%E9%87%8D%E8%A6%96%E3%81%AE%E6%B8%85%E6%8E%83%E6%80%A7_2.jpg?w=956&h=587&t=r&q=90",97
84bc9c58-ba5e-41c4-ac85-2c380de69c72,"ﾋﾞｽﾀIP保護ｶﾊﾞｰﾌﾟﾗｽ ｻｲｽﾞ2 標準1000","ﾖｼﾀﾞ","https://auctions.afimg.jp/w473061909/ya/image/w473061909.3.jpg",53
f2cf94af-faff-4c60-ad23-b4a2566b5013,"ﾋﾞｽﾀIP保護ｶﾊﾞｰﾌﾟﾗｽ ｻｲｽﾞ2 標準1000","ﾖｼﾀﾞ","https://auctions.afimg.jp/w473061909/ya/image/w473061909.3.jpg",53
0b976bf5-d5ba-4fe6-bd4e-5f0b10f3c503,"ﾋﾞｽﾀIP保護ｶﾊﾞｰﾌﾟﾗｽ ｻｲｽﾞ2 標準300","ﾖｼﾀﾞ","https://img.aucfree.com/j558181938.1.jpg",50
1adc3c21-4345-4523-a014-cd2d9173dbc6,"ﾋﾞｽﾀIP保護ｶﾊﾞｰﾌﾟﾗｽ ｻｲｽﾞ2 標準300","ﾖｼﾀﾞ","https://auctions.afimg.jp/w473061909/ya/image/w473061909.3.jpg",53
317793d2-30b0-4b00-8f12-63e8116f950e,"ﾋﾞｽﾀﾃﾞﾝﾀﾙ用IPﾌﾟﾗｽ ｻｲｽﾞ0 2枚(裏銅","ﾖｼﾀﾞ","https://service.yoshida-dental.co.jp/s3images/ca/series/11025/images/OP_%E3%82%AB%E3%83%A9%E3%83%BC.jpg?w=1200&h=765&t=r&q=90",98
714dfbc4-6ef8-47e3-81c4-fbd88dc9a538,"ﾋﾞｽﾀﾃﾞﾝﾀﾙ用IPﾌﾟﾗｽ ｻｲｽﾞ0 2枚(裏銅","ﾖｼﾀﾞ","https://service.yoshida-dental.co.jp/s3images/ca/series/11156/images/vistascan_ultra_view%20.jpg",90
deb1253c-1574-4214-b0d8-a2fd5d86d872,"ﾋﾞｽﾀﾃﾞﾝﾀﾙ用IPﾌﾟﾗｽ ｻｲｽﾞ2 4枚(裏銅","ﾖｼﾀﾞ","https://img.aucfree.com/j558181938.1.jpg",50
aeefb552-5954-44c5-83ad-6c18f56bf116,"ﾌﾟﾁﾋﾟｴｿﾞⅡﾎｰｽ(ｾﾘｵ･DF)L=1500","ﾖｼﾀﾞ","https://service.yoshida-dental.co.jp/s3images/ca/series/10794/images/Cs_P6_B1_.jpg?w=1200&h=470&t=r&q=90",83
83306495-a32b-4583-b883-d3e375916011,"ﾌﾟﾁﾋﾟｴｿﾞⅡﾎｰｽ(ｾﾘｵ･DF)L=1500","ﾖｼﾀﾞ","https://service.yoshida-dental.co.jp/s3images/ca/series/10794/images/Cs_P6_B1_.jpg?w=1200&h=470&t=r&q=90",83
c88bafca-6952-4da9-bad2-f052f0f16046,"ﾌﾟﾁﾋﾟｴｿﾞⅡ一式 光無し","ﾖｼﾀﾞ","https://service.yoshida-dental.co.jp/s3images/ca/series/10794/images/Cs_P6_B1_.jpg?w=1200&h=470&t=r&q=90",83
17501ddf-b3c6-4217-8190-dc65f8b33cfb,"ﾌﾟﾁﾋﾟｴｿﾞⅡ一式 光無し","ﾖｼﾀﾞ","https://service.yoshida-dental.co.jp/s3images/ca/series/10794/images/Cs_P6_B1_.jpg?w=1200&h=470&t=r&q=90",83
5b8f94cb-7011-4048-a209-02ac93783534,"ﾌﾟﾁﾋﾟｴｿﾞⅡ光無しﾊﾝﾄﾞﾋﾟｰｽ","ﾖｼﾀﾞ","https://service.yoshida-dental.co.jp/s3images/ca/series/10794/images/Cs_P6_B1_.jpg?w=1200&h=470&t=r&q=90",83
382d18fc-786b-4e3e-be3d-06de746a9136,"ﾌﾟﾁﾋﾟｴｿﾞⅡ光無しﾊﾝﾄﾞﾋﾟｰｽ","ﾖｼﾀﾞ","https://service.yoshida-dental.co.jp/s3images/ca/series/10794/images/Cs_P6_B1_.jpg?w=1200&h=470&t=r&q=90",83
d7dfadfb-9888-4d14-85ad-72d67c88302a,"ﾌﾟﾁﾋﾟｴｿﾞ用ﾄﾙｸﾚﾝﾁ単品","ﾖｼﾀﾞ","https://m.media-amazon.com/images/I/61NSCvkbeWL.jpg",75
65fc071f-e81e-49a3-852d-299239af518a,"ﾌﾟﾁﾋﾟｴｿﾞ用ﾄﾙｸﾚﾝﾁ単品","ﾖｼﾀﾞ","https://m.media-amazon.com/images/I/61NSCvkbeWL.jpg",75
483c3551-5175-46f4-bed7-289499d312bd,"ﾌﾟﾁﾋﾟｴｿﾞ用ﾊﾝﾄﾞﾋﾟｰｽ","ﾖｼﾀﾞ","",0
4d8a767c-5927-4dce-8627-8896cf2910f7,"ﾌﾟﾁﾋﾟｴｿﾞ用ﾊﾝﾄﾞﾋﾟｰｽ","ﾖｼﾀﾞ","https://static.mercdn.net/item/detail/orig/photos/m96045946324_1.jpg?1722777982",50
fde16b43-d36d-4f4a-b297-6531383c9da4,"ﾌﾚｯｼｭｸﾚｰﾌﾞG-Y120","ﾖｼﾀﾞ","https://auctions.c.yimg.jp/images.auctions.yahoo.co.jp/image/dr000/auc0109/user/d8746a1ab95674fc76a5c20d3f532637f08f3e2b16c427bfe524be02edee8337/i-img1200x1154-17581024981027jj7cs51243.jpg",54
01cb5475-50c1-4adc-8b94-11bb4066d29d,"ﾌﾚｯｼｭｸﾚｰﾌﾞG-Y120","ﾖｼﾀﾞ","https://auctions.c.yimg.jp/images.auctions.yahoo.co.jp/image/dr000/auc0109/user/d8746a1ab95674fc76a5c20d3f532637f08f3e2b16c427bfe524be02edee8337/i-img1200x1154-17581024981027jj7cs51243.jpg",54
7eef65ca-198a-47e8-ab42-62c84b0b945b,"ﾌﾚｯｼｭｹｱ+","ﾖｼﾀﾞ","https://d15ihgh2blymmz.cloudfront.net/uploads/item_image/4547497391724/4547497391724_1.jpg",55
404afc2f-23c4-4386-b52f-b8519997becf,"ﾌﾚｯｼｭｹｱ+","ﾖｼﾀﾞ","https://d15ihgh2blymmz.cloudfront.net/uploads/item_image/4547497391724/4547497391724_1.jpg",55
b16722d2-9c2a-4709-8135-bf9eda58bdae,"ﾌﾟﾛﾌｨ-ｶｯﾌﾟ#104","ﾖｼﾀﾞ","https://shop.pdr.co.jp/g_images/series-1516/series-1516_01.jpg",80
0d85a55a-c065-4338-ba3f-f1815e2fdf38,"ﾌﾟﾛﾌｨ-ｶｯﾌﾟ#104","ﾖｼﾀﾞ","https://shop.pdr.co.jp/g_images/series-1516/series-1516_01.jpg",80
cbc20b12-732f-4587-aa1e-49373ef1984d,"ﾍﾞｽﾄｻ-ｼﾞ ﾊﾝﾄﾞﾋﾟｰｽｷｬｯﾌﾟ　887545","ﾖｼﾀﾞ","https://service.yoshida-dental.co.jp/s3images/ca/series/10873/images/%E3%82%AD%E3%83%A5%E3%82%A2%E3%82%AA%E3%83%BC%E3%83%AB_%E3%83%A1%E3%82%A4%E3%83%B3.jpg",98
49de9b12-fc49-4f7f-a51c-dd58e063a19d,"ﾍﾞｽﾄｻｰｼﾞ","ﾖｼﾀﾞ","https://service.yoshida-dental.co.jp/s3images/ca/series/10766/images/%E3%83%99%E3%82%B9%E3%83%88%E3%82%B5%E3%83%BC%E3%82%B8_.jpg",100
36e1f4fb-29be-4a7d-90ce-a141b50ba7b5,"ﾍﾞｽﾄｻｰｼﾞ","ﾖｼﾀﾞ","https://service.yoshida-dental.co.jp/s3images/ca/series/10766/images/%E3%83%99%E3%82%B9%E3%83%88%E3%82%B5%E3%83%BC%E3%82%B8_.jpg",100
1b5aed4e-2281-4b8f-a616-2e01244481d7,"ﾍﾑｺﾝ ﾃﾞﾝﾀﾙ ﾄﾞﾚｯｼﾝｸﾞ 10mm×12mm×5","ﾖｼﾀﾞ","https://service.yoshida-dental.co.jp/s3images/ca/products/3159/images/%E3%83%98%E3%83%A0%E3%82%B3%E3%83%B3_10_.jpg",101
925930b9-43d3-4696-a7f9-dd5dba5ffa28,"ﾍﾑｺﾝ ﾃﾞﾝﾀﾙ ﾄﾞﾚｯｼﾝｸﾞ 10mm×12mm×5","ﾖｼﾀﾞ","https://service.yoshida-dental.co.jp/s3images/ca/products/3159/images/%E3%83%98%E3%83%A0%E3%82%B3%E3%83%B3_10_.jpg",101
bb92ca3e-f838-42d9-944e-20fbfad7cb98,"ﾏｲｸﾛｽｺｰﾌﾟ ﾌﾟﾚｼｼﾞｮﾝSM620 ﾌﾛｱｽﾀﾝﾄﾞ型","ﾖｼﾀﾞ","http://fordynet.fordy.jp/storage/products/product3444-20240124085824sub_image2.jpg",55
9d949edb-dcf0-44d2-a37b-212be6014b4a,"ﾏｲｸﾛｽｺｰﾌﾟ ﾌﾟﾚｼｼﾞｮﾝSM620 ﾕﾆｯﾄﾏｳﾝﾄ型(ﾛﾝｸﾞｱｰﾑ)","ﾖｼﾀﾞ","https://service.yoshida-dental.co.jp/s3images/ca/series/11338/images/%E3%83%97%E3%83%AC%E3%82%B7%E3%82%B8%E3%83%A7%E3%83%B3%20SM622S.jpg",90
b9de38d7-7807-43e8-8292-925d5be956ff,"ﾏｲｸﾛｽｺｰﾌﾟ ﾌﾟﾚｼｼﾞｮﾝSM620 ﾕﾆｯﾄﾏｳﾝﾄ型(ﾛﾝｸﾞｱｰﾑ)","ﾖｼﾀﾞ","https://service.yoshida-dental.co.jp/s3images/ca/series/11338/images/%E3%83%97%E3%83%AC%E3%82%B7%E3%82%B8%E3%83%A7%E3%83%B3%20SM622S.jpg",90
d8204405-0edb-4db6-8921-19388d06bfa1,"ﾏｲｸﾛﾓｰﾀｰ 40DSα","ﾖｼﾀﾞ","https://auctions.c.yimg.jp/images.auctions.yahoo.co.jp/image/dr000/auc0110/user/36bded14213dd9b1ec7640b8111adb9358875c15e6d69525b03add1f4323aa0e/i-img1200x900-17599449298855vxurmj61866.jpg",50
cecda904-d6e3-4bf0-b6df-275893f2940e,"ﾏｲｸﾛﾓｰﾀｰ 40DSα","ﾖｼﾀﾞ","https://auctions.c.yimg.jp/images.auctions.yahoo.co.jp/image/dr000/auc0110/user/36bded14213dd9b1ec7640b8111adb9358875c15e6d69525b03add1f4323aa0e/i-img1200x900-17599449298855vxurmj61866.jpg",50
4c7f11a0-622b-4c77-91d4-f6d027ef6cff,"ﾏｲｸﾛﾓｰﾀｰ40IS-LUX","ﾖｼﾀﾞ","https://service.yoshida-dental.co.jp/s3images/ca/series/11173/images/endo_1.png?w=1132&h=700&t=r&q=90",97
df7b4371-a257-4d34-a505-4eea5fa02038,"ﾏｲｸﾛﾓｰﾀｰ40IS-LUX","ﾖｼﾀﾞ","https://service.yoshida-dental.co.jp/s3images/ca/series/11173/images/endo_1.png?w=1132&h=700&t=r&q=90",97
ba506716-df68-41f0-b3b5-5501ddeaea91,"ﾏｲｸﾛﾓｰﾀｰｶｰﾎﾞﾝ 40C用","ﾖｼﾀﾞ","https://auctions.c.yimg.jp/images.auctions.yahoo.co.jp/image/dr000/auc0102/user/7706a0707174b0063740737bea3da817895e47b5d46072c580711fe4c225063c/i-img1200x900-17404744114498c91oyj2659.jpg",50
086493c0-d5f0-4607-92fe-38dc62ae03ea,"ﾏｲｸﾛﾓｰﾀｰｶｰﾎﾞﾝ 40C用","ﾖｼﾀﾞ","https://auctions.c.yimg.jp/images.auctions.yahoo.co.jp/image/dr000/auc0102/user/7706a0707174b0063740737bea3da817895e47b5d46072c580711fe4c225063c/i-img1200x900-17404744114498c91oyj2659.jpg",50
0bfd58f6-b40b-4751-96c8-b739b12a2c33,"ﾓｱNr L-8146","ﾖｼﾀﾞ","https://service.yoshida-dental.co.jp/s3images/ca/series/10816/images/%E5%BA%A7%E9%9D%A2%E3%81%AE%E7%AA%AA%E3%81%BF.jpg?w=1148&h=587&t=r&q=90",95
c3a9ddec-da50-4cd4-abc2-4e38c172f91c,"ﾓｱNr L-8146","ﾖｼﾀﾞ","https://service.yoshida-dental.co.jp/s3images/ca/series/10816/images/%E5%BA%A7%E9%9D%A2%E3%81%AE%E7%AA%AA%E3%81%BF.jpg?w=1148&h=587&t=r&q=90",95
853e8079-afec-42b6-8df2-419c50ef603c,"ﾓｱNr L-8147 ｼｮｺﾗﾌﾞﾗｳﾝ","ﾖｼﾀﾞ","https://auctions.c.yimg.jp/images.auctions.yahoo.co.jp/image/dr000/auc0506/users/f5d9e85e56fb55887458a390516e7356995f42b8/i-img1200x1200-1718944372ucqmn138375.jpg",55
cd2d193b-0352-492a-a60d-d43460ff8fa1,"ﾓﾃﾞﾙﾄﾘｰﾏｰ Y-230N","ﾖｼﾀﾞ","https://auctions.c.yimg.jp/images.auctions.yahoo.co.jp/image/dr000/auc0510/user/e2e345b7abd68fd56d3e2cfaacd580ec9231c1d925d7064cf8eb9862f19264fc/i-img1200x1200-17283711045946mn2yzw178186.jpg",55
430af36b-a5be-463e-922d-ee3da5f6898d,"ﾓﾃﾞﾙﾄﾘｰﾏｰ Y-230N","ﾖｼﾀﾞ","https://service.yoshida-dental.co.jp/s3images/ca/series/10332/images/%E3%83%A2%E3%83%87%E3%83%AB%E3%83%88%E3%83%AA%E3%83%BC%E3%83%9E%E3%83%BCY230_.jpg?w=500&h=500&t=r&q=90",90
d0d89807-e1df-4922-ad38-2175b2829989,"ﾓﾃﾞﾙﾄﾘｰﾏｰ ﾃﾞｨｽｸ Y-230","ﾖｼﾀﾞ","https://service.yoshida-dental.co.jp/s3images/ca/series/10332/images/%E3%83%A2%E3%83%87%E3%83%AB%E3%83%88%E3%83%AA%E3%83%BC%E3%83%9E%E3%83%BCY230_.jpg?w=500&h=500&t=r&q=90",90
34d49810-aa29-4bdb-bb0e-fd3dfe27e072,"ﾓﾃﾞﾙﾄﾘｰﾏｰ ﾃﾞｨｽｸ Y-230","ﾖｼﾀﾞ","https://service.yoshida-dental.co.jp/s3images/ca/series/10332/images/%E3%83%A2%E3%83%87%E3%83%AB%E3%83%88%E3%83%AA%E3%83%BC%E3%83%9E%E3%83%BCY230_.jpg?w=500&h=500&t=r&q=90",90
762bfe99-df1c-4f90-a64f-f2913321eb04,"ﾕﾆﾎﾟｱ交換用","ﾖｼﾀﾞ","https://saikyou-ds.com/wp-content/uploads/2021/12/%E3%83%A6%E3%83%8B%E3%83%9D%E3%82%A2_t.jpg",55
9d59643f-5a46-4349-b32e-f350cf086236,"ﾕﾆﾎﾟｱ交換用","ﾖｼﾀﾞ","https://saikyou-ds.com/wp-content/uploads/2021/12/%E3%83%A6%E3%83%8B%E3%83%9D%E3%82%A2_t.jpg",55
9d8c44c7-f6b9-4990-a345-28aa6fda256c,"ﾕﾘｰ","ﾖｼﾀﾞ","https://fordynet.fordy.jp/storage/products/20230202140116_3.jpg",55
f4f54739-713f-4fdb-a7bb-7421dc308b72,"ﾕﾘｰ","ﾖｼﾀﾞ","https://fordynet.fordy.jp/storage/products/20230202140116_3.jpg",55
782479c0-86e2-4741-a8b4-ad1d954f1f75,"ﾕﾘｰ Fﾌﾞﾗｼ 大(5個入)","ﾖｼﾀﾞ","https://www.yoshida-dental.co.jp/wp-content/uploads/2017/05/4593e023120252a057e3771152a30fd81.png",82
68ac6bf8-eea4-4c59-a4f0-a31eb31f8e25,"ﾕﾘｰ Fﾌﾞﾗｼ 大(5個入)","ﾖｼﾀﾞ","https://www.yoshida-dental.co.jp/wp-content/uploads/2017/05/4593e023120252a057e3771152a30fd81.png",82
10dc5a54-dd5b-42b2-ae08-91aaf9a932f7,"ﾕﾘｰ Fﾌﾞﾗｼ 小(5個入)","ﾖｼﾀﾞ","https://www.yoshida-dental.co.jp/wp-content/uploads/2017/05/4593e023120252a057e3771152a30fd81.png",82
5ea9ffe1-2a7a-44bd-b054-8660139f0aae,"ﾕﾘｰ Fﾌﾞﾗｼ 小(5個入)","ﾖｼﾀﾞ","https://fordynet.fordy.jp/storage/products/20230202140116_3.jpg",55
336e9c13-387f-49a8-97fb-993578a1447b,"ﾕﾘｰ Mﾌﾞﾗｼ 大(5個入)","ﾖｼﾀﾞ","https://fordynet.fordy.jp/storage/products/20230202140116_3.jpg",55
d48d89c6-4404-47a8-b97f-b187a6116560,"ﾕﾘｰ Mﾌﾞﾗｼ 大(5個入)","ﾖｼﾀﾞ","https://service.yoshida-dental.co.jp/s3images/ca/series/11287/images/%E3%83%A6%E3%83%AA%E3%83%BC%E3%81%AE%E3%82%B3%E3%83%94%E3%83%BC.jpg?w=956&h=587&t=r&q=90",97
8aaa8cd5-17e5-452f-9653-cf504a2dd7da,"ﾕﾘｰ Mﾌﾞﾗｼ 小(5個入)","ﾖｼﾀﾞ","https://service.yoshida-dental.co.jp/s3images/ca/series/11287/images/%E3%83%A6%E3%83%AA%E3%83%BC%E3%81%AE%E3%82%B3%E3%83%94%E3%83%BC.jpg?w=956&h=587&t=r&q=90",97
3f3c4711-446d-494d-a492-d05f3209bd68,"ﾕﾘｰ Mﾌﾞﾗｼ 小(5個入)","ﾖｼﾀﾞ","https://service.yoshida-dental.co.jp/s3images/ca/series/11287/images/%E3%83%A6%E3%83%AA%E3%83%BC%E3%81%AE%E3%82%B3%E3%83%94%E3%83%BC.jpg?w=956&h=587&t=r&q=90",97
337a7f99-8452-4b9b-9853-90d0cd932bc0,"ﾕﾘｰ ﾌﾞﾗｼﾁｯﾌﾟ","ﾖｼﾀﾞ","https://fordynet.fordy.jp/storage/products/20230202140116_3.jpg",55
9361872c-2cc2-4aea-ae99-925d1edd7b63,"ﾖｼﾀﾞｽﾌﾟﾚｰ交換用","ﾖｼﾀﾞ","https://d15ihgh2blymmz.cloudfront.net/uploads/item_image/4547497436197/4547497436197_1.jpg",55
466f0f8c-fdde-4ee2-99d6-fbdb43fc33f4,"ﾖｼﾀﾞｽﾌﾟﾚｰ交換用","ﾖｼﾀﾞ","https://d15ihgh2blymmz.cloudfront.net/uploads/item_image/4547497436197/4547497436197_1.jpg",55
ed86e3c4-d459-4dea-857d-855625085c3a,"ﾘﾌﾟﾛｸﾘｰﾝ 4L","ﾖｼﾀﾞ","https://service.yoshida-dental.co.jp/s3images/ca/campaigns/146/images/%E3%83%AA%E3%83%97%E3%83%AD%E3%83%A1%E3%83%AB%E3%83%88CP.jpg",99
07c5937c-b8fa-480b-a812-357928f7fa32,"ﾘﾌﾟﾛｸﾘｰﾝ 4L","ﾖｼﾀﾞ","https://service.yoshida-dental.co.jp/s3images/ca/campaigns/146/images/%E3%83%AA%E3%83%97%E3%83%AD%E3%83%A1%E3%83%AB%E3%83%88CP.jpg",99
8a166588-8d06-4898-8d36-2595338ac1da,"ﾘﾍﾞﾙ ﾕﾆｯﾄ電磁弁","ﾖｼﾀﾞ","https://service.yoshida-dental.co.jp/s3images/ca/products/4501/images/YV%EF%BD%B007_1.jpg",97
936e257f-f595-4205-bcff-4d03afc5532d,"ﾘﾍﾞﾙ ﾕﾆｯﾄ電磁弁","ﾖｼﾀﾞ","https://service.yoshida-dental.co.jp/s3images/ca/products/4503/images/YV%EF%BD%B015_2.jpg",97
b592e6f6-8cae-4731-9e55-f3eb2e382bb1,"ﾙｷｵﾝ12 一式（ｾﾝｻｰｽｲｯﾁ付）","ﾖｼﾀﾞ","https://img.fril.jp/img/679655593/l/2235015736.jpg?1713098813",55
544ff15b-5aa9-4604-8f5e-3f3228c1659f,"ﾙｷｵﾝ12 一式（ｾﾝｻｰｽｲｯﾁ付）","ﾖｼﾀﾞ","https://img.fril.jp/img/679655593/l/2235015736.jpg?1713098813",55
a368646a-ad46-4afb-bdd4-cebd61045fc5,"ﾙｷｵﾝ12 一式（ｾﾝｻｰｽｲｯﾁ付)ﾐﾗｰﾊﾟﾈﾙ","ﾖｼﾀﾞ","https://www.lintec-c.com/product/img/mb01s-kyoutu01.jpg",55
faafdbda-1e23-4495-af35-fb18ee7f0a1f,"ﾙｷｵﾝ12 一式（ｾﾝｻｰｽｲｯﾁ付)ﾐﾗｰﾊﾟﾈﾙ","ﾖｼﾀﾞ","https://www.lintec-c.com/product/img/mb01s-kyoutu01.jpg",55
457fb841-8030-4cdf-8433-f1879f238a2e,"ﾙｷｵﾝ12 一式（ｾﾝｻｰｽｲｯﾁ付）ﾐﾗｰﾊﾟﾈﾙ","ﾖｼﾀﾞ","https://auctions.c.yimg.jp/images.auctions.yahoo.co.jp/image/dr000/auc0412/users/22cd81f1bd8f9ac297cd19e80e68d11dfd497a01/i-img1200x1200-1703412695wvfri1227520.jpg",55
6f9abf4e-a99f-40cd-901c-a483b9a133f5,"ﾙｷｵﾝ12 一式（ｾﾝｻｰｽｲｯﾁ付）ﾐﾗｰﾊﾟﾈﾙ","ﾖｼﾀﾞ","https://auctions.c.yimg.jp/images.auctions.yahoo.co.jp/image/dr000/auc0412/users/22cd81f1bd8f9ac297cd19e80e68d11dfd497a01/i-img1200x1200-1703412695wvfri1227520.jpg",55
de58e14f-39db-45f2-8ddd-b95090d83245,"他社頭書き連携費","ﾖｼﾀﾞ","https://www.yoshida-dental.co.jp/wp-content/themes/yoshida/img/gshare-manual/integration-gplus-app/step1-2.png",96
a1be8772-973d-42c8-bd78-d1681090c6e9,"他社頭書き連携費","ﾖｼﾀﾞ","https://www.yoshida-dental.co.jp/wp-content/themes/yoshida/img/gshare-manual/integration-gplus-app/step1-2.png",96
7c226765-bca2-4bd0-a342-a519e4754515,"他社頭書き連携費　ｱﾎﾟﾂｰﾂ用","ﾖｼﾀﾞ","https://portal.yagish.jp/wp-content/uploads/2025/05/Yagish-promotion-1536x1153.png",50
e1c24999-28cf-43c0-9253-bc6db9f45195,"他社頭書き連携費　ｴﾝﾋﾞｽﾀｼﾞｬﾊﾟﾝ用","ﾖｼﾀﾞ","https://images.microcms-assets.io/assets/af1edea79fe840a3801b8a246a9ca6cf/9bee236097ae4f0d8c79a5c19396af22/payroll-54.png?auto=compress&auto=format&q=100&w=1320",47
5c4e761c-0608-417b-816c-64ed8286eca5,"他社頭書き連携費　ｴﾝﾋﾞｽﾀｼﾞｬﾊﾟﾝ用","ﾖｼﾀﾞ","https://images.microcms-assets.io/assets/af1edea79fe840a3801b8a246a9ca6cf/9bee236097ae4f0d8c79a5c19396af22/payroll-54.png?auto=compress&auto=format&q=100&w=1320",47
c2ee4996-860a-4de5-b127-0bc5c07a351c,"代品貸出料","ﾖｼﾀﾞ","https://item-shopping.c.yimg.jp/i/n/highball_yoshida-4431_5_d_20250812102052",50
f944af06-5202-43b2-a899-1fbf92baeb72,"代品貸出料：ベストサージ","ﾖｼﾀﾞ","https://service.yoshida-dental.co.jp/s3images/ca/series/10766/images/%E3%83%99%E3%82%B9%E3%83%88%E3%82%B5%E3%83%BC%E3%82%B8_.jpg",100
5e999e72-94db-4766-a2bc-50191a02f621,"医療扶助ﾗｲｾﾝｽｿﾌﾄ(Profit)","ﾖｼﾀﾞ","https://lp.yoshida-dental.co.jp/hubfs/%E5%8C%BB%E7%99%82%E6%89%B6%E5%8A%A9%E3%83%9A%E3%83%BC%E3%82%B8/%E5%8C%BB%E7%99%82%E6%89%B6%E5%8A%A92.jpg",103
87c16045-73b5-4fff-9fa3-80ad55ae2a83,"医療扶助ﾗｲｾﾝｽｿﾌﾄ(Profit)","ﾖｼﾀﾞ","https://lp.yoshida-dental.co.jp/hubfs/%E5%8C%BB%E7%99%82%E6%89%B6%E5%8A%A9%E3%83%9A%E3%83%BC%E3%82%B8/%E5%8C%BB%E7%99%82%E6%89%B6%E5%8A%A92.jpg",103
505a4f60-7d44-4d94-9651-6b75577fecfc,"取付料：ﾌﾟﾚｼｼﾞｮﾝSM620","ﾖｼﾀﾞ","https://fordynet.fordy.jp/storage/products/product3444-20240124085824detail_image1.jpg",55
f175c7e6-3390-4202-84f3-9c36e2bb9971,"取付料：ﾌﾟﾚｼｼﾞｮﾝSM620","ﾖｼﾀﾞ","https://fordynet.fordy.jp/storage/products/product3444-20240124085824detail_image1.jpg",55
f448360a-ad81-47b1-ab54-5b0c7fd69cb7,"取付部材費(ｾﾘｵMupﾚｼｼﾞｮﾝﾏｲｸﾛｽｺｰﾌﾟ)","ﾖｼﾀﾞ","https://service.yoshida-dental.co.jp/s3images/ca/series/11145/images/%E3%82%BB%E3%83%AA%E3%82%AAG%E6%90%AD%E8%BC%89.png?w=1200&h=1129&t=r&q=90",104
2a836053-d2a8-482f-b909-50141fa59b05,"取付部材費(ｾﾘｵMupﾚｼｼﾞｮﾝﾏｲｸﾛｽｺｰﾌﾟ)","ﾖｼﾀﾞ","https://service.yoshida-dental.co.jp/s3images/ca/series/11145/images/%E3%82%BB%E3%83%AA%E3%82%AAG%E6%90%AD%E8%BC%89.png?w=1200&h=1129&t=r&q=90",104
df77868c-c178-4217-92bf-40666c94bc1a,"取外料","ﾖｼﾀﾞ","https://auctions.c.yimg.jp/images.auctions.yahoo.co.jp/image/dr000/auc0409/users/895dce5961693475c1ba0152eb4bfeea46b7608d/i-img1200x904-1694400947xqzbn2348263.jpg",50
14ce08b0-2eed-4134-8242-9f7e7722d29d,"取外料","ﾖｼﾀﾞ","https://auctions.c.yimg.jp/images.auctions.yahoo.co.jp/image/dr000/auc0409/users/895dce5961693475c1ba0152eb4bfeea46b7608d/i-img1200x904-1694400947xqzbn2348263.jpg",50
9184d20e-327c-4755-ae22-cfd9f78281d1,"基本技術料","ﾖｼﾀﾞ","https://ysd-k.co.jp/_next/image?url=%2Fimages%2Ftop%2Ftop-06.webp&w=3840&q=75",46
818c4346-d92b-47a0-9165-c86aa4fa8181,"基本技術料","ﾖｼﾀﾞ","https://ysd-k.co.jp/_next/image?url=%2Fimages%2Ftop%2Ftop-06.webp&w=3840&q=75",46
913d8eae-80b6-4940-91d9-a3ec825821b6,"排唾管ｸﾞﾘｯﾌﾟｼｬｯﾀｰ 355 752 ｸﾞﾚｰ","ﾖｼﾀﾞ","https://service.yoshida-dental.co.jp/s3images/ca/series/10337/images/510003_.jpg",89
6480d668-9160-44f9-85b9-a49d42cd96dc,"排唾管ｸﾞﾘｯﾌﾟｼｬｯﾀｰ 355 752 ｸﾞﾚｰ","ﾖｼﾀﾞ","https://service.yoshida-dental.co.jp/s3images/ca/series/10337/images/510003_.jpg",89
915a4d88-3a89-451f-b24e-7600c5b9350f,"横ｽﾗｲﾄﾞS型ﾌｯﾄｺﾝﾄﾛｰﾗ(ﾁｪｱ作動SWあり)","ﾖｼﾀﾞ","https://m.media-amazon.com/images/I/71TIt9IIvwL._AC_SL1500_.jpg",75
4150aa8d-dab5-45b5-a19f-36a8bba112a6,"横ｽﾗｲﾄﾞS型ﾌｯﾄｺﾝﾄﾛｰﾗ(ﾁｪｱ作動SWあり)","ﾖｼﾀﾞ","https://m.media-amazon.com/images/I/71TIt9IIvwL._AC_SL1500_.jpg",75
6cc16a7c-874c-4b47-8592-8b9c12bcd626,"横ｽﾗｲﾄﾞS型踏ﾌｯﾄｺﾝﾄﾛｰﾗ(ﾁｪｱｰ作動SWあり)","ﾖｼﾀﾞ","https://service.yoshida-dental.co.jp/s3images/ca/series/11271/images/%E3%82%AF%E3%83%AC%E3%82%B9%E3%83%88%E3%83%99%E3%82%ACb.jpg",94
73e78e90-5a7f-479b-bcf2-d081098b7164,"横ｽﾗｲﾄﾞS型踏ﾌｯﾄｺﾝﾄﾛｰﾗ(ﾁｪｱｰ作動SWあり)","ﾖｼﾀﾞ","https://service.yoshida-dental.co.jp/s3images/ca/series/11271/images/%E3%82%AF%E3%83%AC%E3%82%B9%E3%83%88%E3%83%99%E3%82%ACb.jpg?w=500&h=500&t=r&q=90",94
9f14f52a-8f46-464e-86b1-6796ac6d6404,"横ｽﾗｲﾄﾞ踏み込み式ﾌｯﾄｺﾝﾄﾛｰﾗｰ","ﾖｼﾀﾞ","https://shop.r10s.jp/axe/cabinet/thum/fc-30323.jpg",55
68ff128b-eecf-4008-8dc8-5e5ae0a61e5f,"横ｽﾗｲﾄﾞ踏み込み式ﾌｯﾄｺﾝﾄﾛｰﾗｰ","ﾖｼﾀﾞ","https://shop.r10s.jp/axe/cabinet/thum/fc-30323.jpg",55
1cdf78f2-3ce4-4c0b-a96d-8f02b2698bba,"自動精算機連携費(Profit用)","ﾖｼﾀﾞ","https://service.yoshida-dental.co.jp/s3images/ca/series/10841/images/Ripi_%E3%83%A1%E3%82%A4%E3%83%B3%E5%B7%AE%E6%9B%BF.png",102
93edea70-ca66-4382-aa57-7940eec27514,"自動精算機連携費(Profit用)","ﾖｼﾀﾞ","https://service.yoshida-dental.co.jp/s3images/ca/series/10841/images/Ripi_%E3%83%A1%E3%82%A4%E3%83%B3%E5%B7%AE%E6%9B%BF.png",102
a3598e08-8d15-48d5-b565-48eaccb3bd31,"訪問診療(居宅同意型)連携ｿﾌﾄ(Profit)","ﾖｼﾀﾞ","https://gemmed.ghc-j.com/wp-content/uploads/2025/05/5621deba8a18b839c7a4321764bb05e8-12.png",50
f1357eb5-466b-4ce7-86b6-40705c879862,"訪問診療(居宅同意型)連携ｿﾌﾄ(Profit)","ﾖｼﾀﾞ","https://gemmed.ghc-j.com/wp-content/uploads/2025/05/5621deba8a18b839c7a4321764bb05e8-12.png",50
176d4e5a-7cac-4072-a86d-7fc8136fa484,"達人ﾌﾟﾗｽAssist　初期費用(Lite版)","ﾖｼﾀﾞ","https://service.yoshida-dental.co.jp/s3images/ca/series/10939/images/%E9%81%94%E4%BA%BA%E3%83%97%E3%83%A9%E3%82%B9Assist.jpg?w=1200&h=765&t=r&q=90",98
10b0800e-f8cf-4430-aafa-f143a3b44219,"達人ﾌﾟﾗｽAssist　初期費用(Lite版)","ﾖｼﾀﾞ","https://service.yoshida-dental.co.jp/s3images/ca/series/10939/images/%E9%81%94%E4%BA%BA%E3%83%97%E3%83%A9%E3%82%B9Assist.jpg?w=1200&h=765&t=r&q=90",98
47046b05-af4e-4fb1-98be-4624421dedf0,"達人ﾌﾟﾗｽVersion.6Lite(YDS版)","ﾖｼﾀﾞ","https://service.yoshida-dental.co.jp/s3images/ca/series/10939/images/%E9%81%94%E4%BA%BA%E3%83%97%E3%83%A9%E3%82%B9Assist.jpg?w=1200&h=765&t=r&q=90",98
c7ac3933-0013-4938-ae69-91ce51696531,"達人ﾌﾟﾗｽVersion.6Lite(YDS版)","ﾖｼﾀﾞ","https://service.yoshida-dental.co.jp/s3images/ca/series/10939/images/%E9%81%94%E4%BA%BA%E3%83%97%E3%83%A9%E3%82%B9Assist.jpg?w=1200&h=765&t=r&q=90",98
abeca880-3d9d-4a22-aa21-b42f8ac82f2d,"金属製水引ﾊﾞﾙﾌﾞ","ﾖｼﾀﾞ","https://www.kitz.co.jp/cms/wp-content/uploads/2024/05/Bellows_a-scaled-e1719294945523-1.jpg",55
8ab515b9-03e2-44ef-9133-92c646cee202,"陶器鉢（ﾎﾜｲﾄ）","ﾖｼﾀﾞ","https://m.media-amazon.com/images/I/51mvWY94uiL._AC_SL1500_.jpg",75
1e004d72-0a78-4dcd-ac7f-ac9987f36363,"陶器鉢（ﾎﾜｲﾄ）","ﾖｼﾀﾞ","https://m.media-amazon.com/images/I/51mvWY94uiL._AC_SL1500_.jpg",75
84bf875e-b620-4865-a22b-964fdd8bd075,"電気ﾒｽ（ﾍﾞｽﾄｻｰｼﾞ）用ﾁｯﾌﾟ 単品No.15","ﾖｼﾀﾞ","https://service.yoshida-dental.co.jp/s3images/ca/series/10766/images/%E3%83%99%E3%82%B9%E3%83%88%E3%82%B5%E3%83%BC%E3%82%B8_.jpg",100
a9425f49-ab37-4ac7-ae11-6e3c18a32e74,"電気ﾒｽ(ﾍﾞｽﾄｻｰｼﾞ）用ﾁｯﾌﾟ 単品No.2","ﾖｼﾀﾞ","https://service.yoshida-dental.co.jp/s3images/ca/series/10766/images/%E3%83%99%E3%82%B9%E3%83%88%E3%82%B5%E3%83%BC%E3%82%B8_.jpg",100
5e98b39c-2c93-4279-9c77-3297a48e2098,"電気ﾒｽ(ﾍﾞｽﾄｻｰｼﾞ）用ﾁｯﾌﾟ 単品No.2","ﾖｼﾀﾞ","https://service.yoshida-dental.co.jp/s3images/ca/series/10766/images/%E3%83%99%E3%82%B9%E3%83%88%E3%82%B5%E3%83%BC%E3%82%B8_.jpg",100
e19e6409-a6df-4360-b0de-a537ebda9f38,"電磁弁 AVE6","ﾖｼﾀﾞ","https://auctions.c.yimg.jp/images.auctions.yahoo.co.jp/image/dr000/auc0505/users/548cbaddb72970ce7b074aabf8210ae1f20df921/i-img1200x1200-17160205181lcb3670984.jpg",55
6420ab89-2529-42e4-b798-7eedb19bf05f,"電磁弁 AVE6","ﾖｼﾀﾞ","https://auctions.c.yimg.jp/images.auctions.yahoo.co.jp/image/dr000/auc0505/users/548cbaddb72970ce7b074aabf8210ae1f20df921/i-img1200x1200-17160205181lcb3670984.jpg",55
8e3cabfb-58c3-460d-8f78-c503bb07278e,"ｻﾝﾛｯｸ ﾋﾟﾝｸ 3Kg 箱","ﾖｼﾉｾｯｺｳ","https://imgix.cainz.com/4965888093444/product/4965888093444_01.jpg?fm=webp&w=713&h=713&fit=fill&fill=solid&fill-color=white&auto=compress",55
108d72a3-5526-4d12-8e8b-209d3e730016,"ｻﾝﾛｯｸ ﾋﾟﾝｸ 3Kg 箱","ﾖｼﾉｾｯｺｳ","https://imgix.cainz.com/4965888093444/product/4965888093444_01.jpg?fm=webp&w=713&h=713&fit=fill&fill=solid&fill-color=white&auto=compress",55
996f89ac-f1de-4080-a42d-f2ca37375c3e,"Brilliant more W ｱﾌﾟﾘｺｯﾄﾐﾝﾄ","ﾗｲｵﾝ","https://room.r10s.jp/d/strg/ctrl/22/6078c1d97fa6979812c635c9a21d06d50ef45992.15.9.22.3.jpg",55
055495a8-48cb-4f95-80c3-a650c2810b15,"Brilliant more W ｱﾌﾟﾘｺｯﾄﾐﾝﾄ","ﾗｲｵﾝ","https://room.r10s.jp/d/strg/ctrl/22/6078c1d97fa6979812c635c9a21d06d50ef45992.15.9.22.3.jpg",55
063d3e31-ef89-4a9f-9f1c-0a89eba27a1f,"Brilliant more W ｼﾄﾗｽﾐﾝﾄ","ﾗｲｵﾝ","https://thumbnail.image.rakuten.co.jp/@0_mall/misora-mart/cabinet/09094036/09441349/imgrc0076261277.jpg",75
3cb32b4a-709d-4a2d-8273-05fb0f0ce151,"Brilliant more W ｼﾄﾗｽﾐﾝﾄ","ﾗｲｵﾝ","https://d15ihgh2blymmz.cloudfront.net/uploads/item_image/4903301319917/4903301319917_1.jpg",55
80d08e67-2f53-4eef-900e-5ef0066461e3,"Brilliant more W ﾅﾁｭﾗﾙﾍﾟﾊﾟｰﾐﾝﾄ","ﾗｲｵﾝ","https://thumbnail.image.rakuten.co.jp/@0_mall/misora-mart/cabinet/09094036/09441349/imgrc0076261277.jpg",75
e691fec6-3bb1-4f02-8c70-71ffd23d0e5f,"Brilliant more W ﾅﾁｭﾗﾙﾍﾟﾊﾟｰﾐﾝﾄ","ﾗｲｵﾝ","https://thumbnail.image.rakuten.co.jp/@0_mall/misora-mart/cabinet/09094036/09441349/imgrc0076261277.jpg",75
5bda9e59-0e2a-4d46-8fb5-8c6c45c6fb3a,"DENT.EX ｼｽﾃﾏ 42M 20本","ﾗｲｵﾝ","https://image.rakuten.co.jp/kamibako/cabinet/06245846/11922587/imgrc0114776472.jpg",55
05c7ddff-4d75-49ee-9e6c-21bdfb208ac1,"DENT.EX ｼｽﾃﾏ 42M 20本","ﾗｲｵﾝ","https://m.media-amazon.com/images/I/51u4fXvjZYL._AC_SX466_.jpg",56
0af864df-c527-41f1-a870-5444cd083ce4,"DENT.EX ｼｽﾃﾏ 44M 20本","ﾗｲｵﾝ","https://m.media-amazon.com/images/I/71Z9pu6qYbL._AC_SL1000_.jpg",70
88c230df-34e1-43db-9bcb-66006d13b94b,"DENT.EX ｼｽﾃﾏ 44M 20本","ﾗｲｵﾝ","https://m.media-amazon.com/images/I/71Z9pu6qYbL._AC_SL1000_.jpg",70
e7b44c68-294b-48a0-9d00-56b8dadb9641,"DENT.EX ｽﾘﾑﾍｯﾄﾞⅡ 34S 20本","ﾗｲｵﾝ","https://image.rakuten.co.jp/kurasio-en/cabinet/gazo6/compass1687427558.jpg",55
96578ecf-24e6-4c0c-946f-194b1c8c5775,"DENT.EX ｽﾘﾑﾍｯﾄﾞⅡ 34S 20本","ﾗｲｵﾝ","https://image.rakuten.co.jp/kurasio-en/cabinet/gazo6/compass1687427558.jpg",55
b7ae283b-3a1d-49f5-9452-76995597a506,"DENT.EX歯間ﾌﾞﾗｼ 院内指導 4S 40本","ﾗｲｵﾝ","https://item-shopping.c.yimg.jp/i/f/soukai_4903301240914",50
2ac680c1-e013-432a-8615-6ee3b3143b6a,"DENT.EX歯間ﾌﾞﾗｼ 院内指導 4S 40本","ﾗｲｵﾝ","https://item-shopping.c.yimg.jp/i/f/soukai_4903301240914",50
0a93050f-8308-4a94-9266-c86adbecf7e6,"DENT.EX歯間ﾌﾞﾗｼ 院内指導 M 40本","ﾗｲｵﾝ","https://m.media-amazon.com/images/I/51DJsmRPJRL._AC_.jpg",65
c8a84b8f-da4d-4e39-b3b1-1a1c3b90b9f3,"DENT.EX歯間ﾌﾞﾗｼ 院内指導 M 40本","ﾗｲｵﾝ","https://m.media-amazon.com/images/I/51DJsmRPJRL._AC_.jpg",65
d4508bd6-e340-456a-aa50-c5e1eaf5bedf,"DENT.EX歯間ﾌﾞﾗｼ 院内指導 S 40本","ﾗｲｵﾝ","https://makeshop-multi-images.akamaized.net/dentalfit/itemimages/0000000063382_uslu7GA.jpg",55
5e488161-e3d6-4640-96ca-5ff0b0054664,"DENT.EX歯間ﾌﾞﾗｼ 院内指導 S 40本","ﾗｲｵﾝ","https://makeshop-multi-images.akamaized.net/dentalfit/itemimages/0000000063382_uslu7GA.jpg",55
bc3beb90-2424-464f-a395-c911f7af4944,"DENT.EX歯間ﾌﾞﾗｼ 院内指導 SS 40本","ﾗｲｵﾝ","https://makeshop-multi-images.akamaized.net/dentalfit/itemimages/0000000063382_uslu7GA.jpg",55
f1857fcd-49af-4dd3-a2da-5503f85e524d,"DENT.EX歯間ﾌﾞﾗｼ 院内指導 SS 40本","ﾗｲｵﾝ","https://makeshop-multi-images.akamaized.net/dentalfit/itemimages/0000000063382_uslu7GA.jpg",55
3a2d7c5c-6cbc-4d70-948f-1718964947bf,"DENT.EX歯間ﾌﾞﾗｼ 院内指導 SSS 40本","ﾗｲｵﾝ","https://makeshop-multi-images.akamaized.net/dentalfit/itemimages/0000000063382_uslu7GA.jpg",55
4768c2a9-d9cc-46e7-954c-c63a11963cc5,"DENT.EX歯間ﾌﾞﾗｼ4本X10入 4S","ﾗｲｵﾝ","https://ic4-a.wowma.net/mis/gr/135/image.wowma.jp/67132206/de-brush4-10-1.jpg",55
4b9c6faf-10ff-4253-aaf9-426413d35fbe,"DENT.EX歯間ﾌﾞﾗｼ4本X10入 4S","ﾗｲｵﾝ","https://tshop.r10s.jp/botanic-garden/cabinet/brand01/125/125-set-018.jpg?fitin=720:720",75
c884d473-7bd2-4fef-934b-a291638475d5,"DENT.EX歯間ﾌﾞﾗｼ4本X10入 L","ﾗｲｵﾝ","https://m.media-amazon.com/images/I/51DJsmRPJRL._AC_.jpg",65
d4c54cea-f945-4afe-88f0-8aa47f5f5f61,"DENT.EX歯間ﾌﾞﾗｼ4本X10入 L","ﾗｲｵﾝ","https://m.media-amazon.com/images/I/51DJsmRPJRL._AC_.jpg",65
e9b19367-5fb2-40b8-8759-15ac762ac229,"DENT.EX歯間ﾌﾞﾗｼ4本X10入 M","ﾗｲｵﾝ","https://m.media-amazon.com/images/I/51DJsmRPJRL._AC_.jpg",65
347e9958-ef99-4c17-b879-3c858edbefba,"DENT.EX歯間ﾌﾞﾗｼ4本X10入 M","ﾗｲｵﾝ","https://m.media-amazon.com/images/I/51DJsmRPJRL._AC_.jpg",65
2f995f35-dd77-47eb-be9f-4ac0d462c505,"DENT.EX歯間ﾌﾞﾗｼ4本X10入　S","ﾗｲｵﾝ","https://image.rakuten.co.jp/oralcare/cabinet/sikanburasi/10000526.jpg",55
38aa6ea1-e87c-43df-80dd-239fb4e78742,"DENT.EX歯間ﾌﾞﾗｼ4本X10入　S","ﾗｲｵﾝ","https://ic4-a.wowma.net/mis/gr/135/image.wowma.jp/67132206/de-brush4-10-1.jpg",55
1176abd0-f152-413c-9dd2-29b8aad7c08b,"DENT.EX歯間ﾌﾞﾗｼ4本X10入 SS","ﾗｲｵﾝ","https://ic4-a.wowma.net/mis/gr/135/image.wowma.jp/67132206/de-brush4-10-1.jpg",55
b72dc0c7-c2cc-4f86-a468-7b8971ede4fb,"DENT.EX歯間ﾌﾞﾗｼ4本X10入 SS","ﾗｲｵﾝ","https://ic4-a.wowma.net/mis/gr/135/image.wowma.jp/67132206/de-brush4-10-1.jpg",55
a1ce64c2-1686-4375-a716-ea79b058f501,"DENT.EX歯間ﾌﾞﾗｼ4本X10入 SSS","ﾗｲｵﾝ","https://shop.r10s.jp/matsuyoshi-web/cabinet/202304191/00166038.jpg",55
597f20bf-8b36-4545-9f55-6a272750d9e3,"DENT.EX歯間ﾌﾞﾗｼ4本X10入 SSS","ﾗｲｵﾝ","https://shop.r10s.jp/matsuyoshi-web/cabinet/202304191/00166038.jpg",55
d02c2676-3bd3-409d-969a-c3c53eeb60c2,"DENT.EX歯間ﾌﾞﾗｼ4本X10入SSS","ﾗｲｵﾝ","https://shop.r10s.jp/matsuyoshi-web/cabinet/202304191/00166038.jpg",55
a9520629-c564-4b05-b847-46d4e57dabdf,"DENT.EX歯間ﾌﾞﾗｼ4本X10入SSS","ﾗｲｵﾝ","https://shop.r10s.jp/matsuyoshi-web/cabinet/202304191/00166038.jpg",55
4a179ff9-5afc-4efa-8526-aec0b5bb2398,"DENT.MAXIMA MS　12本","ﾗｲｵﾝ","https://shop.r10s.jp/iiha/cabinet/toothbrush2/maxima012.jpg",55
8c9c3b61-35f9-4b01-83b8-dfa6eca2332f,"DENT.MAXIMA MS　12本","ﾗｲｵﾝ","https://shop.r10s.jp/iiha/cabinet/toothbrush2/maxima012.jpg",55
ba0b145b-27d3-4f6d-ac34-7035f056a6da,"DENT.ｼｽﾃﾏｾﾝｼﾃｨﾌﾞ　SOFTPASTE 1450ppmF 85g","ﾗｲｵﾝ","https://m.media-amazon.com/images/I/61v-S+YbX3L._AC_SL1010_.jpg",75
2aa8b2d5-9a70-44c4-a4c1-47107eaf73ec,"DENT.ｼｽﾃﾏ薬用歯間ｼﾞｪﾙ20ML","ﾗｲｵﾝ","https://shop.r10s.jp/d-fit/cabinet/03511341/img63976656.jpg",55
9abcaee8-6e83-4c7c-b412-6d69d8448bd3,"DENT.ｼｽﾃﾏ薬用歯間ｼﾞｪﾙ20ML","ﾗｲｵﾝ","https://shop.r10s.jp/d-fit/cabinet/03511341/img63976656.jpg",55
3eecc53c-0273-40e8-9531-818560c19a1a,"DENT.ﾁｪｯｸｱｯﾌﾟ ｼﾞｪﾙ ｸﾞﾚｰﾌﾟNEW 60G","ﾗｲｵﾝ","https://m.media-amazon.com/images/I/51V67Y-gJzL.jpg",75
1bdfe625-ce76-420b-93a7-cedc3028423d,"DENT.ﾁｪｯｸｱｯﾌﾟ ｼﾞｪﾙ ｸﾞﾚｰﾌﾟNEW 60G","ﾗｲｵﾝ","https://m.media-amazon.com/images/I/51V67Y-gJzL.jpg",75
d2256384-5ac1-4ab9-afee-27599223513e,"DENT.ﾁｪｯｸｱｯﾌﾟ ｼﾞｪﾙ ﾊﾞﾅﾅ NEW 60G","ﾗｲｵﾝ","https://shopping.jreast.co.jp/html/upload/save_image/shop/17450/product/3086087/image_l.jpg",55
c7b4afa7-6e74-4855-8d19-edc9099e77bd,"DENT.ﾁｪｯｸｱｯﾌﾟ ｼﾞｪﾙ ﾊﾞﾅﾅ NEW 60G","ﾗｲｵﾝ","https://shopping.jreast.co.jp/html/upload/save_image/shop/17450/product/3086087/image_l.jpg",55
242639f5-c8be-498c-9d1c-721d5522cc66,"DENT.ﾁｪｯｸｱｯﾌﾟ ｼﾞｪﾙ ﾋﾟｰﾁNEW 60G","ﾗｲｵﾝ","https://ec.jal.co.jp/img/0170/goods/L/4903301166078.jpg",55
2c320023-e534-40eb-b2af-5d17a3abbc2c,"DENT.ﾁｪｯｸｱｯﾌﾟ ｼﾞｪﾙ ﾋﾟｰﾁNEW 60G","ﾗｲｵﾝ","https://ec.jal.co.jp/img/0170/goods/L/4903301166078.jpg",55
d02f1b01-b7c2-45aa-b920-78aa1dc682df,"DENT.ﾁｪｯｸｱｯﾌﾟkodomoｱｯﾌﾟﾙ NEW 60g","ﾗｲｵﾝ","https://m.media-amazon.com/images/I/51TQGZjEgVL._AC_.jpg",65
d7ecafc2-1943-4532-8a34-832a3a97527e,"DENT.ﾁｪｯｸｱｯﾌﾟkodomoｱｯﾌﾟﾙ NEW 60g","ﾗｲｵﾝ","https://m.media-amazon.com/images/I/51TQGZjEgVL._AC_.jpg",65
660e13d1-87fc-4b0c-8918-ded21cfb15d4,"DENT.ﾁｪｯｸｱｯﾌﾟkodomoｸﾞﾚｰﾌﾟNEW 60g","ﾗｲｵﾝ","https://m.media-amazon.com/images/I/51V67Y-gJzL.jpg",75
bcf5e1d0-31ab-4f3a-af12-29b5337f1fb4,"DENT.ﾁｪｯｸｱｯﾌﾟkodomoｸﾞﾚｰﾌﾟNEW 60g","ﾗｲｵﾝ","https://m.media-amazon.com/images/I/51V67Y-gJzL.jpg",75
ece1bb60-15ae-4aea-8418-c628053a1d25,"DENT.ﾁｪｯｸｱｯﾌﾟｽﾀﾝﾀﾞｰﾄﾞ ﾏｲﾙﾄﾞｼﾄﾗｽM 1450PPM","ﾗｲｵﾝ","https://shop.r10s.jp/iiha/cabinet/toothpaste/custdsp01-min.jpg",55
5ca4a22a-c6af-4a52-85af-6ee4ab9245bb,"DENT.ﾁｪｯｸｱｯﾌﾟｽﾀﾝﾀﾞｰﾄﾞ ﾏｲﾙﾄﾞｼﾄﾗｽM 1450PPM","ﾗｲｵﾝ","https://shop.r10s.jp/iiha/cabinet/toothpaste/custdsp01-min.jpg",55
7a84665c-c278-482c-89da-de51daa1e605,"DENT.ﾁｪｯｸｱｯﾌﾟｽﾀﾝﾀﾞｰﾄﾞ ﾏｲﾙﾄﾞﾋﾟｭｱM 1450PPM","ﾗｲｵﾝ","https://m.media-amazon.com/images/I/71w1-vEssAL._AC_UF894,1000_QL80_.jpg?s5ak6pf1driucbj08",73
be708beb-2824-4985-91b7-1f59d9def265,"DENT.ﾁｪｯｸｱｯﾌﾟｽﾀﾝﾀﾞｰﾄﾞ ﾏｲﾙﾄﾞﾋﾟｭｱM 1450PPM","ﾗｲｵﾝ","https://m.media-amazon.com/images/I/71w1-vEssAL._AC_UF894,1000_QL80_.jpg?s5ak6pf1driucbj08",73
097cef59-fff3-407b-8f4f-7f3a8bb8c372,"DENTEXｳﾙﾄﾗﾌﾛｽ(ｶﾗｰﾎﾙﾀﾞｰ)3本×20 S","ﾗｲｵﾝ","https://www.lion-dent.co.jp/static/inc/products/image/ultrafloss_pht_2.jpg",55
c02a93dd-ebf8-4e0b-9eeb-a6ccdf740100,"DENTEXｳﾙﾄﾗﾌﾛｽ(ｶﾗｰﾎﾙﾀﾞｰ)3本X20 M","ﾗｲｵﾝ","https://m.media-amazon.com/images/I/519fB3MQu9L.jpg",74
d9b19a20-6bb8-4e57-9ac9-fcf79cfd6e30,"DENTEXｳﾙﾄﾗﾌﾛｽ(ｶﾗｰﾎﾙﾀﾞｰ)3本X20 M","ﾗｲｵﾝ","https://shopping.c.yimg.jp/lib/info-dod/86001701sku01.jpg?size=n",55
1e4a695c-a0c1-40ed-85ee-0efd0583d5c6,"DENTEXｳﾙﾄﾗﾌﾛｽｶﾗｰﾎﾙﾀﾞｰ10ﾎﾝX10 S","ﾗｲｵﾝ","https://m.media-amazon.com/images/I/51LZb2sHteL.jpg",75
df4b1f6a-44dc-4fbd-8d4c-62a609af46f3,"DENTEXｳﾙﾄﾗﾌﾛｽｶﾗｰﾎﾙﾀﾞｰ10ﾎﾝX10 S","ﾗｲｵﾝ","https://m.media-amazon.com/images/I/51LZb2sHteL.jpg",75
ba99bef5-c875-42d8-a47f-99ee7d87e69a,"DENTEXｳﾙﾄﾗﾌﾛｽ院内指導40入M","ﾗｲｵﾝ","https://d1wdpa3etmuwz6.cloudfront.net/media/catalog/product/cache/1/image/1800x/040ec09b1e35df139433887a97daa66f/2/4/247690003001_005.png",55
1006e321-74b1-4001-a0d6-0f3f123904ce,"DENTEXｳﾙﾄﾗﾌﾛｽ院内指導40入M","ﾗｲｵﾝ","https://d1wdpa3etmuwz6.cloudfront.net/media/catalog/product/cache/1/image/1800x/040ec09b1e35df139433887a97daa66f/2/4/247690003001_005.png",55
73090d3a-b18f-462f-8c6a-d0e77b1765f0,"DENTEXｳﾙﾄﾗﾌﾛｽ院内指導40入S","ﾗｲｵﾝ","https://d1wdpa3etmuwz6.cloudfront.net/media/catalog/product/cache/1/image/1800x/040ec09b1e35df139433887a97daa66f/2/4/247690003001_005.png",55
9abf937b-b0cc-4ed0-be00-7aa414cc4356,"DENTｼｽﾃﾏ ﾃﾞﾝﾀﾙﾍﾟｰｽﾄα 90g","ﾗｲｵﾝ","https://shop.r10s.jp/cpro/cabinet/compass1723428047.jpg",55
2c66bc3c-87ee-4229-a8ba-69e6be8781c7,"DENTｼｽﾃﾏ ﾃﾞﾝﾀﾙﾍﾟｰｽﾄα 90g","ﾗｲｵﾝ","https://shop.r10s.jp/cpro/cabinet/compass1723428047.jpg",55
7bf443aa-85b7-47ba-b1d3-d32c6466707c,"DENTｼｽﾃﾏ ﾊｸﾞｷﾌﾟﾗｽ EX 90g","ﾗｲｵﾝ","https://www.lion-dent.co.jp/static/inc/products/image/hagukiplus_pht_1.jpg",55
05813661-ab42-4aaa-9a82-bdbcd91fc2f7,"DENTｼｽﾃﾏ ﾊｸﾞｷﾌﾟﾗｽ EX 90g","ﾗｲｵﾝ","https://www.lion-dent.co.jp/static/inc/products/image/hagukiplus_pht_1.jpg",55
4bb09e77-5229-477d-87e1-713b85b21267,"DENTｼｽﾃﾏ薬用歯間ｼﾞｪﾙﾌｯ素20MLX10","ﾗｲｵﾝ","https://d15ihgh2blymmz.cloudfront.net/uploads/item_image/4903301127703/4903301127703_1.jpg",55
55b980c8-52c9-435c-95ce-204430914475,"DENTｼｽﾃﾏ薬用歯間ｼﾞｪﾙﾌｯ素20MLX10","ﾗｲｵﾝ","https://d15ihgh2blymmz.cloudfront.net/uploads/item_image/4903301127703/4903301127703_1.jpg",55
5c573d2b-f518-4de7-9d84-3188a66d5eed,"DENTﾁｪｯｸｱｯﾌﾟ kodomo 500 ぶどう","ﾗｲｵﾝ","https://makeshop-multi-images.akamaized.net/dentalfit/shopimages/84/65/3_000000006584.jpg?1678209904",55
6faef999-6701-40b4-8365-2f613850c2fe,"DENTﾁｪｯｸｱｯﾌﾟ kodomo 500 ぶどう","ﾗｲｵﾝ","https://makeshop-multi-images.akamaized.net/dentalfit/shopimages/84/65/3_000000006584.jpg?1678209904",55
fe0b6d94-1f08-488c-bf42-029c1f39e476,"DENTﾁｪｯｸｱｯﾌﾟkodomoｽﾄﾛﾍﾞﾘｰNEW 60g","ﾗｲｵﾝ","https://ec.jal.co.jp/img/0170/goods/L/4903301166054.jpg",55
a339a005-9983-40f2-84f5-ac89ee67a238,"DENTﾁｪｯｸｱｯﾌﾟkodomoｽﾄﾛﾍﾞﾘｰNEW 60g","ﾗｲｵﾝ","https://ec.jal.co.jp/img/0170/goods/L/4903301166054.jpg",55
12c910f8-d3c9-4f34-87e6-3b7b358aa033,"EX onetuft (ﾜﾝﾀﾌﾄ)M 20本入","ﾗｲｵﾝ","https://m.media-amazon.com/images/I/41Qy1Vo7mXL._AC_.jpg",58
1a6d925f-9a9f-4f3e-b943-2ba21613a061,"EX onetuft (ﾜﾝﾀﾌﾄ)M 20本入","ﾗｲｵﾝ","https://m.media-amazon.com/images/I/41Qy1Vo7mXL._AC_.jpg",58
6481dce9-7b3f-44a5-b77b-b8eb20268f79,"EX onetuft (ﾜﾝﾀﾌﾄ)S 20本入","ﾗｲｵﾝ","https://shopping.c.yimg.jp/lib/kurasio-en/onetuft-20.jpg?size=n",55
14d310f4-22eb-475a-a140-d75cf1152df5,"EX onetuft (ﾜﾝﾀﾌﾄ)S 20本入","ﾗｲｵﾝ","https://shopping.c.yimg.jp/lib/kurasio-en/onetuft-20.jpg?size=n",55
9e7ff54f-94b6-41f9-af1b-7f19c9b167d5,"EX onetuft (ﾜﾝﾀﾌﾄ)systema 20本入","ﾗｲｵﾝ","https://item-shopping.c.yimg.jp/i/n/aisare-gal_systemaonetuft11",50
55243c0a-a62f-45a1-b299-de5d372f6044,"EX onetuft (ﾜﾝﾀﾌﾄ)systema 20本入","ﾗｲｵﾝ","https://shop.dcc.dental/html/upload/save_image/1213085421_6578f2ad4e7bd.jpg",53
79e984a6-82a9-47bc-a532-4b0e9715e7f3,"Systema SP-T ｼﾞｪﾙ 1本","ﾗｲｵﾝ","https://tshop.r10s.jp/shiraishiyakuhin/cabinet/1702209.jpg?fitin=720:720",75
69eb32b7-df35-458d-8a9b-80881d4b598c,"Systema SP-T ｼﾞｪﾙ 1本","ﾗｲｵﾝ","https://tshop.r10s.jp/shiraishiyakuhin/cabinet/1702209.jpg?fitin=720:720",75
abee9793-a018-48c8-aa62-b6e1979644da,"Systema SP-T ｼﾞｪﾙ Plus 1本","ﾗｲｵﾝ","https://tshop.r10s.jp/shiraishiyakuhin/cabinet/1702209.jpg?fitin=720:720",75
41ec3d8c-cce5-45c9-96fa-746f1315770d,"Systema SP-T ﾒﾃﾞｨｶﾙｶﾞｰｸﾞﾙ 100mL","ﾗｲｵﾝ","https://m.media-amazon.com/images/I/51QWhDXfqmL._AC_UF894,1000_QL80_.jpg?u38z0bohl29efcwa",74
074f353f-1e4c-4309-8854-9a789a38a643,"Systema SP-T ﾒﾃﾞｨｶﾙｶﾞｰｸﾞﾙ 100mL","ﾗｲｵﾝ","https://m.media-amazon.com/images/I/51QWhDXfqmL._AC_UF894,1000_QL80_.jpg?u38z0bohl29efcwa",74
76718399-ef3f-41cb-a61e-a95f22dd1d6a,"Systema SP-T ﾒﾃﾞｨｶﾙｶﾞｰｸﾞﾙ 100mL（2025ﾘﾆｭｰｱﾙ商品）","ﾗｲｵﾝ","https://m.media-amazon.com/images/I/51QWhDXfqmL._AC_UF894,1000_QL80_.jpg?u38z0bohl29efcwa",74
00671ea9-1d66-4482-92ec-55859e3ba7fd,"Systema SP-T ﾒﾃﾞｨｶﾙｶﾞｰｸﾞﾙ 100mL（2025ﾘﾆｭｰｱﾙ商品）","ﾗｲｵﾝ","https://m.media-amazon.com/images/I/51QWhDXfqmL._AC_UF894,1000_QL80_.jpg?u38z0bohl29efcwa",74
f932d012-7784-4d20-89ab-db605f37def9,"ｴﾗｯｸ ﾊﾌﾞﾗｼ 620 ES","ﾗｲｵﾝ","https://www.lion-dent.co.jp/static/inc/products/image/erac_brush620_pht_2.jpg",55
f7cb39ca-8968-4531-bcae-ae92e3ffbf9d,"ﾌｯ化ﾅﾄﾘｳﾑ 洗口液0.1% 6本","ﾗｲｵﾝ","https://www.lion-dent.co.jp/static/inc/products/image/checkupfukka_pht_1.jpg",55
ac74ca09-df5d-4d85-a8be-b0fb8337edd9,"ﾌｯ化ﾅﾄﾘｳﾑ 洗口液0.1% 6本","ﾗｲｵﾝ","https://www.lion-dent.co.jp/static/inc/products/image/checkupfukka_pht_1.jpg",55
f46006af-f028-46aa-be24-80e50d7a84c1,"歯科用 新ﾌｧｽﾄﾝ 25g入","ﾗｲｵﾝ","https://m.media-amazon.com/images/I/411qJNOibGL.jpg",75
bbdb0c1d-5d8b-4637-aa2d-939537b378c8,"歯科用 新ﾌｧｽﾄﾝ 25g入","ﾗｲｵﾝ","https://m.media-amazon.com/images/I/411qJNOibGL.jpg",75
24705596-5529-4df2-b7cd-b5410168fbc0,"ｶﾞﾗｽｼｬｰﾚｰ標準ﾀｲﾌﾟ/V31 8254157","ﾗﾘﾃﾞﾝﾄ","https://img21.shop-pro.jp/PA01428/341/product/139799930_o1.jpg?cmsp_timestamp=20190222144434",55
e81e5190-29db-4549-9841-ddc1e6953f7b,"ｶﾞﾗｽｼｬｰﾚｰ標準ﾀｲﾌﾟ/V31 8254157","ﾗﾘﾃﾞﾝﾄ","https://img07.shop-pro.jp/PA01428/341/product/139799930_o1.jpg?cmsp_timestamp=20190222144434",55
7083af59-1093-4f20-bea9-61a6a8402c1e,"ﾃﾞｭﾗｼｰ 粉 2ｵﾝｽ","ﾘﾗｲｱﾝｽ","https://cdn.shopify.com/s/files/1/0508/9706/0033/products/07090953_559dc60a08892_580x@2x.jpg?v=1605248083",55
cefba861-a187-49da-9a62-583071fa6389,"ﾃﾞｭﾗｼｰ 粉 2ｵﾝｽ","ﾘﾗｲｱﾝｽ","https://cdn.shopify.com/s/files/1/0508/9706/0033/products/07090953_559dc60a08892_580x@2x.jpg?v=1605248083",55
a7e3b272-4109-40a0-b0cb-d9b0d63359c4,"ﾃﾞｭﾗｼｰﾙ 液 2ｵﾝｽ","ﾘﾗｲｱﾝｽ","https://cdn.shopify.com/s/files/1/0508/9706/0033/products/07090953_559dc60a08892_580x@2x.jpg?v=1605248083",55
76decae7-4b25-4d7a-bb28-3b0cb8af623d,"ﾃﾞｭﾗｼｰﾙ 液 2ｵﾝｽ","ﾘﾗｲｱﾝｽ","https://cdn.shopify.com/s/files/1/0508/9706/0033/products/07090953_559dc60a08892_580x@2x.jpg?v=1605248083",55
91ada73f-e92a-4f48-8941-03a52f881e57,"ﾃﾞｭﾗｼｰﾙ 液 8ｵﾝｽ","ﾘﾗｲｱﾝｽ","https://shop.r10s.jp/yuzawakikaku/cabinet/r_y043200-y044999/y043756-000-000.jpg",55
c94bf9ac-dd44-46ee-a966-1a83950fb105,"ﾃﾞｭﾗｼｰﾙ 粉 8ｵﾝｽ","ﾘﾗｲｱﾝｽ","https://cdn.shopify.com/s/files/1/0508/9706/0033/products/12151205_5a333bfa37dbe_580x@2x.jpg?v=1605248088",55
23778686-3146-498f-8c86-c43fba41a07d,"ﾃﾞｭﾗｼｰﾙ 粉 8ｵﾝｽ","ﾘﾗｲｱﾝｽ","https://cdn.shopify.com/s/files/1/0508/9706/0033/products/12151205_5a333bfa37dbe_580x@2x.jpg?v=1605248088",55
1715b5e5-cdbf-4ac4-98fd-1c4341afb357,"ﾃﾞｭﾗｼｰﾙ2ｵﾝｽｷｯﾄ","ﾘﾗｲｱﾝｽ","https://cdn.shopify.com/s/files/1/0508/9706/0033/products/07090953_559dc60a08892_580x@2x.jpg?v=1605248083",55
18abfdfc-22bc-4a4c-85a2-eaa03b1bf787,"ﾃﾞｭﾗｼｰﾙ2ｵﾝｽｷｯﾄ","ﾘﾗｲｱﾝｽ","https://cdn.shopify.com/s/files/1/0508/9706/0033/products/07090953_559dc60a08892_580x@2x.jpg?v=1605248083",55
966b66e5-ed0f-4306-98c8-fa31c63fcd0b,"ﾚｼﾞﾝ筆積専用筆 曲 0","ﾘﾗｲｱﾝｽ","https://mokuda.biz/uploads/RELIANCE/46028.png",55
ee94b3ee-ee3d-4de3-a4cc-e8b706759edb,"ﾚｼﾞﾝ筆積専用筆 曲 0","ﾘﾗｲｱﾝｽ","https://mokuda.biz/uploads/RELIANCE/46028.png",55
aa36fef1-f471-422b-ab0a-c4449386b929,"ﾚｼﾞﾝ筆積専用筆 曲 2","ﾘﾗｲｱﾝｽ","https://mokuda.biz/uploads/RELIANCE/46028.png",55
67843825-dae4-4e45-9b3b-7971e57471f1,"ﾚｼﾞﾝ筆積専用筆 曲 2","ﾘﾗｲｱﾝｽ","https://mokuda.biz/uploads/RELIANCE/46028.png",55
2c20305d-c5c6-47da-892a-996282df726b,"ﾍﾞｰｼｯｸｴｺ 2ﾀﾝｸ 2949-5025","ﾚﾝﾌｪﾙﾄ","https://cdndental.feed.jp/contents/common/img/goods/item/1080419/1080419_L.jpg",55
9d4eacd9-8147-4909-a2c2-7c31d305cc80,"ﾍﾞｰｼｯｸｴｺ 2ﾀﾝｸ 2949-5025","ﾚﾝﾌｪﾙﾄ","https://cdndental.feed.jp/contents/common/img/goods/item/1080419/1080419_L.jpg",55
913748c5-d588-40dc-9d05-c15e004f5b93,"FMﾘﾝｸﾞﾚｯﾄ LN4049 ｲｴﾛｰ","ﾛﾂｷ-ﾏｳﾝﾃﾝ","https://sc3.locondo.jp/contents/commodity_image/A0/A02225EW027123_8_l.jpg",55
2f194547-e9a5-4272-a9ed-6cb4a9239070,"FMﾘﾝｸﾞﾚｯﾄ LN4049 ｲｴﾛｰ","ﾛﾂｷ-ﾏｳﾝﾃﾝ","https://auctions.c.yimg.jp/images.auctions.yahoo.co.jp/image/dr000/auc0407/users/359bebc45d919bfee558f0eb8e04f674fd8fa1f6/i-img1200x802-1690812477zt55ln2087661.jpg",48
aaf6b1ac-deca-4c18-aaa5-15496f947ebe,"FMﾘﾝｸﾞﾚｯﾄ LW5149 ﾋﾟﾝｸ","ﾛﾂｷ-ﾏｳﾝﾃﾝ","https://sc3.locondo.jp/contents/commodity_image/AQ/AQ3518DW00118_1_l.jpg",55
22143cf3-88e0-4ddc-a98d-bb1c23a9c669,"FMﾘﾝｸﾞﾚｯﾄ LW5149 ﾋﾟﾝｸ","ﾛﾂｷ-ﾏｳﾝﾃﾝ","https://sc3.locondo.jp/contents/commodity_image/A0/A02225EW027123_8_l.jpg",55
0504d9fb-8dce-4181-816b-0a932b8c1767,"FMﾘﾝｸﾞﾚｯﾄ LX2849 ﾌﾞﾙｰ","ﾛﾂｷ-ﾏｳﾝﾃﾝ","https://static.mercdn.net/item/detail/orig/photos/m23382961008_1.jpg?1721731990",55
8452f785-0b87-49ff-87f3-23e940146c9f,"FMﾘﾝｸﾞﾚｯﾄ LX2849 ﾌﾞﾙｰ","ﾛﾂｷ-ﾏｳﾝﾃﾝ","https://static.mercdn.net/item/detail/orig/photos/m23558127596_1.jpg?1704285611",54
e8820a8b-ede9-4f93-9dbd-81b8c769ffba,"T065 FMｽｰﾊﾟｰｽﾚﾂﾄﾞ","ﾛﾂｷ-ﾏｳﾝﾃﾝ","https://sc3.locondo.jp/contents/commodity_image/A0/A02225EW027124_8_l.jpg",55
4e166a1c-8c23-4bb7-8e4c-fafc51a10a04,"T065 FMｽｰﾊﾟｰｽﾚﾂﾄﾞ","ﾛﾂｷ-ﾏｳﾝﾃﾝ","https://sc3.locondo.jp/contents/commodity_image/A0/A02225EW027124_8_l.jpg",55
29f363a9-3286-480c-b004-35f4fe309444,"ﾘﾝｶﾞﾙﾃﾞｨﾎﾞﾝﾃﾞｨﾝｸﾞﾌﾟﾗｲﾔｰ 678-709","ﾛﾂｷ-ﾏｳﾝﾃﾝ","https://www.bfmulholland.com/images/hu-friedy-678-709-lingual-debonding-pliers-each-p17952-18619_image.jpg",55
d88674ca-970a-464b-9741-3171d488554c,"ﾘﾝｶﾞﾙﾃﾞｨﾎﾞﾝﾃﾞｨﾝｸﾞﾌﾟﾗｲﾔｰ 678-709","ﾛﾂｷ-ﾏｳﾝﾃﾝ","https://www.bfmulholland.com/images/hu-friedy-678-709-lingual-debonding-pliers-each-p17952-18619_image.jpg",55
dd52828f-7a05-4d4f-8ca4-eff602bd00da,"ﾑｰｼｰﾙﾄﾞ S 2個入　CLⅢ","ﾛｯｷｰﾏｳﾝﾃﾝ","https://d15ihgh2blymmz.cloudfront.net/uploads/item_image/4560231771658/4560231771658_1.jpg",55
92e68fc5-36c2-4c0a-910f-4f5aaf91a8ff,"ﾑｰｼｰﾙﾄﾞ S 2個入　CLⅢ","ﾛｯｷｰﾏｳﾝﾃﾝ","https://d15ihgh2blymmz.cloudfront.net/uploads/item_image/4560231771658/4560231771658_1.jpg",55
867165e7-10e1-4bcf-83c2-25f15dd7efe5,"LC ｵﾙｿﾏｲﾄ ﾍﾟｰｽﾄ 4g ﾉｽﾞﾙﾁｯﾌﾟ付","ﾛｯｷｰﾏｳﾝﾃﾝﾓﾘﾀ","https://maiplemedical.com/cdn/shop/products/50115-03S_580x.jpg?v=1624468880",55
4c76a9f8-509d-4e98-9683-38e9265a4934,"LC ｵﾙｿﾏｲﾄ ﾍﾟｰｽﾄ 4g ﾉｽﾞﾙﾁｯﾌﾟ付","ﾛｯｷｰﾏｳﾝﾃﾝﾓﾘﾀ","https://maiplemedical.com/cdn/shop/products/50115-03S_580x.jpg?v=1624468880",55
b3a36348-1514-4928-8c97-f9cbee5caf86,"ｴﾙｼﾞﾛｲﾜｲﾔｰ ﾚｸﾀﾝｷﾞｭﾗｰ E00259","ﾛｯｷｰﾏｳﾝﾃﾝﾓﾘﾀ","https://d15ihgh2blymmz.cloudfront.net/uploads/item_image/4582416284237/4582416284237_1.jpg",55
20fd2a46-2995-4842-9fd1-e7aae3e71be6,"ｴﾙｼﾞﾛｲﾜｲﾔｰ ﾚｸﾀﾝｷﾞｭﾗｰ E00259","ﾛｯｷｰﾏｳﾝﾃﾝﾓﾘﾀ","https://auctions.c.yimg.jp/images.auctions.yahoo.co.jp/image/dr000/auc0307/users/574afa69652dfe88fd8cc52785515e269413b601/i-img1200x1200-1658374282z601z799883.jpg",55
772f35d1-0f4e-486b-b8d0-4528410a32b2,"ｴﾙｼﾞﾛｲﾜｲﾔｰｽｸｴｱｰ E00304","ﾛｯｷｰﾏｳﾝﾃﾝﾓﾘﾀ","https://static.mercdn.net/item/detail/orig/photos/m40166461187_1.jpg?1749672834",55
fbc7e08d-2967-4e1f-a444-294700f32a50,"ｴﾙｼﾞﾛｲﾜｲﾔｰｽｸｴｱｰ E00304","ﾛｯｷｰﾏｳﾝﾃﾝﾓﾘﾀ","https://d15ihgh2blymmz.cloudfront.net/uploads/item_image/4582416284237/4582416284237_1.jpg",55
72b966c9-8e7b-4ffe-983f-1353fe0ec29d,"日薬局方 白色ﾜｾﾘﾝ500G","健栄製薬","https://m.media-amazon.com/images/I/71zgl6-ck1L._AC_SX425_.jpg",60
665572b4-0080-455c-9d88-313000a7b5d6,"白色ﾜｾﾘﾝ 50G","健栄製薬","https://www.matsukiyococokara-online.com/store/media/catalog/product/4/9/4987286301341_01_f08d666c09654f607bd9ce50a85f8fab.jpg",55
35722280-274a-4094-aaea-63cd16453e1e,"①歯と口の健康のために 初回用","愛知県歯科医師会","https://aichi8020.net/wp-content/uploads/2022/12/info_20200330_3-1.png",49
a96b0f59-7ebe-47b7-91ef-ef2ea15f4c0d,"生食注 20ml×50 ﾌﾟﾗｽﾁｯｸｱﾝﾌﾟﾙ","扶桑薬品工業","https://www.otsukakj.jp/med_nutrition/dikj/upload/fr210a1ab.jpg",50
cb2f87b1-1376-450e-8ffb-c03165d3c18b,"生食注 20ml×50 ﾌﾟﾗｽﾁｯｸｱﾝﾌﾟﾙ","扶桑薬品工業","https://www.otsukakj.jp/med_nutrition/dikj/upload/fr210a1ab.jpg",50
7f7ba032-e634-4bfe-a70e-98faf436081c,"卓上型超音波ｶｯﾀｰ KW-430C","日本ｱﾚｯｸｽ","https://cdn.askul.co.jp/img/product/3L1/P665523_3L1.jpg",55
228be4fe-e74e-4363-a9c2-e97ecf839a90,"卓上型超音波ｶｯﾀｰ KW-430C","日本ｱﾚｯｸｽ","https://cdn.askul.co.jp/img/product/3L1/P665523_3L1.jpg",55
49f8accc-8902-4a14-9b9b-957aff7aae83,"ﾎﾟｹｯﾄ線量計 PDM-122","日立","https://r.r10s.jp/ran/img/1001/0004/901/680/704/584/10010004901680704584_2.jpg?fitin=400:400&composite-to=*,*%7C400:400",45
3435a634-2701-4737-8824-c9e7818f7944,"局方 ﾎﾙﾏﾘﾝ「ｺｻﾞｶｲ・M」 500ml","日興製薬","https://vet.cygni.co.jp/images/goods/91386/91386_1.jpg",55
35780193-89a7-4be2-a561-059d620a37e6,"局方 ﾎﾙﾏﾘﾝ「ｺｻﾞｶｲ・M」 500ml","日興製薬","https://vet.cygni.co.jp/images/goods/91386/91386_1.jpg",55
8a0f17e3-ed47-4a3f-b45a-3d7950be670d,"GIｼﾘﾝｼﾞ用ﾉｽﾞﾙ&ﾌﾟﾗｸﾞ 200ｺ","松風","https://www.shofu.co.jp/product/item/assets/thumbnail/gisyringe_plug.jpg",99
ec66fb88-2bb4-4b2d-ac0b-933ec3314bdd,"GIｼﾘﾝｼﾞ用ﾉｽﾞﾙ&ﾌﾟﾗｸﾞ 200ｺ","松風","https://www.shofu.co.jp/product/item/assets/thumbnail/gisyringe_plug.jpg",99
041782bc-5ad4-40b9-b401-5c724617fee8,"ｱｲｽﾍﾟｼｬﾙ C-5","松風","https://www.shofu.co.jp/eyespecialc5/img/img_sp.jpg",101
2f4c48bc-c796-4523-bf31-29b2432d213c,"ｱｲｽﾍﾟｼｬﾙ C-5","松風","https://www.shofu.co.jp/eyespecialc5/img/img_sp.jpg",101
5365fd33-c7a6-44ba-8d30-05afa259f21f,"ｱﾙﾐﾊﾞｰﾌﾞﾛｯｸ AL‐FG","松風","https://www.shofu.co.jp/product/assets_c/2025/12/alumi_bur_block-thumb-408xauto-881.jpg",74
bd033a2b-b0c4-4f81-9437-2d4a83ebeb5b,"ｱﾙﾐﾊﾞｰﾌﾞﾛｯｸ AL‐FG","松風","https://www.shofu.co.jp/product/assets_c/2025/12/alumi_bur_block-thumb-408xauto-881.jpg",74
1869092c-b554-45bd-957a-a11d9a444a8a,"ｶｰﾎﾞﾗﾝﾀﾞﾑﾎﾟｲﾝﾄ CA 24 12ｲﾘ","松風","https://www.shofu.co.jp/product1/core_sys/images/contents/00000423/base/001.jpg?1707383266",74
443cae9b-644b-4899-b183-c584136e3d3d,"ｶｰﾎﾞﾗﾝﾀﾞﾑﾎﾟｲﾝﾄ CA 24 12ｲﾘ","松風","https://www.shofu.co.jp/product1/core_sys/images/contents/00000423/base/001.jpg?1707383266",74
1ed249bc-f436-49f3-9c46-9871ecdc3b9e,"ｶｰﾎﾞﾗﾝﾀﾞﾑﾎﾟｲﾝﾄ CA 28 12入","松風","https://www.shofu.co.jp/product1/core_sys/images/contents/00000423/base/001.jpg?1707383266",74
4bcd769f-a456-4575-b5e5-577051086b85,"ｶｰﾎﾞﾗﾝﾀﾞﾑﾎﾟｲﾝﾄ CA 28 12入","松風","https://www.shofu.co.jp/product1/core_sys/images/contents/00000423/base/001.jpg?1707383266",74
0bc05131-3ea7-48f7-88b4-39984d515e5d,"ｶｰﾎﾞﾗﾝﾀﾞﾑﾎﾟｲﾝﾄ CA 44 12ｲﾘ","松風","https://d15ihgh2blymmz.cloudfront.net/uploads/item_image/4548162039897/4548162039897_1.jpg",55
12d03ff7-d694-40b7-8d0f-77c8cdf1ec74,"ｶｰﾎﾞﾗﾝﾀﾞﾑﾎﾟｲﾝﾄ CA 44 12ｲﾘ","松風","https://www.shofu.co.jp/product1/core_sys/images/contents/00000423/base/001.jpg?1707383266",74
01b088a2-b8f8-40e0-af34-15fbacd87fe5,"ｶｰﾎﾞﾗﾝﾀﾞﾑﾎﾟｲﾝﾄ HP 13 12ｲﾘ","松風","https://d15ihgh2blymmz.cloudfront.net/uploads/item_image/4548162039750/4548162039750_1.jpg",55
880b189f-979d-45a3-96c1-7632bce72e0a,"ｶｰﾎﾞﾗﾝﾀﾞﾑﾎﾟｲﾝﾄ HP 13 12ｲﾘ","松風","https://d15ihgh2blymmz.cloudfront.net/uploads/item_image/4548162039750/4548162039750_1.jpg",55
859332a7-d9e6-408e-8264-8c179cfe2f7c,"ｶｰﾎﾞﾗﾝﾀﾞﾑﾎﾟｲﾝﾄ HP 28 12入","松風","https://d15ihgh2blymmz.cloudfront.net/uploads/item_image/4548162039835/4548162039835_1.jpg",55
5fda1555-c9dd-46e3-bc27-0110f3bb1f30,"ｶｰﾎﾞﾗﾝﾀﾞﾑﾎﾟｲﾝﾄ HP 28 12入","松風","https://d15ihgh2blymmz.cloudfront.net/uploads/item_image/4548162039835/4548162039835_1.jpg",55
d0de9995-261a-4bf2-b3d2-ce867d5d175a,"ｶｰﾎﾞﾗﾝﾀﾞﾑﾎﾟｲﾝﾄ HP 44","松風","https://d15ihgh2blymmz.cloudfront.net/uploads/item_image/4548162039897/4548162039897_1.jpg",55
b96183aa-1705-4ff6-a1aa-c83e04ca5385,"ｶｰﾎﾞﾗﾝﾀﾞﾑﾎﾟｲﾝﾄ HP 44","松風","https://d15ihgh2blymmz.cloudfront.net/uploads/item_image/4548162039897/4548162039897_1.jpg",55
737684f4-9fe2-4016-a317-a94b818efff7,"ｺﾝﾎﾟﾏｽﾀｰCA28 4本1箱","松風","https://www.shofu.co.jp/product1/core_sys/images/contents/00000434/base/001.jpg?1584887402",74
cbb44c35-0363-43a9-b994-b99f7cf0ef82,"ｺﾝﾎﾟﾏｽﾀｰCA28 4本1箱","松風","https://www.shofu.co.jp/product1/core_sys/images/contents/00000434/base/001.jpg?1584887402",74
7f6eefb0-eca0-43ad-89b0-74429bd3266f,"ｼﾞｪｯﾄｶｰﾊﾞｲﾄﾞﾊﾞｰFG 10本 1557","松風","https://d15ihgh2blymmz.cloudfront.net/uploads/item_image/4548162050144/4548162050144_1.jpg",55
4637f80a-0e6e-4c06-98d3-0e6c069dc1a3,"ｼﾞｪｯﾄｶｰﾊﾞｲﾄﾞﾊﾞｰFG 10本 1557","松風","https://auctions.c.yimg.jp/images.auctions.yahoo.co.jp/image/dr000/auc0404/users/6a5b6bd69a68497043aeaad4161400419f4d5b81/i-img965x965-1682473705exqhfx188945.jpg",55
b07fbcab-6207-4371-ab12-359632991ee0,"ｼﾞｪｯﾄｶｰﾊﾞｲﾄﾊﾞｰFG 10本 1558","松風","https://d15ihgh2blymmz.cloudfront.net/uploads/item_image/4548162050151/4548162050151_1.jpg",55
e2536ddc-c900-410a-9fe2-87cf19260085,"ｼﾞｪｯﾄｶｰﾊﾞｲﾄﾊﾞｰFG 10本 1558","松風","https://d15ihgh2blymmz.cloudfront.net/uploads/item_image/4548162050151/4548162050151_1.jpg",55
beacb81b-99a1-4b89-92a4-baec511f2159,"ｼﾞｪｯﾄｶｰﾊﾞｲﾄﾞﾊﾞｰFG 10本 1558","松風","https://d15ihgh2blymmz.cloudfront.net/uploads/item_image/4548162050151/4548162050151_1.jpg",55
3b7bc6c5-d6d2-4534-9b8f-f34a13a15319,"ｼﾞｪｯﾄｶｰﾊﾞｲﾄﾞﾊﾞｰFG 10本 1558","松風","https://d15ihgh2blymmz.cloudfront.net/uploads/item_image/4548162050151/4548162050151_1.jpg",55
7ed8808e-d2ee-4e2e-a134-c273120c10a4,"ｼﾞｪｯﾄｶｰﾊﾞｲﾄﾊﾞｰFG 330　10本入り","松風","https://d15ihgh2blymmz.cloudfront.net/uploads/item_image/4548162050175/4548162050175_1.jpg",55
1b662fdf-15c2-4d74-ac97-f21874ca9c94,"ｼﾞｪｯﾄｶｰﾊﾞｲﾄﾊﾞｰFG 330　10本入り","松風","https://d15ihgh2blymmz.cloudfront.net/uploads/item_image/4548162050175/4548162050175_1.jpg",55
57f265f4-2902-4745-9350-5a3e46dcd699,"ｼﾞｪｯﾄｶｰﾊﾞｲﾄﾊﾞｰFG 331　10本入り","松風","https://shop.pdr.co.jp/g_images/series-10596/series-10596_03.jpg",80
38128d7a-a26c-4e6e-990f-3cf050fdd02c,"ｼﾞｪｯﾄｶｰﾊﾞｲﾄﾊﾞｰFG 331　10本入り","松風","https://shop.pdr.co.jp/g_images/series-10596/series-10596_03.jpg",80
837dbef8-749b-4d22-a0d0-a32af9ff9a60,"ｼﾞｪｯﾄｶｰﾊﾞｲﾄﾊﾞｰHP 701　5本入","松風","https://www.shofu.co.jp/product1/core_sys/images/contents/00000414/block/00001121/sn_00000071.jpg?1707624742",92
1f135cbd-fd8b-4687-b64f-e3e54c7c3c0d,"ｼﾞｪｯﾄｶｰﾊﾞｲﾄﾊﾞｰHP 701　5本入","松風","https://www.shofu.co.jp/product1/core_sys/images/contents/00000414/block/00001121/sn_00000071.jpg?1707624742",92
615491b6-a0c9-405b-b9ae-14f437208000,"ｼﾘｺﾝﾎﾟｲﾝﾄ CA M2-28","松風","https://shop.pdr.co.jp/g_images/series-439/series-439_01.jpg",80
ecac9343-29c5-417e-b4dc-c2d589e9bd9d,"ｼﾘｺﾝﾎﾟｲﾝﾄ CA M2-28","松風","https://shop.pdr.co.jp/g_images/series-439/series-439_01.jpg",80
b47a50e2-5693-4c33-bd8d-879e5ddb9ec3,"ｼﾘｺﾝﾎﾟｲﾝﾄ CA M3-28","松風","https://d15ihgh2blymmz.cloudfront.net/uploads/item_image/4548162041326/4548162041326_1.jpg",55
4bd4cba4-d76b-4b91-8cec-91d07d39ad13,"ｼﾘｺﾝﾎﾟｲﾝﾄ CA M3-28","松風","https://d15ihgh2blymmz.cloudfront.net/uploads/item_image/4548162041371/4548162041371_1.jpg",55
1c6ab911-3170-4b34-a1a3-f1626c5277a5,"ｼﾘｺﾝﾎﾟｲﾝﾄ HP M2-13","松風","https://m.media-amazon.com/images/I/81BSuTXPV0L.jpg",64
33287f6f-3843-466d-a994-3b251f101ba2,"ｼﾘｺﾝﾎﾟｲﾝﾄ HP M2-13","松風","https://m.media-amazon.com/images/I/81BSuTXPV0L.jpg",64
d9c689bc-8242-41d4-ba42-eafd7b6010de,"ｼﾘｺﾝﾎﾟｲﾝﾄ HP M2-28","松風","https://d15ihgh2blymmz.cloudfront.net/uploads/item_image/4548162041104/4548162041104_1.jpg",55
5622d8c7-4279-42db-bbb2-d46db406cff9,"ｼﾘｺﾝﾎﾟｲﾝﾄ HP M2-28","松風","https://d15ihgh2blymmz.cloudfront.net/uploads/item_image/4548162041104/4548162041104_1.jpg",55
be3b8261-546c-4be6-85e6-5c769255c28b,"ｼﾘｺﾝﾎﾟｲﾝﾄ HP M3-13","松風","https://shop.pdr.co.jp/g_images/series-492/series-492_01.jpg",80
11a322e6-b7dd-4abb-b181-665fee520d44,"ｼﾘｺﾝﾎﾟｲﾝﾄ HP M3-28","松風","https://shop.pdr.co.jp/g_images/series-492/series-492_01.jpg",80
f7f6cfe1-f63c-46f0-9a69-a998eb386e8d,"ｼﾘｺﾝﾎﾟｲﾝﾄ HP M3-28","松風","https://shop.pdr.co.jp/g_images/series-492/series-492_01.jpg",80
23e7ebed-b2be-4c41-a7c8-f8e4d7b66de1,"ｼﾘｺﾝﾜﾝｸﾞﾛｽ NO.1 ﾐﾃﾞｨ 25入","松風","https://www.shofu.co.jp/pickup/glossmaster/assets/img/img_feature_06.jpg",91
27f53676-9473-4c60-a1a4-47e69218f586,"ｼﾘｺﾝﾜﾝｸﾞﾛｽ NO.1 ﾐﾃﾞｨ 25入","松風","https://d15ihgh2blymmz.cloudfront.net/uploads/item_image/4548162041326/4548162041326_1.jpg",55
99c4859d-cc46-4cdd-b215-c9b806f5fbbd,"ｼﾞﾙｺｼｬｲﾝ(ｺｰｽ)CA 4本 28","松風","https://www.shofu.co.jp/product1/core_sys/images/contents/00001798/base/sn_001.jpg?1753265716",74
cc98e5d2-f767-46fa-9ab8-ba280796511b,"ｼﾞﾙｺｼｬｲﾝ(ｺｰｽ)CA 4本 28","松風","https://www.shofu.co.jp/product1/core_sys/images/contents/00001798/base/sn_001.jpg?1753265716",74
922e2371-8ec3-4523-946c-954088b7f510,"ｼﾞﾙｺｼｬｲﾝ(ｺｰｽ)HP 4本28","松風","https://www.shofu.co.jp/product1/core_sys/images/contents/00001798/base/sn_001.jpg?1753265716",74
25b109a7-392a-4d2b-884b-7aa73f599afd,"ｼﾞﾙｺｼｬｲﾝ(ｺｰｽ)HP 4本28","松風","https://www.shofu.co.jp/product1/core_sys/images/contents/00001798/base/sn_001.jpg?1753265716",74
769c52b2-f62f-4190-b1dd-37930244d6ce,"ｼﾞﾙｺｼｬｲﾝ(ﾌｧｲﾝ)CA 4本 28","松風","https://www.shofu.co.jp/product1/core_sys/images/contents/00001798/base/sn_001.jpg?1753265716",74
8f0f276a-240d-4480-a79f-177e051a852f,"ｼﾞﾙｺｼｬｲﾝ(ﾌｧｲﾝ)CA 4本 28","松風","https://www.shofu.co.jp/product1/core_sys/images/contents/00001798/base/sn_001.jpg?1753265716",74
0aa2c10a-e5e2-416e-859c-35352a076899,"ｼﾞﾙｺｼｬｲﾝ(ﾌｧｲﾝ)HP 4本 28","松風","https://www.shofu.co.jp/product1/core_sys/images/contents/00001798/base/sn_001.jpg?1753265716",74
d17467e7-c115-4866-934c-0ad012dd5384,"ｼﾞﾙｺｼｬｲﾝ(ﾌｧｲﾝ)HP 4本 28","松風","https://www.shofu.co.jp/product1/core_sys/images/contents/00001798/base/sn_001.jpg?1753265716",74
4bd2b0c2-4176-492a-992c-00ab7b190499,"ｼﾞﾙｺｼｬｲﾝ(ﾐﾃﾞｨｱﾑ)CA 4本 28","松風","https://auctions.c.yimg.jp/images.auctions.yahoo.co.jp/image/dr000/auc0306/users/26bca47bb19e26fe1bcbb7f58d88ff281b40d8ee/i-img1088x1088-165521735829tsb8327243.jpg",55
db480a3c-61cd-4d7e-b5bd-4c2bc7b23821,"ｼﾞﾙｺｼｬｲﾝ(ﾐﾃﾞｨｱﾑ)CA 4本 28","松風","https://auctions.c.yimg.jp/images.auctions.yahoo.co.jp/image/dr000/auc0306/users/26bca47bb19e26fe1bcbb7f58d88ff281b40d8ee/i-img1088x1088-165521735829tsb8327243.jpg",55
11dfa73d-633a-463b-81e9-b1dd67daba03,"ｼﾞﾙｺｼｬｲﾝ(ﾐﾃﾞｨｱﾑ)HP 4本 28","松風","https://www.shofu.co.jp/product1/core_sys/images/contents/00001798/base/sn_001.jpg?1753265716",74
ced542e4-c423-47ce-ae03-9c84126a75b5,"ｼﾞﾙｺｼｬｲﾝ(ﾐﾃﾞｨｱﾑ)HP 4本 28","松風","https://www.shofu.co.jp/product1/core_sys/images/contents/00001798/base/sn_001.jpg?1753265716",74
1c957927-050d-4b44-9412-ac6062f99653,"ｾﾒﾝﾄ 紙練板 6冊入","松風","https://www.gc.dental/japan/sites/japan.gc.dental/files/styles/related_products/public/japan-migration/czlGdvjz7Wzx.jpg.webp?itok=Dr5YU657",101
b1468c74-5438-4efc-9aa5-17ff014d1c35,"ｾﾒﾝﾄ 紙練板 6冊入","松風","https://www.gc.dental/japan/sites/japan.gc.dental/files/styles/related_products/public/japan-migration/czlGdvjz7Wzx.jpg.webp?itok=Dr5YU657",101
d234d0ca-79de-4c78-9558-c846cdb0e7aa,"ｾﾒﾝﾄｽﾊﾟﾁｭﾗ ﾎﾜｲﾄ　10本入","松風","https://www.shofu.co.jp/product2/core_sys/images/contents/00001876/base/sn_001.jpg?1707474831",74
3b0834b0-e368-446f-bc7f-3c39c4f18e69,"ﾀﾞｲﾔFG 100 ｸﾗｽ 117","松風","https://www.shofu.co.jp/product/core_sys/images/news/00001133/block/00002894/00002466.jpg?1684466262",93
132cf6be-0321-4be5-9b34-8af2d17b2c12,"ﾀﾞｲﾔFG 100 ｸﾗｽ 117","松風","https://fordynet.fordy.jp/storage/products/20230502094731_1.jpg",55
38c6ee5d-9f55-4142-aa5b-17bd23810729,"ﾀﾞｲﾔFG 100 ｸﾗｽ 144","松風","https://www.shofu.co.jp/product/core_sys/images/news/00001133/block/00002894/00002466.jpg?1684466262",93
46f17a15-9251-4f6a-9832-8900be741d6c,"ﾀﾞｲﾔFG 100 ｸﾗｽ 144","松風","https://www.shofu.co.jp/product/core_sys/images/news/00001133/block/00002894/00002466.jpg?1684466262",93
a95f1d67-2983-406f-9b3c-79fd2ae4b42e,"ﾀﾞｲﾔFG 100 ｸﾗｽ 145","松風","https://www.shofu.co.jp/product/core_sys/images/news/00001133/block/00002894/00002466.jpg?1684466262",93
02e7f58b-fd56-4ea1-955c-db19af8a9552,"ﾀﾞｲﾔFG 100 ｸﾗｽ 145","松風","https://www.shofu.co.jp/product/core_sys/images/news/00001133/block/00002894/00002466.jpg?1684466262",93
fc0a430b-59d1-4dc3-b540-529bc6718952,"ﾀﾞｲﾔFG 100 ｸﾗｽ 148","松風","https://fordynet.fordy.jp/storage/products/20230502094731_1.jpg",55
6b3b8ad9-00eb-4fe9-b8b4-906a3f2b38a7,"ﾀﾞｲﾔFG 100 ｸﾗｽ 148","松風","https://fordynet.fordy.jp/storage/products/20230502094731_1.jpg",55
eeee1be0-a9a5-4090-8e9a-21f48393ed79,"ﾀﾞｲﾔFG 100 ｸﾗｽ SF104R","松風","https://shop.r10s.jp/yuzawakikaku/cabinet/m_y105000-y109999/s_9400/y109466-000-000.jpg",55
5a8ee364-28d5-4798-9dbc-202abf8b87cb,"ﾀﾞｲﾔFG 100 ｸﾗｽ SF104R","松風","https://shop.r10s.jp/yuzawakikaku/cabinet/m_y105000-y109999/s_9400/y109466-000-000.jpg",55
62841528-ef2a-4925-88d9-43dc7857665d,"ﾀﾞｲﾔFGｼｮｰﾄｼｬﾝｸ 200ｸﾗｽ 1201R","松風","https://fordynet.fordy.jp/storage/products/20230502094731_1.jpg",55
f16a2743-ecbb-4521-88cc-35de598950a8,"ﾀﾞｲﾔFGｼｮｰﾄｼｬﾝｸ 200ｸﾗｽ 1201R","松風","https://fordynet.fordy.jp/storage/products/20230502094731_1.jpg",55
d4c71ea4-c852-42c5-92e4-9932e0005464,"ﾀﾞｲﾔFGｼｮｰﾄｼｬﾝｸ 400ｸﾗｽ 1440","松風","https://www.shofu.co.jp/product/core_sys/images/news/00001133/block/00002894/00002466.jpg?1684466262",93
ceb7872f-33f7-4a6f-b5fb-69ff4a0ccd96,"ﾀﾞｲﾔFGｼｮｰﾄｼｬﾝｸ 400ｸﾗｽ 1440","松風","https://www.shofu.co.jp/product/core_sys/images/news/00001133/block/00002894/00002466.jpg?1684466262",93
a309f2f7-8bf3-4ee4-866b-144c95482cf8,"ﾀﾞｲﾔﾓﾝﾄﾞﾎﾟｲﾝﾄFG 100ｸﾗｽ 6本 102R","松風","https://www.shofu.co.jp/product1/core_sys/images/contents/00001626/block/00007089/00001338.jpg?1707934266",105
996333f9-4c3e-4408-8972-96523fd2e667,"ﾀﾞｲﾔﾓﾝﾄﾞﾎﾟｲﾝﾄFG 100ｸﾗｽ 6本 102R","松風","https://www.shofu.co.jp/product1/core_sys/images/contents/00001626/block/00007089/00001338.jpg?1707934266",105
33163df3-85f7-48d6-baa5-b66c1e871960,"ﾀﾞｲﾔﾓﾝﾄﾞﾎﾟｲﾝﾄFG 100ｸﾗｽ 6本 105R","松風","https://www.shofu.co.jp/product1/core_sys/images/contents/00001626/block/00007089/00001338.jpg?1707934266",105
07f6ca70-5cb4-4de0-8f9f-df2503e9a157,"ﾀﾞｲﾔﾓﾝﾄﾞﾎﾟｲﾝﾄFG 100ｸﾗｽ 6本 105R","松風","https://www.shofu.co.jp/product1/core_sys/images/contents/00001626/block/00007089/00001338.jpg?1707934266",105
6073582b-f76b-40eb-8754-decc54a05c81,"ﾀﾞｲﾔﾓﾝﾄﾞﾎﾟｲﾝﾄFG 300ｸﾗｽ 6本 340","松風","https://www.shofu.co.jp/product1/core_sys/images/contents/00001626/block/00007089/00001338.jpg?1707934266",105
4c3ab564-a9a6-4d8e-b8ae-87fcf2db0c44,"ﾀﾞｲﾔﾓﾝﾄﾞﾎﾟｲﾝﾄFG 300ｸﾗｽ 6本 340","松風","https://www.shofu.co.jp/product1/core_sys/images/contents/00001626/block/00007089/00001338.jpg?1707934266",105
06ae0272-cde1-4ae7-9e97-3985523ec973,"ﾀﾞｲﾔﾓﾝﾄﾞﾎﾟｲﾝﾄFG 400ｸﾗｽ 6本 440","松風","https://www.shofu.co.jp/product1/core_sys/images/contents/00001626/block/00007089/00001338.jpg?1707934266",105
aff9b0d4-2d8e-461d-a189-e2e62c819c99,"ﾀﾞｲﾔﾓﾝﾄﾞﾎﾟｲﾝﾄFG 400ｸﾗｽ 6本 440","松風","https://www.shofu.co.jp/product1/core_sys/images/contents/00001626/block/00007089/00001338.jpg?1707934266",105
ecd7b879-0292-474d-bedf-b0e6eea8c2a5,"ﾀﾞｲﾔﾓﾝﾄﾞﾎﾟｲﾝﾄFG 400ｸﾗｽ 6本 440S","松風","https://www.shofu.co.jp/product1/core_sys/images/contents/00001626/block/00007089/00001338.jpg?1707934266",105
c5c43fe6-4518-48db-bb7f-77fab3bd4e73,"ﾀﾞｲﾔﾓﾝﾄﾞﾎﾟｲﾝﾄFG 400ｸﾗｽ 6本 440S","松風","https://www.shofu.co.jp/product1/core_sys/images/contents/00001626/block/00007089/00001338.jpg?1707934266",105
7c822e41-1e9e-49e7-9cc4-dd03ff5ef103,"ﾀﾞｲﾔﾓﾝﾄﾞﾎﾟｲﾝﾄFGｼｮｰﾄｼｬﾝｸ 6本1202","松風","https://www.shofu.co.jp/product1/core_sys/images/contents/00001626/block/00007089/00001338.jpg?1707934266",105
22991a71-5955-457c-b9b3-1806cdcf44b5,"ﾀﾞｲﾔﾓﾝﾄﾞﾎﾟｲﾝﾄFGｼｮｰﾄｼｬﾝｸ 6本1202","松風","https://www.shofu.co.jp/product1/core_sys/images/contents/00001626/block/00007089/00001338.jpg?1707934266",105
517954c1-4fd5-4343-ba55-45aeea2a2828,"ﾀﾞｲﾔﾓﾝﾄﾞﾎﾟｲﾝﾄFGｼｮｰﾄｼｬﾝｸ 6本1301","松風","https://www.shofu.co.jp/product1/core_sys/images/contents/00001626/block/00007089/00001338.jpg?1707934266",105
abcbad2c-da33-440a-8816-f4e5c0bd99fe,"ﾃｨｯｼｭｺﾝﾃﾞｨｼｮﾅｰⅡ液 100ml","松風","https://d15ihgh2blymmz.cloudfront.net/uploads/item_image/4548162091239/4548162091239_1.jpg",55
fa376010-bb6e-4bfe-959b-42bf49ab5e71,"ﾃｨｯｼｭｺﾝﾃﾞｨｼｮﾅｰⅡ液 100ml","松風","https://d15ihgh2blymmz.cloudfront.net/uploads/item_image/4548162091239/4548162091239_1.jpg",55
20d580b1-830b-4629-967a-80aaf7be2a29,"ﾃｨｯｼｭｺﾝﾃﾞｨｼｮﾅｰⅡ粉120gﾎﾜｲﾄ","松風","https://d15ihgh2blymmz.cloudfront.net/uploads/item_image/4548162091215/4548162091215_1.jpg",55
90ab1c4b-bcd1-467c-bd40-1e00c1ae4748,"ﾃｨｯｼｭｺﾝﾃﾞｨｼｮﾅｰⅡ粉120gﾎﾜｲﾄ","松風","https://d15ihgh2blymmz.cloudfront.net/uploads/item_image/4548162091215/4548162091215_1.jpg",55
5457b9c8-fdb5-458c-8807-16c6887d3328,"ﾊﾞｲｵｻﾆﾀｲｻﾞｰ 500mL","松風","https://www.shofu.co.jp/pickup/infection_control/img/ic_kigu_2-4.jpg",74
ecea8519-949d-4d44-9552-8a9e362bd838,"ﾊﾞｲｵｻﾆﾀｲｻﾞｰ 500mL","松風","https://www.shofu.co.jp/pickup/infection_control/img/ic_kigu_2-4.jpg",74
6b3bf000-d71f-4f5c-b03a-673c3c2ecb2c,"ﾊﾞｲｵｻﾆﾀｲｻﾞｰ ｽﾌﾟﾚｰ容器","松風","https://img.fril.jp/img/623492417/l/1990118036.jpg?1691125966",55
3d7e2920-009e-404b-bd10-74deb0af840e,"ﾊﾞｲｵｻﾆﾀｲｻﾞｰ ｽﾌﾟﾚｰ容器","松風","https://img.fril.jp/img/623492417/l/1990118036.jpg?1691125966",55
3ab2d68c-a270-4d1a-89eb-f8f2837b9bdb,"ﾊｲﾎﾞﾝﾄﾞ ﾃﾝﾎﾟﾗﾘｰｾﾒﾝﾄ ﾊｰﾄﾞ 液","松風","https://shop.r10s.jp/yuzawakikaku/cabinet/r_y043200-y044999/y043749-000-000.jpg",55
fb5e6614-343b-42b9-992b-985a37583332,"ﾊｲﾎﾞﾝﾄﾞ ﾃﾝﾎﾟﾗﾘｰｾﾒﾝﾄ ﾊｰﾄﾞ 液","松風","https://shop.r10s.jp/yuzawakikaku/cabinet/r_y043200-y044999/y043749-000-000.jpg",55
c995c40f-2427-4308-9f86-a6dfddfd38b3,"ﾊｲﾎﾞﾝﾄﾞ ﾃﾝﾎﾟﾗﾘｰｾﾒﾝﾄ ﾊｰﾄﾞ 粉","松風","https://d15ihgh2blymmz.cloudfront.net/uploads/item_image/4548162039279/4548162039279_1.jpg",55
f429101b-f3fd-4436-996a-2d06d394b5d2,"ﾊｲﾎﾞﾝﾄﾞ ﾃﾝﾎﾟﾗﾘｰｾﾒﾝﾄ ﾊｰﾄﾞ 粉","松風","https://d15ihgh2blymmz.cloudfront.net/uploads/item_image/4548162039279/4548162039279_1.jpg",55
37fba61c-37f4-4550-9a58-a98c87fad76e,"ﾊｲﾎﾞﾝﾄﾞﾃﾝﾎﾟﾗﾘｰｾﾒﾝﾄ ﾊｰﾄﾞ 1-1 ﾎﾜｲﾄ","松風","https://shop.r10s.jp/genki-sokai/cabinet/m_y040000-y044999/s_3600/y043744-000-000.jpg",55
f4b204c7-f89d-4cf8-a94c-675b712e37d4,"ﾊｲﾎﾞﾝﾄﾞﾃﾝﾎﾟﾗﾘｰｾﾒﾝﾄ ﾊｰﾄﾞ 1-1 ﾎﾜｲﾄ","松風","https://shop.r10s.jp/genki-sokai/cabinet/m_y040000-y044999/s_3600/y043744-000-000.jpg",55
44778989-bcbb-4ec3-9337-975da59de715,"ﾊｲﾎﾞﾝﾄﾞﾃﾝﾎﾟﾗﾘｰｾﾒﾝﾄｿﾌﾄ粉125G W","松風","https://shop.r10s.jp/genki-sokai/cabinet/m_y040000-y044999/s_3600/y043746-000-000.jpg",55
87f5108c-2cbe-445e-bc45-c5c4199a5276,"ﾊｲﾎﾞﾝﾄﾞﾃﾝﾎﾟﾗﾘｰｾﾒﾝﾄｿﾌﾄ粉125G W","松風","https://shop.r10s.jp/genki-sokai/cabinet/m_y040000-y044999/s_3600/y043746-000-000.jpg",55
b45e7bb2-c661-407f-bb8d-6e85b2557dd5,"ﾊﾟｲﾙ用毛筆ｾｯﾄ 混毛(3本入)No.1","松風","https://shop.r10s.jp/genki-sokai/cabinet/m_y080000-y084999/s_3400/y083563-000-000.jpg",55
640aeaf2-2b26-4038-a544-eaf6f3ff6340,"ﾊﾟｲﾙ用毛筆ｾｯﾄ 混毛(3本入)No.1","松風","https://shop.r10s.jp/genki-sokai/cabinet/m_y080000-y084999/s_3400/y083563-000-000.jpg",55
f85f3091-e429-4f96-b9f0-73a6daa61699,"ﾋﾟｶ泡ｸｰﾙ　150ml","松風","https://m.media-amazon.com/images/S/aplus-seller-content-images-us-east-1/A1VC38T7YXB528/A1ZSO3AB2YWPA6/B077XPBV8F/rYxhVFG2Qf2E._UX800_TTW__.jpg",70
66720500-737a-4cac-9691-45cc17085d3c,"ﾋﾟｶ泡ｸｰﾙ　150ml","松風","https://m.media-amazon.com/images/S/aplus-seller-content-images-us-east-1/A1VC38T7YXB528/A1ZSO3AB2YWPA6/B077XPBV8F/rYxhVFG2Qf2E._UX800_TTW__.jpg",70
c18fc5db-03d0-4c53-9926-c74a38e9a365,"ﾋﾞｯｸﾞｼﾘｺﾝﾎﾟｲﾝﾄ HP 6本 R2-147","松風","https://d15ihgh2blymmz.cloudfront.net/uploads/item_image/4548162041814/4548162041814_1.jpg",55
9aea1589-ad4c-4f89-9d44-dfafaf22041d,"ﾋﾞｯｸﾞｼﾘｺﾝﾎﾟｲﾝﾄ HP 6本 R2-147","松風","https://d15ihgh2blymmz.cloudfront.net/uploads/item_image/4548162041814/4548162041814_1.jpg",55
eb2f4e97-81df-4d23-8be2-e0813269f30f,"ﾋﾞｭｰﾃｨﾌｨﾙ ｵﾍﾟｰｶｰ LO","松風","https://www.shofu.co.jp/pickup/beautifil_flowplus_x/assets/img/img_spec_02.jpg",99
b489c2fa-8735-408a-a793-13197b75db94,"ﾋﾞｭｰﾃｨﾌｨﾙ ｵﾍﾟｰｶｰ LO","松風","https://www.shofu.co.jp/pickup/beautifil_flowplus_x/assets/img/img_spec_02.jpg",99
8e1185d9-7797-4d7a-a7e5-4ca4ac982fb6,"ﾋﾞｭｰﾃｨﾌｨﾙ ﾌﾛｰ ﾌﾟﾗｽ F00 A1 2.2g","松風","https://www.shofu.co.jp/pickup/beautifil_flowplus_x/assets/img/img_spec_01.jpg",99
856ec9d3-1103-49d8-9ad6-1e6f377f2241,"ﾋﾞｭｰﾃｨﾌｨﾙ ﾌﾛｰ ﾌﾟﾗｽ F00 A1 2.2g","松風","https://www.shofu.co.jp/pickup/beautifil_flowplus_x/assets/img/img_spec_01.jpg",99
54976fb2-6b0b-4b18-9a03-569a23a5d6ec,"ﾋﾞｭｰﾃｨﾌｨﾙ ﾌﾛｰ ﾌﾟﾗｽX F00 A1 2.2g","松風","https://www.shofu.co.jp/pickup/beautifil_flowplus_x/assets/img/img_spec_01.jpg",99
e03fc25c-10ee-4264-a060-384f2625b0ef,"ﾋﾞｭｰﾃｨﾌｨﾙ ﾌﾛｰ ﾌﾟﾗｽX F00 A1 2.2g","松風","https://www.shofu.co.jp/pickup/beautifil_flowplus_x/assets/img/img_spec_01.jpg",99
ef01ecd7-e533-4f47-b8b9-6264e64f0a07,"ﾋﾞｭｰﾃｨﾌｨﾙ ﾌﾛｰ ﾌﾟﾗｽX F00 A3.5 2.2g","松風","https://www.shofu.co.jp/pickup/beautifil_flowplus_x/assets/img/img_spec_01.jpg",99
fb7f3ecd-fa57-4fda-97e8-8e0d0a607fbc,"ﾋﾞｭｰﾃｨﾌｨﾙ ﾌﾛｰ ﾌﾟﾗｽX F00 A3.5 2.2g","松風","https://www.shofu.co.jp/pickup/beautifil_flowplus_x/assets/img/img_spec_01.jpg",99
dab5598d-870c-4ffd-afe4-fbdc6904e394,"ﾋﾞｭｰﾃｨﾌｨﾙ ﾌﾛｰ ﾌﾟﾗｽX F00 BW 2.2g","松風","https://www.shofu.co.jp/pickup/beautifil_flowplus_x/assets/img/img_spec_01.jpg",99
afc4d0db-4b42-463a-8331-3ad7b0ba3613,"ﾋﾞｭｰﾃｨﾌｨﾙ ﾌﾛｰ ﾌﾟﾗｽX F00 BW 2.2g","松風","https://www.shofu.co.jp/pickup/beautifil_flowplus_x/assets/img/img_spec_01.jpg",99
b286a248-6542-439d-8270-880bffb92a0b,"ﾋﾞｭｰﾃｨﾌｨﾙ ﾌﾛｰ ﾌﾟﾗｽX F00A2 2.2g　3本入","松風","https://www.shofu.co.jp/pickup/beautifil_flowplus_x/assets/img/img_spec_02.jpg",99
159f7aaf-2bc4-4d91-849b-ab4c09e70681,"ﾋﾞｭｰﾃｨﾌｨﾙ ﾌﾛｰ ﾌﾟﾗｽX F00A2 2.2g　3本入","松風","https://www.shofu.co.jp/pickup/beautifil_flowplus_x/assets/img/img_spec_02.jpg",99
4728e668-8df1-4771-b605-558c32cd60b9,"ﾋﾞｭｰﾃｨﾌｨﾙ ﾌﾛｰ ﾌﾟﾗｽX F00A3 2.2g　3本入","松風","https://www.shofu.co.jp/pickup/beautifil_flowplus_x/assets/img/img_spec_01.jpg",99
da1773f9-ec19-4b10-a9a9-7490edf24007,"ﾋﾞｭｰﾃｨﾌｨﾙ ﾌﾛｰ ﾌﾟﾗｽX F00A3 2.2g　3本入","松風","https://www.shofu.co.jp/pickup/beautifil_flowplus_x/assets/img/img_spec_01.jpg",99
8cdf4c91-e5ec-43dc-8258-b02a82285656,"ﾋﾞｭｰﾃｨﾌｨﾙⅡ #A1 4.5G","松風","https://auctions.c.yimg.jp/images.auctions.yahoo.co.jp/image/dr000/auc0102/user/846ac6e32894e6b08f8f190540441bc2f08617e9ca775ebb33665d8691aa6493/i-img1200x675-17391012413711xqhute57559.jpg",46
2da9651b-7ea1-46a6-9247-bf6dcc5278ac,"ﾋﾞｭｰﾃｨﾌｨﾙⅡ #A1 4.5G","松風","https://auctions.c.yimg.jp/images.auctions.yahoo.co.jp/image/dr000/auc0102/user/846ac6e32894e6b08f8f190540441bc2f08617e9ca775ebb33665d8691aa6493/i-img1200x675-17391012413711xqhute57559.jpg",46
70458ecf-d9b5-42fa-b087-40a1ef60bd71,"ﾋﾞｭｰﾃｨﾌｨﾙⅡ #A2 3本入","松風","https://d15ihgh2blymmz.cloudfront.net/uploads/item_image/4548162244833/4548162244833_1.jpg",55
626fbb86-72de-4156-82c9-bddabe491eb4,"ﾋﾞｭｰﾃｨﾌｨﾙⅡ #A2 3本入","松風","https://d15ihgh2blymmz.cloudfront.net/uploads/item_image/4548162244833/4548162244833_1.jpg",55
ea5712ec-c0b9-4cda-a334-3b913760380d,"ﾋﾞｭｰﾃｨﾌｨﾙⅡ #A2 4.5G","松風","https://d15ihgh2blymmz.cloudfront.net/uploads/item_image/4548162184153/4548162184153_1.jpg",55
76de96ae-33e0-405d-8112-35ffaf9f731b,"ﾋﾞｭｰﾃｨﾌｨﾙⅡ #A2 4.5G","松風","https://d15ihgh2blymmz.cloudfront.net/uploads/item_image/4548162184153/4548162184153_1.jpg",55
a248bf1c-b541-4c82-a373-c1beeabe12e6,"ﾋﾞｭｰﾃｨﾌｨﾙⅡ #A3 3本入","松風","https://d15ihgh2blymmz.cloudfront.net/uploads/item_image/4548162244826/4548162244826_1.jpg",55
347e42fc-e0bb-4d4d-a0a1-615a4ac23beb,"ﾋﾞｭｰﾃｨﾌｨﾙⅡ #A3 3本入","松風","https://d15ihgh2blymmz.cloudfront.net/uploads/item_image/4548162244826/4548162244826_1.jpg",55
62a066aa-3e50-4165-8b43-abf9e997be37,"ﾋﾞｭｰﾃｨﾌｨﾙﾌﾛｰ F10 A2 2g","松風","https://www.shofu.co.jp/pickup/beautifil_flowplus_x/assets/img/img_spec_02.jpg",99
e5704354-71f2-4800-9d97-1ad4aede3b29,"ﾋﾞｭｰﾃｨﾌｨﾙﾌﾛｰ F10 A2 2g","松風","https://www.shofu.co.jp/pickup/beautifil_flowplus_x/assets/img/img_spec_02.jpg",99
d56c0ddf-79f9-47c7-9ddb-2f8d26da02fc,"ﾋﾞｭｰﾃｨﾎﾞﾝﾄﾞ Xtreme 1ｾｯﾄ","松風","http://www.shofu.co.jp/pickup/beautibond_xtreme/img/p_BeautiBondXtreme_3pac.jpg",98
754c64a2-5396-4fea-a1cd-35c342941ed4,"ﾋﾞｭｰﾃｨﾎﾞﾝﾄﾞ Xtreme 1ｾｯﾄ","松風","http://www.shofu.co.jp/pickup/beautibond_xtreme/img/p_BeautiBondXtreme_3pac.jpg",98
4d671486-6017-446b-ad85-f34dbe8d8df7,"ﾋﾞｭｰﾃｨﾎﾞﾝﾄﾞ Xtreme ﾄﾘﾌﾟﾙﾊﾟｯｸ","松風","http://www.shofu.co.jp/pickup/beautibond_xtreme/img/p_BeautiBondXtreme_3pac.jpg",98
7a9ce79b-ead9-4fd5-b372-76e7ed2ed130,"ﾋﾞｭｰﾃｨﾎﾞﾝﾄﾞ Xtreme ﾄﾘﾌﾟﾙﾊﾟｯｸ","松風","http://www.shofu.co.jp/pickup/beautibond_xtreme/img/p_BeautiBondXtreme_3pac.jpg",98
964d4368-9e71-473b-b73c-999481b1ee6b,"ﾌﾟﾚｻｰｼﾞｭ 40g","松風","https://shop.pdr.co.jp/g_images/series-12193/series-12193_01.jpg",80
cfa538cd-d3b6-4b3e-bec4-83879a5a62f4,"ﾌﾟﾚｻｰｼﾞｭ 40g","松風","https://shop.pdr.co.jp/g_images/series-12193/series-12193_01.jpg",80
92bc5ae5-30d4-47fd-8d8c-5b8237b4f63c,"ﾌﾟﾚｻｰｼﾞｭﾎﾟｲﾝﾄ 25個","松風","https://shop.pdr.co.jp/g_images/series-12193/series-12193_01.jpg",80
8c61f48e-006e-4149-9f37-847189a39e54,"ﾌﾟﾚｻｰｼﾞｭﾎﾟｲﾝﾄ 25個","松風","https://shop.pdr.co.jp/g_images/series-12193/series-12193_01.jpg",80
4fe465d7-e496-4d16-b234-af7ecaa3b88b,"ﾌﾟﾛﾋﾞﾅｲｽ 液 100mL 1本","松風","https://d15ihgh2blymmz.cloudfront.net/uploads/item_image/4548162036056/4548162036056_1.jpg",55
7d647a31-92d5-4664-8f7b-b8b8853c781f,"ﾌﾟﾛﾋﾞﾅｲｽ 液 100mL 1本","松風","https://d15ihgh2blymmz.cloudfront.net/uploads/item_image/4548162036056/4548162036056_1.jpg",55
56409ee8-111a-4f6a-b511-868169ed7811,"ﾌﾟﾛﾋﾞﾅｲｽ 液 250ml 1本","松風","https://d15ihgh2blymmz.cloudfront.net/uploads/item_image/4548162036056/4548162036056_1.jpg",55
c86d4d72-723f-4c30-996f-f9af818c0e5d,"ﾌﾟﾛﾋﾞﾅｲｽ 液 250ml 1本","松風","https://makeshop-multi-images.akamaized.net/dentalfit/itemimages/000000005769_RUXjUTX.jpg",55
0f10fa2a-0e47-4d29-a705-87963119723a,"ﾌﾟﾛﾋﾞﾅｲｽ粉A2(歯冠色)50G1ﾎﾝ","松風","https://d15ihgh2blymmz.cloudfront.net/uploads/item_image/4548162035981/4548162035981_1.jpg",55
69571c03-2f6b-4ec4-90cc-73a23337865a,"ﾌﾟﾛﾋﾞﾅｲｽ粉A2(歯冠色)50G1ﾎﾝ","松風","https://d15ihgh2blymmz.cloudfront.net/uploads/item_image/4548162035981/4548162035981_1.jpg",55
9642808b-d62c-460e-bd91-e658af516bf8,"ﾍﾞｰｽｾﾒﾝﾄ 1ｰ1        ﾎﾜｲﾄ","松風","https://shop.r10s.jp/genki-sokai/cabinet/m_y040000-y044999/s_3600/y043643-000-000.jpg",55
3c222da6-0100-4e32-823c-a7e2f4276fee,"ﾍﾞｰｽｾﾒﾝﾄ 1ｰ1        ﾎﾜｲﾄ","松風","https://shop.r10s.jp/genki-sokai/cabinet/m_y040000-y044999/s_3600/y043643-000-000.jpg",55
07361464-60a8-4ff6-ae34-ea3989de3d2c,"ﾍﾞｰｽｾﾒﾝﾄ 液 20g","松風","https://shop.r10s.jp/yuzawakikaku/cabinet/r_y043200-y044999/y043647-000-000.jpg",55
a61b47bf-3474-4bec-8914-6089f57278fb,"ﾍﾞｰｽｾﾒﾝﾄ 液 20g","松風","https://shop.r10s.jp/yuzawakikaku/cabinet/r_y043200-y044999/y043647-000-000.jpg",55
5f14fdf1-6913-4fb9-9f00-82dd192e7db6,"ﾍﾞｰｽｾﾒﾝﾄ 粉50G ﾎﾜｲﾄ","松風","https://d15ihgh2blymmz.cloudfront.net/uploads/item_image/4548162039408/4548162039408_1.jpg",55
e0779be4-0661-4ff5-a8d4-e1602a733c15,"ﾍﾞｰｽｾﾒﾝﾄ 粉50G ﾎﾜｲﾄ","松風","https://d15ihgh2blymmz.cloudfront.net/uploads/item_image/4548162039408/4548162039408_1.jpg",55
dcad8cd3-a584-4353-889c-3c620c8ec991,"ﾎﾜｲﾄﾆﾝｸﾞｼｪｰﾄﾞｶﾞｲﾄﾞ","松風","https://www.shofu.co.jp/pickup/shade_up_navi2/img/sup_2.jpg",70
3cd008f2-13e4-4d1a-85d1-99db06e8728f,"ﾎﾜｲﾄﾆﾝｸﾞｼｪｰﾄﾞｶﾞｲﾄﾞ","松風","https://www.shofu.co.jp/pickup/shade_up_navi2/img/sup_2.jpg",70
b1625936-67cd-4c39-b03d-224f8191a1bc,"ﾎﾜｲﾄﾎﾟｲﾝﾄ CA        28","松風","https://shop.pdr.co.jp/g_images/series-434/series-434_01.jpg",80
f0de24a6-f52e-49e7-8993-e1c4ba693b16,"ﾎﾜｲﾄﾎﾟｲﾝﾄ CA        28","松風","https://shop.pdr.co.jp/g_images/series-434/series-434_01.jpg",80
d6aa3564-a36c-4955-9ea9-c1f8ddee8735,"ﾎﾜｲﾄﾎﾟｲﾝﾄ CA        44","松風","https://shop.pdr.co.jp/g_images/series-434/series-434_01.jpg",80
8d72f870-cf6e-46de-9fe1-85479306507b,"ﾎﾜｲﾄﾎﾟｲﾝﾄ CA        44","松風","https://shop.pdr.co.jp/g_images/series-434/series-434_01.jpg",80
14c7a652-48fa-4849-9bd7-46505594dd0d,"ﾎﾜｲﾄﾎﾟｲﾝﾄ CA        60","松風","https://shop.pdr.co.jp/g_images/series-434/series-434_01.jpg",80
8c3206b9-be0c-451b-a4d5-b8a2ba9a3dd1,"ﾎﾜｲﾄﾎﾟｲﾝﾄ CA        60","松風","https://shop.pdr.co.jp/g_images/series-434/series-434_01.jpg",80
69f70670-e072-458c-ade9-52160494b594,"ﾎﾜｲﾄﾎﾟｲﾝﾄ CA 28 12入","松風","https://shop.pdr.co.jp/g_images/series-434/series-434_01.jpg",80
4847d76c-58f6-4a08-a09b-49a05d7191ee,"ﾎﾜｲﾄﾎﾟｲﾝﾄ CA 28 12入","松風","https://shop.pdr.co.jp/g_images/series-434/series-434_01.jpg",80
8985b0cf-ac9c-4767-a2db-91cb88ce4e6c,"ﾎﾜｲﾄﾎﾟｲﾝﾄ FG        57","松風","https://d15ihgh2blymmz.cloudfront.net/uploads/item_image/4548162040589/4548162040589_1.jpg",55
24c5ee5d-7b6b-4839-bd09-07eee781a92e,"ﾎﾜｲﾄﾎﾟｲﾝﾄ FG        57","松風","https://d15ihgh2blymmz.cloudfront.net/uploads/item_image/4548162040589/4548162040589_1.jpg",55
e463e962-ff3e-455f-82fa-d67e947a2f47,"ﾎﾜｲﾄﾎﾟｲﾝﾄ HP        44","松風","https://shop.pdr.co.jp/g_images/series-493/series-493_01.jpg",80
3d650f3c-e8d0-4509-8bfb-4e846b960ac7,"ﾎﾜｲﾄﾎﾟｲﾝﾄ HP        44","松風","https://shop.pdr.co.jp/g_images/series-493/series-493_01.jpg",80
311e94bf-b0c5-4033-92d6-2ca60d99cb88,"ﾏﾝﾄﾞﾚﾙ(ﾜﾝｸﾞﾛｽ用)6本 CA","松風","https://shop.r10s.jp/genki-sokai/cabinet/m_y040000-y044999/s_4600/y044786-000-000.jpg",55
75053f35-3a58-4df2-aa61-f7c9fbc53395,"ﾏﾝﾄﾞﾚﾙ(ﾜﾝｸﾞﾛｽ用)6本 CA","松風","https://shop.r10s.jp/genki-sokai/cabinet/m_y040000-y044999/s_4600/y044786-000-000.jpg",55
9b892158-6c36-4d6b-ab4b-05aad0659214,"ﾒﾀﾙﾘﾝｸ  5ML","松風","https://shop.r10s.jp/genki-sokai/cabinet/m_y050000-y054999/s_3000/y053011-000-000.jpg",55
7f322ce6-91a4-4de6-ab0b-272ac9ad662b,"ﾒﾀﾙﾘﾝｸ  5ML","松風","https://d15ihgh2blymmz.cloudfront.net/uploads/item_image/4548162035806/4548162035806_1.jpg",55
8a08d4b7-e8b2-476a-b84b-cee7a4232eb5,"ﾒﾙｻｰｼﾞｭ AP ﾌﾟﾛ 65g","松風","https://www.shofu.co.jp/pickup/merssage_professional_care/img/ap-plus_mainv_sp.png",100
9385545b-1ea4-480d-85c6-c22fdddd1217,"ﾒﾙｻｰｼﾞｭ AP ﾌﾟﾛ 65g","松風","https://www.shofu.co.jp/pickup/merssage_professional_care/img/ap-plus_mainv_sp.png",100
e00aaa6c-9b73-4c06-8af8-fb619f63bcf4,"ﾚｼﾞﾝ用筆混毛(ﾌﾟﾛﾋﾞﾅｲｽ用/3本入)","松風","https://d15ihgh2blymmz.cloudfront.net/uploads/item_image/4548162308627/4548162308627_1.jpg",55
50e83cca-ab29-48e3-b4a7-648d7a5b0233,"ﾚｼﾞﾝ用筆混毛(ﾌﾟﾛﾋﾞﾅｲｽ用/3本入)","松風","https://fordynet.fordy.jp/storage/products/20220204112726.jpg",55
0ad0f0f1-57ae-4cda-8707-f8d997e6ec4e,"口腔内撮影用ﾐﾗｰ Mi-5　74-905","松風","https://www.shofu.co.jp/pickup/dental_photography_kit/img/oral_rg_kit_top_sp.jpg",101
1f6d04ad-1a06-44f8-83b5-9d485650f9a3,"口腔内撮影用ﾐﾗｰ Mi-5　74-905","松風","https://www.shofu.co.jp/pickup/dental_photography_kit/img/oral_rg_kit_top_sp.jpg",101
5bc75ec4-81e4-4ea0-9f43-e73babe65c1c,"口腔内撮影用ﾐﾗｰ Mi-7　74-907","松風","https://www.shofu.co.jp/pickup/dental_photography_kit/img/oral_rg_kit_top_sp.jpg",101
908f2b40-262b-4c5f-8995-c46761a5a941,"口腔内撮影用ﾐﾗｰ Mi-7　74-907","松風","https://www.shofu.co.jp/pickup/dental_photography_kit/img/p_oral_rg_kit.jpg",100
62e202cd-809d-4e87-a86c-2094edae5de0,"咬合紙  赤 12枚×10冊","松風","https://shop.pdr.co.jp/g_images/series-355/series-355_01.jpg",80
d1ba2f8d-d8c0-48f1-9f4e-c8829260ea89,"咬合紙  赤 12枚×10冊","松風","https://shop.pdr.co.jp/g_images/series-355/series-355_01.jpg",80
e82a8bcc-25fc-440b-a172-6cf72e70bd19,"咬合紙 青 12枚×10冊","松風","https://shop.pdr.co.jp/g_images/series-355/series-355_01.jpg",80
4f07d30c-93c1-404b-9546-2f1c10403c66,"咬合紙 青 12枚×10冊","松風","https://shop.pdr.co.jp/g_images/series-355/series-355_01.jpg",80
f39d89c4-b037-4ff3-80af-b6a17be45af5,"松風ｵｰﾙｾﾗﾐｯｸﾌﾟﾚﾊﾟﾚｰｼｮﾝｷｯﾄ","松風","https://auctions.c.yimg.jp/images.auctions.yahoo.co.jp/image/dr000/auc0407/users/03daac45a81a27b93fd1e93764050dfea67fbd8b/i-img1200x1200-16900136109w1ip51761877.jpg",55
32d1224b-357d-49a7-a977-b5d2458c299e,"松風ｵｰﾙｾﾗﾐｯｸﾌﾟﾚﾊﾟﾚｰｼｮﾝｷｯﾄ","松風","https://auctions.c.yimg.jp/images.auctions.yahoo.co.jp/image/dr000/auc0407/users/03daac45a81a27b93fd1e93764050dfea67fbd8b/i-img1200x1200-16900136109w1ip51761877.jpg",55
820acf1a-3373-4ad9-a629-82dad3ebebae,"ﾎﾞｽﾐﾝ外用液0.1% 100ml","第一三共","https://maiplemedical.com/cdn/shop/products/03111647_513d8c2e5f8c1_1024x1024@2x.jpg?v=1736989589",55
2f0d98e9-1cce-43bf-afa6-a32446c63593,"ﾎﾞｽﾐﾝ外用液0.1% 100ml","第一三共","https://maiplemedical.com/cdn/shop/products/03111647_513d8c2e5f8c1_1024x1024@2x.jpg?v=1736989589",55
0d48e924-2b68-44aa-92c4-8f097ff0704b,"病院用ﾊｲﾀｰ 5L","花王","https://m.media-amazon.com/images/I/81Wx0Kle4SL._AC_SL1500_.jpg",70
c9386cea-1ad6-45ca-8af3-8c6c252a5d01,"3M ユニバーサルレジメントWP トランスルーセント5697-1W","","https://auctions.c.yimg.jp/images.auctions.yahoo.co.jp/image/dr000/auc0103/user/a74d471366cb47bc3219efe549159739c067c9620c3fd2beede87aa9a69d378b/i-img1200x1200-174188045488538eoqhb17985.jpg",55
0be0440d-ef10-4f8f-bcea-c7c6fed41a13,"コンクール","","https://www.weltecnet.co.jp/common/images/product/concoolf/sub-products-concoolf-01.png",55
e3e5666c-3e35-45c7-aa46-5066cff500f7,"ビーブランドメディコ フルオール・ゼリー歯科用2% 100g","","https://toyo-pharma.com/corp/wp-content/themes/medical-theme/products/img/fluoll_jelly_syasin01_100.jpg",51
5125feee-872a-4751-9f7d-5a445f5358ff,"フェザー安全剃刀 替刃メス #12 20枚入 ステンレス","","https://maiplemedical.com/cdn/shop/products/03081255_58bf80c138b05_580x.jpg?v=1605248284",55
0e4f45b6-2fb3-458f-bed3-49d838723a3c,"フタラール","","https://www.taihei-chem.co.jp/uploads/2022/05/d75296ab575c7d3b872a564b6f342c9f.jpg",55
ac44c384-3d24-44e5-9fc8-0eb227107c61,"ライオン Systema SP-T ジェル Plus 85g","","https://tshop.r10s.jp/kelly-s/cabinet/sptgelplus_01.jpg",75
